wed_date,thu_date,regime,DI_3m,DI_2y,IBOV,BRL
2013-01-02,2013-01-03,NC,-1.8999999999999573,0.9999999999998899,1.2114314589265263,0
2013-01-09,2013-01-10,NC,-2.5999999999999632,-4.000000000000115,0.1618246602907547,0.3718302918608196
2013-01-16,2013-01-17,C,1.9999999999999185,11.000000000000037,0.6560845837960017,NA
2013-01-23,2013-01-24,NC,1.0000000000000286,10.000000000000009,-1.2935949259142987,-0.3484686350631927
2013-01-30,2013-01-31,NC,0,2.999999999999947,0.7133471992066376,0.09560257699807728
2013-02-06,2013-02-07,NC,2.500000000000002,10.000000000000009,-0.9863574528960584,0.1511802812386165
2013-02-13,2013-02-14,NC,2.399999999999902,3.999999999999976,-0.5639118658546494,-0.23900672504294507
2013-02-20,2013-02-21,NC,0,-2.0000000000000573,-0.04080750487407414,0.3168155483446178
2013-02-27,2013-02-28,NC,-2.0000000000000573,-6.000000000000033,0.2622711176956116,-0.3892316971069065
2013-03-06,2013-03-07,C,2.1000000000000183,13.999999999999984,1.552721799862944,0.41696640279259567
2013-03-13,2013-03-14,NC,-4.499999999999921,-3.000000000000086,-0.18292987942292172,0.29971449570301845
2013-03-20,2013-03-21,NC,0,5.000000000000004,-0.8124288123033452,0.09075172131570719
2013-03-27,2013-03-28,NC,1.0000000000000286,3.999999999999976,0.5655504644991538,-0.23353196662476705
2013-04-03,2013-04-04,NC,-1.2000000000000899,-5.000000000000004,-1.6597470459378982,-0.40656163995385075
2013-04-10,2013-04-11,NC,2.999999999999947,2.0000000000000573,-1.408156278111683,0.08105507550674185
2013-04-17,2013-04-18,C,-23.999999999999993,-26.99999999999994,0.5355141571103061,-0.7741092394402793
2013-04-24,2013-04-25,NC,5.000000000000004,5.999999999999894,-0.03803631868493085,-0.46905730416658686
2013-05-08,2013-05-09,NC,1.0000000000000286,5.000000000000004,-0.6422177971668219,0.4289281681996937
2013-05-15,2013-05-16,NC,1.9999999999999185,5.000000000000004,-0.29859004621695107,0.1335734015301071
2013-05-22,2013-05-23,NC,0,2.999999999999947,-0.14073521921105225,-0.22022238587429133
2013-05-29,2013-05-31,C,27.000000000000078,41.99999999999996,-2.0873736683439503,NA
2013-06-05,2013-06-06,NC,0.49999999999994493,17.99999999999996,0.16312868468837394,0.10817280916517458
2013-06-12,2013-06-13,NC,-3.999999999999976,-34,2.4787737822027367,-1.6817296406852922
2013-06-19,2013-06-20,NC,3.999999999999976,15.000000000000014,0.6687745102841092,1.4063090417806623
2013-06-26,2013-06-27,NC,-2.0000000000000573,-14.999999999999874,0.9231408739788449,0.44271358611137623
2013-07-03,2013-07-04,NC,0.7999999999999674,6.000000000000033,1.5838944781338071,-0.7717262686331883
2013-07-10,2013-07-11,C,-1.4999999999999736,11.999999999999927,2.48158179229101,-0.813729647959549
2013-07-17,2013-07-18,NC,0,-5.000000000000004,0.5251408939628277,-0.04948927608982023
2013-07-24,2013-07-25,NC,2.999999999999947,5.000000000000004,1.421438208418735,-0.129335042156431
2013-07-31,2013-08-01,NC,2.0000000000000573,31.999999999999947,1.8614914651513104,1.2022228210828656
2013-08-07,2013-08-08,NC,1.0000000000000286,-5.000000000000004,3.0759402417267268,-1.117279368313151
2013-08-14,2013-08-15,NC,3.999999999999976,4.000000000000115,0.024399764924609713,0.6996771696710757
2013-08-21,2013-08-22,NC,8.00000000000009,-6.000000000000033,1.9498301774618199,-0.6270141675437824
2013-08-28,2013-08-29,C,2.999999999999947,27.999999999999968,0.11015265351854708,0.5789021765391533
2013-09-04,2013-09-05,NC,-0.6000000000000449,-0.9999999999998899,1.2217161563711443,-1.598939934274568
2013-09-11,2013-09-12,NC,0,15.999999999999904,-0.49284537884162205,0.035203518406945467
2013-09-18,2013-09-19,NC,0,-25.99999999999991,-1.0960718526073165,0.6620833156088191
2013-09-25,2013-09-26,NC,3.999999999999976,13.999999999999984,-0.8850889773572845,0.7036804526030505
2013-10-02,2013-10-03,NC,-0.30000000000002247,-8.00000000000009,-1.1560309986704098,0.6963293771088064
2013-10-09,2013-10-10,C,6.800000000000001,14.999999999999874,0.8506996487845697,-1.1598797941234085
2013-10-16,2013-10-17,NC,1.799999999999996,1.9999999999999185,-1.1046435745162952,-0.9039471539178168
2013-10-23,2013-10-24,NC,1.0000000000000286,1.9999999999999185,-1.0204845424778952,0.6519373751151525
2013-10-30,2013-10-31,NC,0.9999999999998899,11.000000000000037,0.15379649550499863,-0.041256454692950584
2013-11-06,2013-11-07,NC,1.6000000000000736,15.000000000000014,-1.2133154904867993,0.22808675759056207
2013-11-13,2013-11-14,NC,1.5000000000001124,-12.000000000000066,2.311397674393234,-0.06009331427828668
2013-11-27,2013-11-28,C,-3.000000000000086,-17.99999999999996,-0.027731697739419303,1.4369961178889334
2013-12-04,2013-12-05,NC,3.2999999999999696,-12.999999999999956,1.1323301923090057,0.6301262253843198
2013-12-11,2013-12-12,NC,-2.0000000000000573,-6.000000000000033,0.10703706795780477,1.408082404783706
2013-12-18,2013-12-19,NC,5.000000000000004,13.000000000000094,2.094074320112327,0.5381817084445961
2014-01-08,2014-01-09,NC,1.900000000000096,-0.9999999999998899,-2.5126068640199506,0.9788526301554468
2014-01-15,2014-01-16,C,19.99999999999988,16.000000000000043,-0.8198106768910307,0.16570933611735894
2014-01-22,2014-01-23,NC,0.9999999999998899,17.99999999999996,-2.0058385901181808,0.4992205051991272
2014-01-29,2014-01-30,NC,5.000000000000004,16.000000000000043,-0.6593200498866025,0.37069374393970955
2014-02-05,2014-02-06,NC,1.0000000000000286,-3.000000000000086,2.3605816963133464,-0.4539886097175705
2014-02-12,2014-02-13,NC,1.0000000000000286,-7.999999999999952,-0.8415361089618045,0.6475186820277923
2014-02-19,2014-02-20,NC,-2.999999999999947,-18.99999999999999,0.2917850799478927,0.12145863075170293
2014-02-26,2014-02-27,C,-6.000000000000033,-5.999999999999894,2.1390969708239282,0.39259656658241493
2014-03-05,2014-03-06,NC,5.000000000000004,5.000000000000004,1.0762668746261639,-0.880757738203819
2014-03-12,2014-03-13,NC,-0.30000000000002247,5.000000000000004,-0.915568676406231,-0.301382121791971
2014-03-19,2014-03-20,NC,1.0000000000000286,5.000000000000004,1.515814880778521,0.6504045004591341
2014-03-26,2014-03-27,NC,1.0000000000000286,-6.000000000000033,3.4449440037507273,-0.7040371193122508
2014-04-02,2014-04-03,C,3.999999999999976,-4.000000000000115,-0.5680203453424681,0.506436467749638
2014-04-09,2014-04-10,NC,-1.0000000000000286,2.0000000000000573,-0.11322133867661677,1.0307568150163426
2014-04-16,2014-04-17,NC,-1.0000000000000286,-12.000000000000066,1.7641900628365903,-0.4477882580421588
2014-04-23,2014-04-24,NC,2.0000000000000573,1.0000000000000286,0.4792868325528943,-0.4020844758868991
2014-04-30,2014-05-02,NC,-1.4999999999999736,-8.99999999999998,2.5881548268568366,NA
2014-05-07,2014-05-08,NC,1.8999999999999573,7.999999999999952,-1.173066449845095,-0.04517404686771309
2014-05-14,2014-05-15,NC,-1.0000000000000286,2.999999999999947,-1.0289365326734412,0.7202212705926692
2014-05-21,2014-05-22,NC,-2.0000000000000573,-13.999999999999984,1.1481934612588063,0.2581524104430355
2014-05-28,2014-05-29,C,-2.0000000000000573,-2.0000000000000573,-0.7635686874234437,-0.17973526192934797
2014-06-04,2014-06-05,NC,-0.5999999999999062,-11.999999999999927,-0.5303916216574223,-0.84295360805412
2014-06-11,2014-06-13,NC,-0.09999999999996123,-11.000000000000037,-0.5382643803050868,NA
2014-06-18,2014-06-20,NC,-0.8999999999999286,6.000000000000033,-1.0275877918390464,NA
2014-06-25,2014-06-26,NC,0.9999999999998899,1.9999999999999185,0.1515161865173198,-0.49559208370106855
2014-07-02,2014-07-03,NC,-0.49999999999994493,-5.000000000000004,1.5823967531206407,-0.6999224137751336
2014-07-16,2014-07-17,C,-1.0000000000000286,-8.00000000000009,-0.1434153956378026,1.5504842269214891
2014-07-23,2014-07-24,NC,2.999999999999947,15.000000000000014,0.9664061059625695,-0.02707443333479498
2014-07-30,2014-07-31,NC,0,-2.0000000000000573,-1.8607304216590848,0.7371211777215003
2014-08-06,2014-08-07,NC,1.9999999999999185,7.000000000000062,-0.5309608913234953,1.0252485599093974
2014-08-13,2014-08-14,NC,-0.7999999999999674,-10.000000000000009,0.35778978125993177,-0.6428358759552832
2014-08-20,2014-08-21,NC,0.20000000000006124,11.000000000000037,0.19321234801452647,0.41997484714815236
2014-08-27,2014-08-28,NC,-2.999999999999947,-1.0000000000000286,-1.0882525160388568,-0.2856576680249523
2014-09-03,2014-09-04,C,1.0000000000000286,11.999999999999927,-1.6912419754893548,0.23696365175542855
2014-09-10,2014-09-11,NC,-0.09999999999996123,-10.000000000000009,0.23791811092266357,0.4235643696825053
2014-09-17,2014-09-18,NC,0.6000000000000449,16.999999999999932,-1.2490685464644713,0.3348524814843379
2014-09-24,2014-09-25,NC,0,10.000000000000009,-1.5291844398095833,1.9065627925422213
2014-10-01,2014-10-02,NC,2.0000000000000573,-1.0000000000000286,1.241148884163934,0.4181942222503121
2014-10-08,2014-10-09,NC,1.4999999999999736,2.999999999999947,0.36570896332595026,0.8765184503055856
2014-10-15,2014-10-16,NC,5.000000000000004,17.99999999999996,-3.327084233012556,0.5489705526726896
2014-10-22,2014-10-23,NC,-2.0000000000000573,17.00000000000007,-3.2929650495535867,0.45783151705798275
2014-10-29,2014-10-30,C,39.00000000000001,30.00000000000003,2.490810548706257,-0.016276093800604574
2014-11-05,2014-11-06,NC,3.4000000000000696,25.00000000000002,-1.9963143969651043,0.2962860761845487
2014-11-12,2014-11-13,NC,0.5999999999999062,7.999999999999952,-2.161516759818305,0.34001526676622484
2014-11-19,2014-11-21,NC,-1.9999999999999185,-30.999999999999915,4.898791376999867,-0.36512979849073757
2014-11-26,2014-11-27,NC,0,-5.000000000000004,-0.6868552247878412,-1.1622051812236633
2014-12-03,2014-12-04,C,-5.500000000000088,-11.999999999999927,-1.7227082904542002,-0.6179135703104355
2014-12-10,2014-12-11,NC,0,11.000000000000037,0.6311867794531523,0.9072488116500077
2014-12-17,2014-12-18,NC,-5.999999999999894,-4.000000000000115,-0.44839387892761096,-0.8518202429817823
2015-01-07,2015-01-08,NC,-1.0000000000000286,-1.9999999999997797,0.9665266178542353,-0.5876462578989661
2015-01-14,2015-01-15,NC,-1.0000000000000286,-8.99999999999998,0.7953033060541514,-1.0472953268710783
2015-01-21,2015-01-22,C,3.999999999999976,12.999999999999956,0.44298706124994425,-0.5337867694420906
2015-01-28,2015-01-29,NC,-1.0000000000000286,1.0000000000000286,0.1418443223224486,0.147796919905141
2015-02-04,2015-02-05,NC,3.500000000000031,16.999999999999794,-0.1363983937030966,1.7387332798824429
2015-02-11,2015-02-12,NC,1.3000000000000511,-10.000000000000009,2.6451749705190153,1.2077521558891968
2015-02-18,2015-02-19,NC,0,9.000000000000119,0.02665382671231953,0.2933042994098356
2015-02-25,2015-02-26,NC,1.9999999999997797,2.999999999999947,-0.09747850471164554,0.4121635035917004
2015-03-04,2015-03-05,C,-0.5000000000002225,15.000000000000014,-0.2040002393426832,1.4747761357912559
2015-03-11,2015-03-12,NC,2.1000000000001573,17.99999999999996,-0.051500226426171025,0.812399953053311
2015-03-18,2015-03-19,NC,1.0000000000001674,25.00000000000002,-1.1176181214374026,-0.8693962239078479
2015-03-25,2015-03-26,NC,0,5.999999999999894,-2.496172337179914,1.9294829889987541
2015-04-01,2015-04-02,NC,0.9999999999998899,-2.0000000000000573,1.5198010234890091,-1.3393965557155552
2015-04-08,2015-04-09,NC,2.1999999999999797,10.999999999999899,0.26343777416784064,0.30157351611168615
2015-04-15,2015-04-16,NC,2.8000000000000247,9.000000000000119,-0.44625207333002237,-0.24153871307761587
2015-04-22,2015-04-23,NC,0,2.999999999999947,1.935633618398569,-1.2287350627436355
2015-04-29,2015-04-30,C,10.000000000000009,22.000000000000075,1.6209268424042023,1.958550634736067
2015-05-06,2015-05-07,NC,5.000000000000004,12.000000000000066,-0.31879132310201896,-0.24462939885048218
2015-05-13,2015-05-14,NC,-1.0000000000001674,-7.999999999999952,0.5034665135109861,-1.5465549280238466
2015-05-20,2015-05-21,NC,2.0000000000000573,0.9999999999998899,0.3836457956047923,1.1592633206548575
2015-05-27,2015-05-28,NC,1.0000000000001674,-10.000000000000009,-0.4804998538091354,0.6511766136503505
2015-06-03,2015-06-05,C,5.000000000000004,3.999999999999837,-1.0320265253058736,NA
2015-06-10,2015-06-11,NC,1.0999999999999899,12.000000000000066,-0.34942644647149024,-0.8675951453096076
2015-06-17,2015-06-18,NC,1.4999999999998348,3.0000000000002247,1.8422261345746094,0.2422985295111868
2015-06-24,2015-06-25,NC,2.0000000000000573,15.000000000000014,-1.2462902460173453,0.948667208603271
2015-07-01,2015-07-02,NC,-4.4999999999997815,-24.999999999999744,0.6586794672871932,-1.6508057619488037
2015-07-08,2015-07-10,NC,-4.9000000000001815,-17.00000000000007,1.5502100856483736,NA
2015-07-15,2015-07-16,NC,0.49999999999994493,-2.0000000000000573,0.316064794482962,0.47723250431543907
2015-07-22,2015-07-23,NC,5.000000000000004,42.999999999999986,-2.202498823380594,1.9803832384436948
2015-07-29,2015-07-30,C,-5.000000000000004,-45.00000000000004,-0.6944928652355742,1.4011322748760602
2015-08-05,2015-08-06,NC,12.400000000000189,50.999999999999936,-0.5502583760696567,1.362739238568711
2015-08-12,2015-08-13,NC,0,0.9999999999998899,-0.7852518004986209,1.2638834428127188
2015-08-19,2015-08-20,NC,-2.0000000000000573,-10.000000000000009,0.13050528023992314,-0.8782012815112594
2015-08-26,2015-08-27,NC,-2.999999999999947,-11.000000000000176,3.5782809545626293,-1.2289675855636784
2015-09-02,2015-09-03,C,-4.899999999999904,-7.999999999999952,1.9224968831634826,-0.504752267601849
2015-09-09,2015-09-10,NC,6.299999999999917,37.99999999999998,-0.32867832323866253,1.819944109436511
2015-09-16,2015-09-17,NC,-1.6000000000002124,15.000000000000014,-0.0041604808698636475,1.6269832657593186
2015-09-23,2015-09-24,NC,-27.000000000000078,-80.99999999999996,-0.10625378970168242,-5.973575835502087
2015-09-30,2015-10-01,NC,5.499999999999949,17.00000000000007,0.5619637814282541,1.3367965274626137
2015-10-07,2015-10-08,NC,-7.000000000000062,-22.000000000000075,0.39222309787110277,-2.5685971745403435
2015-10-14,2015-10-15,NC,-5.1000000000001044,-24.00000000000013,0.9602980234781455,-0.38423223178498667
2015-10-21,2015-10-22,C,-8.499999999999897,-7.000000000000062,1.5744961224367415,-0.8776743352024718
2015-10-28,2015-10-29,NC,-2.999999999999947,2.999999999999947,-2.408906684315504,0.3547325024008341
2015-11-04,2015-11-05,NC,-0.49999999999994493,10.000000000000009,0.7031589328327925,0.7536984536922198
2015-11-11,2015-11-12,NC,-0.9000000000000674,5.000000000000004,-0.3862543224791182,0.46615595170360624
2015-11-18,2015-11-19,NC,-3.499999999999892,-26.00000000000019,1.4717797392387766,-1.0877400048657782
2015-11-25,2015-11-26,C,-1.5000000000001124,23.999999999999854,0.5935413510469445,1.1619910495550334
2015-12-02,2015-12-03,NC,0.49999999999994493,9.000000000000119,3.2392839644220572,-0.47638498954449826
2015-12-09,2015-12-10,NC,2.500000000000002,20.000000000000018,-1.040616889666346,-1.9002316247882067
2015-12-16,2015-12-17,NC,-2.999999999999947,-10.999999999999899,0.5441690855269243,-0.33338522590333763
2016-01-06,2016-01-07,NC,0.800000000000245,13.999999999999845,-2.615519495005003,-0.1739814968469977
2016-01-13,2016-01-14,NC,0.9999999999998899,3.0000000000002247,1.4167188533704689,-0.27613902878038665
2016-01-20,2016-01-21,C,-30.999999999999915,-35.99999999999992,0.19009442371746843,1.0539508854604307
2016-01-27,2016-01-28,NC,-5.000000000000004,-30.00000000000003,0.6592450104450975,0.9300370126782864
2016-02-03,2016-02-04,NC,2.500000000000002,22.999999999999964,3.066803509852889,-2.361239338053922
2016-02-10,2016-02-11,NC,-1.5000000000001124,7.999999999999952,-2.6559854554681905,1.1475840685853056
2016-02-17,2016-02-18,NC,0.5000000000002225,6.000000000000172,-0.36862723800012986,-2.029061090850126
2016-02-24,2016-02-25,NC,0,10.000000000000009,-0.46836875544595813,0.0227628100806454
2016-03-02,2016-03-03,C,0.6000000000000449,-7.000000000000062,4.996126778908483,-0.8372489657910265
2016-03-09,2016-03-10,NC,-0.49999999999994493,-17.00000000000007,1.844606737235388,-2.0405623617103297
2016-03-16,2016-03-17,NC,-0.49999999999994493,-31.000000000000195,6.387332990604477,-0.6854390151671774
2016-03-23,2016-03-24,NC,0.49999999999994493,17.99999999999996,-0.06572892962690702,2.8191819690119857
2016-03-30,2016-03-31,NC,0.49999999999994493,23.00000000000024,-2.356674970231687,-0.2673173556743569
2016-04-06,2016-04-07,NC,0.09999999999982245,7.999999999999952,0.8629860986873794,1.2624853287320326
2016-04-13,2016-04-14,NC,-1.7000000000000348,-12.000000000000066,-1.399841067550156,-0.6029277008833933
2016-04-20,2016-04-22,NC,1.5000000000001124,4.000000000000115,-1.3573854819496134,NA
2016-04-27,2016-04-28,C,1.4999999999998348,7.999999999999952,-0.304845159873679,-1.194095801053363
2016-05-04,2016-05-05,NC,0.700000000000145,-6.000000000000172,-1.6920718376441712,-0.3475320260960757
2016-05-11,2016-05-12,NC,-0.3999999999998449,-2.0000000000000573,0.8996740769909195,0.8694287696064729
2016-05-18,2016-05-19,NC,-0.6000000000000449,-12.999999999999956,-0.8524273907994484,0.06741920667219237
2016-05-25,2016-05-27,NC,-0.9999999999998899,14.000000000000124,-0.8755582179285071,NA
2016-06-01,2016-06-02,NC,0.19999999999992246,-9.000000000000119,1.768683057735565,-0.30399879464930724
2016-06-08,2016-06-09,C,4.200000000000037,13.999999999999984,-0.9943462682363347,1.1372152726955465
2016-06-15,2016-06-16,NC,0.9999999999998899,-1.9999999999997797,1.0106634271537018,-0.23375042086122289
2016-06-22,2016-06-23,NC,0,-7.000000000000062,2.759836338841737,-1.111572854861853
2016-06-29,2016-06-30,NC,0,5.999999999999894,1.0241502614254827,-0.9839494009848293
2016-07-06,2016-07-07,NC,0.4000000000001225,-4.000000000000115,0.217193802063953,1.0197321180680285
2016-07-13,2016-07-14,NC,0.49999999999994493,1.9999999999999185,1.6035715984795473,-0.4055318814599973
2016-07-20,2016-07-21,C,3.999999999999837,12.999999999999956,0.1120654930163667,0.4876306239250061
2016-07-27,2016-07-28,NC,-1.0000000000001674,5.000000000000004,-0.3272203092450354,0.7124847124892142
2016-08-03,2016-08-04,NC,0,-7.000000000000062,0.901682909115209,-1.485666722952672
2016-08-10,2016-08-11,NC,0.19999999999992246,-2.0000000000000573,2.395198523149311,0.45659576166767746
2016-08-17,2016-08-18,NC,0.49999999999994493,7.000000000000062,-0.2663858662078411,1.027532552256294
2016-08-24,2016-08-25,NC,-1.0000000000001674,1.0000000000000286,0.007363131728688188,0.1550038869144288
2016-08-31,2016-09-01,C,-2.500000000000002,-21.000000000000046,0.5771802122092495,0.8396142382387728
2016-09-14,2016-09-15,NC,-0.4000000000001225,-5.999999999999894,1.4787219728335188,-1.3156296210086849
2016-09-21,2016-09-22,NC,-5.499999999999949,-10.999999999999899,1.0226681130365733,0.23029406380989936
2016-09-28,2016-09-29,NC,1.9999999999997797,3.999999999999976,-1.7080211792116273,1.281458063858243
2016-10-05,2016-10-06,NC,-2.399999999999902,-6.000000000000033,0.645005676257604,0.26995168089294364
2016-10-19,2016-10-20,C,14.49999999999979,12.000000000000066,0.5218183642972107,-0.8564396058943657
2016-10-26,2016-10-27,NC,0,0,0.6618324440694323,0.8407272596091531
2016-11-09,2016-11-10,NC,4.5000000000000595,22.999999999999964,-3.3062999692878847,2.027843457455547
2016-11-16,2016-11-17,NC,-1.4000000000000123,8.99999999999998,-1.6408595225819056,0.2611591905135713
2016-11-23,2016-11-24,NC,-0.9999999999998899,2.0000000000000573,-0.9569908626529511,1.9869044271558112
2016-11-30,2016-12-01,C,7.500000000000007,36.99999999999995,-3.953653676565061,-1.3848385299961352
2016-12-07,2016-12-08,NC,-0.9999999999998899,-3.000000000000086,-1.208687330690772,-0.727773653754471
2016-12-14,2016-12-15,NC,-1.5000000000001124,-13.000000000000094,0.3156725553630224,1.0383209811362981
2016-12-21,2016-12-22,NC,0,-5.000000000000004,-0.681106330884873,-0.8295307470301383
2016-12-28,2016-12-29,NC,-0.49999999999994493,-4.000000000000115,0.7426982688290451,0.39988903629442074
2017-01-04,2017-01-05,NC,-7.200000000000262,-12.000000000000066,0.7794473928587564,-1.525288686786186
2017-01-11,2017-01-12,C,-22.999999999999964,-35.99999999999992,2.38566335298529,0.05633286349233657
2017-01-18,2017-01-19,NC,-4.499999999999921,-8.00000000000009,-0.31024120587463955,0.6149644460213821
2017-02-01,2017-02-02,NC,-0.10000000000010001,-4.000000000000115,-0.3985808085458231,-0.704036667404484
2017-02-08,2017-02-09,NC,-1.0000000000000286,-1.0000000000000286,0.19950656955014523,-0.025668078832463692
2017-02-15,2017-02-16,NC,-2.500000000000002,8.99999999999998,-0.23763206390956526,-0.8179536151152744
2017-02-22,2017-02-23,C,0.5000000000000837,-16.000000000000043,-1.6584610747681694,-1.0266163009638785
2017-03-01,2017-03-02,NC,-0.09999999999996123,5.000000000000004,-1.7072193679490866,-0.6391018595229392
2017-03-08,2017-03-09,NC,0,5.000000000000004,-0.20537775646172207,1.383246440638164
2017-03-15,2017-03-16,NC,-1.4999999999999736,1.0000000000000286,-0.6847895364426648,-2.037240627485337
2017-03-22,2017-03-23,NC,0,5.000000000000004,0.014875786033563543,-0.06481604435160104
2017-03-29,2017-03-30,NC,2.500000000000002,7.000000000000062,-0.40108847534927605,0.8166160967117753
2017-04-05,2017-04-06,NC,-2.0000000000000573,6.000000000000033,-0.8558979136985556,0.6995584707843339
2017-04-12,2017-04-13,C,0.8999999999999286,3.000000000000086,-1.6815535671470982,0.6032644795989084
2017-04-19,2017-04-20,NC,-1.4999999999999736,-1.0000000000000286,0.556196609047177,-0.03812182677513931
2017-04-26,2017-04-27,NC,-1.0000000000000286,3.999999999999976,-0.28620088925226383,0.3148515175936728
2017-05-03,2017-05-04,NC,-0.09999999999996123,2.0000000000000573,-1.8803456165713328,0.7184517521225953
2017-05-10,2017-05-11,NC,-4.5000000000000595,-10.999999999999899,0.2785882432695175,-0.8469928748434219
2017-05-17,2017-05-18,NC,40.800000000000004,156.00000000000003,-9.21097366784469,7.249728667927058
2017-05-24,2017-05-25,NC,0,-10.999999999999899,-0.04833808098325676,-0.02138146092751647
2017-05-31,2017-06-01,C,2.999999999999947,18.99999999999999,-0.6767226366884316,0.7383308938349931
2017-06-07,2017-06-08,NC,1.199999999999951,1.0000000000000286,-0.6593721949490927,-0.2359457084234684
2017-06-14,2017-06-16,NC,-1.7000000000000348,-11.000000000000037,-0.47998733666769766,NA
2017-06-21,2017-06-22,NC,-0.9999999999998899,0,0.8366081362913391,0.1888170239000342
2017-06-28,2017-06-29,NC,0,3.000000000000086,0.3556827788239403,0.7049354620554782
2017-07-05,2017-07-06,NC,-0.9000000000000674,-1.0000000000000286,-1.0887155843413154,0.3128705494001238
2017-07-12,2017-07-13,NC,-1.6000000000000736,2.0000000000000573,0.5273141112871471,0.0997398835230312
2017-07-19,2017-07-20,NC,-3.999999999999976,-7.999999999999952,-0.3718323504211085,-0.935196923155579
2017-07-26,2017-07-27,C,-15.000000000000014,-17.99999999999996,0.40957029867030315,0.48012054056187914
2017-08-02,2017-08-03,NC,-1.0000000000000286,-5.000000000000004,-0.5359607169667768,-0.02249455937657352
2017-08-09,2017-08-10,NC,-1.4000000000000123,2.999999999999947,-1.0084210925930037,0.6734269740680254
2017-08-16,2017-08-17,NC,-1.0000000000000286,11.000000000000037,-0.9042971733354221,0.6925237782842819
2017-08-23,2017-08-24,NC,-3.999999999999976,-8.00000000000009,0.9253057430507639,0.2290879623530362
2017-08-30,2017-08-31,NC,-0.5000000000000837,-6.000000000000033,-0.07225449135379591,-0.40603972395707455
2017-09-06,2017-09-08,C,-0.09999999999996123,-0.9999999999998899,-0.4553999692165078,NA
2017-09-13,2017-09-14,NC,-1.5000000000001124,-5.999999999999894,-0.17515567473331828,-0.4320206271234195
2017-09-20,2017-09-21,NC,-2.0000000000000573,-7.000000000000062,-0.5274255113523196,0.12450085774498021
2017-09-27,2017-09-28,NC,-0.5000000000000837,0.9999999999998899,-0.3114332718013202,-0.3452149358280421
2017-10-04,2017-10-05,NC,-1.0999999999999899,11.000000000000037,0.03404500657406828,0.610924859122397
2017-10-11,2017-10-13,NC,-1.2999999999999123,-1.0000000000000286,0.42952347454221496,NA
2017-10-18,2017-10-19,NC,-2.999999999999947,-5.000000000000004,-0.4028545244919357,-0.16416449397649302
2017-10-25,2017-10-26,C,-1.9999999999999185,25.00000000000002,-1.015664229814739,1.6969582747210055
2017-11-01,2017-11-03,NC,-0.49999999999994493,7.999999999999952,0.1241106444197726,-0.15303715937886597
2017-11-08,2017-11-09,NC,0.09999999999996123,3.999999999999976,-1.9450716411745006,-0.5765655130351544
2017-11-22,2017-11-23,NC,-2.999999999999947,-4.000000000000115,-0.04323334186100425,-1.061705206332686
2017-11-29,2017-11-30,NC,0,0,-1.0084453184841635,1.0876234608802715
2017-12-06,2017-12-07,C,-1.4999999999999736,5.999999999999894,-1.0715147086564514,-0.18534098876021865
2017-12-13,2017-12-14,NC,1.0000000000000286,6.000000000000033,-0.6679385127903004,0.16636692539040432
2017-12-20,2017-12-21,NC,0,-1.0000000000000286,2.3790947391878703,0.2429734515571491
2017-12-27,2017-12-28,NC,0,-2.0000000000000573,0.43225621825921934,0.10870851671955784
2018-01-03,2018-01-04,NC,-0.10000000000010001,0,0.8328051923880864,-0.686864674261245
2018-01-10,2018-01-11,NC,2.1000000000000183,-1.0000000000000286,1.4786072487122937,-0.6302946094349782
2018-01-17,2018-01-18,NC,-0.49999999999994493,-1.0000000000000286,-0.2793803502189718,-0.01552241856896952
2018-01-24,2018-01-26,NC,1.9999999999999185,-3.000000000000086,2.1877012343248126,-2.7765683814060083
2018-01-31,2018-02-01,NC,0.8999999999999286,0,0.6837031997859455,0.16341127787302678
2018-02-07,2018-02-08,C,-2.1000000000000183,-4.000000000000115,-1.5024087333610936,1.1225180849349314
2018-02-14,2018-02-15,NC,-1.4999999999999736,-5.000000000000004,0.8910442172666677,-2.396275556336702
2018-02-21,2018-02-22,NC,1.0000000000000286,1.9999999999999185,0.7347912600952355,0.40785538239602737
2018-02-28,2018-03-01,NC,-2.899999999999986,-2.999999999999947,0.02833690999857197,-0.1139641851093609
2018-03-07,2018-03-08,NC,0,-5.999999999999894,-0.5853778497431961,1.0820285975208899
2018-03-14,2018-03-15,NC,-0.7999999999999674,2.0000000000000573,-1.3133485256876298,-0.006131306989498597
2018-03-21,2018-03-22,C,-9.000000000000119,-21.999999999999936,-0.24591093327082092,-1.0940034506483176
2018-03-28,2018-03-29,NC,1.0000000000000286,-1.0000000000000286,1.762539888120429,-0.477140469735593
2018-04-04,2018-04-05,NC,0,-3.999999999999976,1.002512681343859,0.41683721044820654
2018-04-11,2018-04-12,NC,-1.0000000000000286,-5.000000000000004,0.23193052811976145,1.1173291959173604
2018-04-18,2018-04-19,NC,0,2.999999999999947,0.055710723400537177,0.16568469192554947
2018-04-25,2018-04-26,NC,1.500000000000043,-2.999999999999947,1.5619856991753167,-0.19266555261983065
2018-05-02,2018-05-03,NC,0.3999999999999837,5.000000000000004,-1.500249516240082,-0.650068784129032
2018-05-09,2018-05-10,NC,-2.500000000000002,-18.99999999999999,1.8759629039633907,-1.1429042357758545
2018-05-16,2018-05-17,C,22.50000000000002,20.000000000000018,-3.426567603641928,0.5617757477239138
2018-05-23,2018-05-24,NC,2.500000000000002,7.000000000000062,-0.9255073839353756,0.618663719864676
2018-05-30,2018-06-01,NC,-1.4999999999999736,-3.999999999999976,0.6313799698361322,NA
2018-06-06,2018-06-07,NC,27.400000000000063,50.00000000000004,-3.0218741893218493,1.4798655962426466
2018-06-13,2018-06-14,NC,19.499999999999932,54.00000000000002,-0.9766466635564797,2.265206475145165
2018-06-20,2018-06-21,C,-6.500000000000117,0.9999999999998899,-2.8814009517230232,-0.10618111816271814
2018-06-27,2018-06-28,NC,-4.5000000000000595,-13.999999999999984,1.6260454627834875,-0.015547426492124039
2018-07-04,2018-07-05,NC,3.500000000000031,1.9999999999999185,-0.2546081255024646,0.5177041683795958
2018-07-11,2018-07-12,NC,0.8999999999999286,8.99999999999998,1.9403385814095842,0.11860686109832486
2018-07-18,2018-07-19,NC,-1.4000000000000123,-8.99999999999998,0.1604138762795415,-0.5392247135510786
2018-07-25,2018-07-26,NC,0.49999999999994493,0,-1.0182931494203018,1.558429895973279
2018-08-01,2018-08-02,C,-1.4999999999999736,2.999999999999947,0.4215980817010134,0.03735608297736892
2018-08-08,2018-08-09,NC,0.7999999999999674,7.999999999999952,-0.48595682415779606,0.7794210746041585
2018-08-15,2018-08-16,NC,-1.0000000000000286,2.999999999999947,-0.33630487337799053,0.0845653611957875
2018-08-22,2018-08-23,NC,8.499999999999897,28.000000000000107,-1.6633038502632758,1.8505381557227807
2018-08-29,2018-08-30,NC,14.499999999999929,34,-2.5645210631269677,1.0443360330568252
2018-09-05,2018-09-06,NC,-10.000000000000009,-39.00000000000001,1.747473601027849,-2.0926497840201064
2018-09-12,2018-09-13,NC,2.999999999999947,20.000000000000018,-0.5849100747976621,1.0807266431789975
2018-09-19,2018-09-20,C,-7.000000000000062,2.999999999999947,-0.06736425091773413,-1.3233886687916252
2018-09-26,2018-09-27,NC,-0.5000000000000837,-11.000000000000037,1.6941811557623865,-0.46749430935131286
2018-10-03,2018-10-04,NC,0.3999999999999837,-2.0000000000000573,-0.3857278554255217,-0.6817357128212853
2018-10-10,2018-10-11,NC,-2.3000000000000798,-7.999999999999952,-0.910017192414081,0.7085739926105505
2018-10-17,2018-10-18,NC,0.5000000000000837,13.999999999999984,-2.260373099853119,0.9208208269749996
2018-10-24,2018-10-25,NC,0.49999999999994493,2.0000000000000573,1.2204373786758538,-0.704684349464868
2018-10-31,2018-11-01,C,-0.49999999999994493,-1.9999999999999185,1.1322746997795008,0.7039506855622379
2018-11-07,2018-11-08,NC,1.0000000000000286,6.999999999999923,-2.416497614314217,-0.7876896640902631
2018-11-14,2018-11-16,NC,-0.4000000000001225,-11.000000000000037,2.914108813833849,-0.5010705335632748
2018-11-21,2018-11-22,NC,0,0,0.2387920897659157,1.0699482283021977
2018-11-28,2018-11-29,NC,-1.0000000000000286,2.0000000000000573,0.5126732000704237,-0.6293181981260609
2018-12-05,2018-12-06,NC,-1.0000000000000286,-5.000000000000004,-0.21734117462930413,0.42236153247556807
2018-12-12,2018-12-13,C,-0.49999999999994493,-13.999999999999984,0.9840536509443609,-1.2505496630510038
2018-12-19,2018-12-20,NC,1.0000000000000286,-8.00000000000009,-0.47294262469694814,-0.376585200546109
2018-12-26,2018-12-27,NC,0.49999999999994493,-2.0000000000000573,0.379961759927383,0.4550421797642201
2019-01-02,2019-01-03,NC,-0.7000000000000062,5.000000000000004,0.6046138901089293,-2.4420100460973426
2019-01-09,2019-01-10,NC,-0.09999999999996123,8.99999999999998,0.20583833911942406,-0.8765786525628316
2019-01-16,2019-01-17,NC,-1.0000000000000286,-5.999999999999894,1.0097998169236178,0.4804924365730212
2019-01-23,2019-01-24,NC,-1.9999999999999185,1.0000000000000286,1.1519847026471908,-1.31235189297787
2019-01-30,2019-01-31,NC,-0.9999999999998899,-7.999999999999952,0.4090134636689058,-1.0027202883468034
2019-02-06,2019-02-07,C,0.5999999999999062,12.999999999999956,-0.2433016188417625,0.7171045144007904
2019-02-13,2019-02-14,NC,-0.9000000000000674,-7.000000000000062,2.2416268306093556,1.2116191080055794
2019-02-20,2019-02-21,NC,0.49999999999994493,1.0000000000000286,0.4005233880040038,0.05372263082428219
2019-02-27,2019-02-28,NC,0.49999999999994493,7.999999999999952,-1.7865113878109184,-0.5298146301649265
2019-03-06,2019-03-07,NC,-0.6000000000000449,0,0.13078271115851692,1.639728294290177
2019-03-13,2019-03-14,NC,0,6.999999999999923,-0.3029946944250739,0.044588769096920444
2019-03-20,2019-03-21,C,1.0000000000000286,0,-1.347555330904271,-0.3570528497981673
2019-03-27,2019-03-28,NC,-2.500000000000002,-31.000000000000057,2.6685771047858964,2.879432576674712
2019-04-03,2019-04-04,NC,-0.3999999999999837,-5.000000000000004,1.9094359592738641,-0.32106684228492277
2019-04-10,2019-04-11,NC,-0.7000000000000062,2.999999999999947,-1.2571731080576853,0.8281521460643759
2019-04-17,2019-04-18,NC,-1.0000000000000286,-8.99999999999998,1.3770996661266466,-0.2543427925126851
2019-04-24,2019-04-25,NC,-0.5000000000000837,2.0000000000000573,1.5727046208303008,-0.9292096677937067
2019-05-08,2019-05-09,C,-1.4000000000000123,-7.999999999999952,-0.8285147437652185,0.48528242073091477
2019-05-15,2019-05-16,NC,0,7.000000000000062,-1.7605611876930993,1.1508732820253664
2019-05-22,2019-05-23,NC,0,-8.99999999999998,-0.47870527329347823,0.04706076670957238
2019-05-29,2019-05-30,NC,-1.0000000000000286,-6.000000000000033,0.9182541052247473,0.16596435510691787
2019-06-05,2019-06-06,NC,0.5000000000000837,-8.99999999999998,1.2485436791184412,-0.02577863603372421
2019-06-12,2019-06-13,NC,-3.000000000000086,-17.99999999999996,0.4594959401961418,-0.4588996169281101
2019-06-19,2019-06-21,C,0,-17.99999999999996,1.6897034779303155,NA
2019-06-26,2019-06-27,NC,-3.000000000000086,-5.999999999999964,0.035092144545600945,-0.7024550146588204
2019-07-03,2019-07-04,NC,-10.599999999999984,-11.000000000000037,1.5491029114388155,-0.6346886472718083
2019-07-10,2019-07-11,NC,-1.2000000000000206,0,-0.6357708882305246,0.11992248505077185
2019-07-17,2019-07-18,NC,-2.600000000000033,-3.999999999999976,0.8256759262216917,-1.187306064170679
2019-07-24,2019-07-25,NC,0,7.000000000000062,-1.4169902035012782,0.10335421883711504
2019-07-31,2019-08-01,C,-9.800000000000017,-5.000000000000004,0.3077505319879492,0.6693698924238767
2019-08-07,2019-08-08,NC,-1.2999999999999816,-1.999999999999988,1.2884426293812368,-1.2631786883964269
2019-08-14,2019-08-15,NC,0.5000000000000143,-3.999999999999976,-1.2052429786859165,-1.4974712482430208
2019-08-21,2019-08-22,NC,0,3.999999999999976,-1.1834551754029476,1.0874964292693967
2019-08-28,2019-08-29,NC,-1.500000000000043,-5.000000000000004,2.346045529317742,0.00959875214670003
2019-09-04,2019-09-05,NC,-0.899999999999998,-1.999999999999988,1.024478164064213,0.31221948473050265
2019-09-11,2019-09-12,NC,-2.0000000000000573,-6.000000000000033,0.8905126111942607,-0.1304931834757106
2019-09-18,2019-09-19,C,-5.000000000000004,-13.999999999999984,-0.18458280150870365,1.433457930529225
2019-09-25,2019-09-26,NC,-1.999999999999988,-2.0000000000000573,0.79925924184856,0.5314869357597951
2019-10-02,2019-10-03,NC,-2.600000000000033,-6.000000000000033,0.4785060022950205,-1.0113056500647088
2019-10-09,2019-10-10,NC,-1.0999999999999899,-10.000000000000009,0.5597704548931048,0.002425766186786582
2019-10-16,2019-10-17,NC,-2.1000000000000183,-1.0000000000000286,-0.3868402143051952,0.30084885554853
2019-10-23,2019-10-24,NC,-1.999999999999988,-1.0000000000000286,-0.51968669200306294,0.15360581434269438
2019-10-30,2019-10-31,C,3.0000000000000164,16.000000000000043,-1.101643090908233,-0.26306129579627413
2019-11-06,2019-11-07,NC,-0.2999999999999531,7.999999999999952,1.1199030291573209,2.236821642377995
2019-11-13,2019-11-14,NC,0.5000000000000143,0.9999999999999593,0.46744268065452843,0.016793544911997138
2019-11-27,2019-11-28,NC,0,-12.999999999999956,0.5392104022432065,0.7275328091994826
2019-12-04,2019-12-05,NC,0.7999999999999674,3.0000000000000164,0.29090672832570164,0.049939736568216375
2019-12-11,2019-12-12,C,-5.000000000000004,1.0000000000000286,1.107602296367638,-0.5055408490953983
2019-12-18,2019-12-19,NC,0,7.999999999999952,0.7118047852323173,-0.2592209413762925
2020-01-08,2020-01-09,NC,0.9999999999999593,-6.000000000000033,-0.2583356899522826,-0.08364741684041554
2020-01-15,2020-01-16,NC,1.8999999999999573,5.999999999999964,0.24868045631318836,1.0330616295588513
2020-01-22,2020-01-23,NC,-1.0000000000000286,5.000000000000004,0.9551811220715578,-0.7054119148971472
2020-01-29,2020-01-30,NC,1.0000000000000286,1.999999999999988,0.12402947670775433,0.8430063144267752
2020-02-05,2020-02-06,C,0.49999999999994493,10.000000000000009,-0.7251189812107484,-0.4736412677694757
2020-02-12,2020-02-13,NC,0,3.999999999999976,-0.8709232207520401,0.6212611711899685
2020-02-19,2020-02-20,NC,1.0000000000000286,3.0000000000000164,-1.671452146915442,0.211029559931597
2020-02-26,2020-02-27,NC,-1.0000000000000286,-6.999999999999992,-2.620874516983207,1.4101843356182808
2020-03-04,2020-03-05,NC,2.999999999999947,28.999999999999996,-4.766528644610979,1.543463784460597
2020-03-11,2020-03-12,NC,22.000000000000007,50.999999999999936,-15.993826738243655,3.6319944201428367
2020-03-18,2020-03-19,C,10.500000000000023,55.00000000000005,2.1251772708865246,1.8641092587564634
2020-03-25,2020-03-26,NC,5.500000000000019,-22.000000000000007,3.608403597219656,-1.2712659602717835
2020-04-01,2020-04-02,NC,-6.399999999999947,-11.000000000000037,1.7969462183941687,0.13519505645558372
2020-04-08,2020-04-09,NC,0.4000000000000531,-15.000000000000014,-1.2062084015997954,-0.34605957594293635
2020-04-15,2020-04-16,NC,-1.500000000000043,-3.999999999999976,-1.3018422557514953,-0.11655018814396012
2020-04-22,2020-04-23,NC,5.999999999999998,28.999999999999996,-1.264480747925134,1.3867375395877568
2020-04-29,2020-04-30,NC,-4.000000000000011,-0.9999999999999593,-3.2565975237531575,2.7948051636547566
2020-05-06,2020-05-07,C,-23,-13.000000000000025,-1.2025803042243766,1.966799147721554
2020-05-13,2020-05-14,NC,0.2999999999999878,-2.999999999999947,1.580063769906559,-1.3167333855174101
2020-05-20,2020-05-21,NC,-1.4999999999999736,-10.000000000000009,2.0781714753153935,-2.4567792611481787
2020-05-27,2020-05-28,NC,-4.000000000000011,3.0000000000000164,-1.1403057451534693,2.4522904438010418
2020-06-03,2020-06-04,NC,-3.0000000000000164,-1.0000000000000286,0.8847316525663729,1.0924714482192455
2020-06-10,2020-06-12,NC,-2.0000000000000226,-1.0000000000000286,-2.017027410399841,NA
2020-06-17,2020-06-18,C,-4.49999999999999,6.000000000000033,0.6030616401721645,2.815814294558261
2020-06-24,2020-06-25,NC,-0.4999999999999796,-7.999999999999952,1.687081623995823,0.24098190562773514
2020-07-01,2020-07-02,NC,0.4999999999999796,-1.0000000000000286,0.03300800661190095,0.8000022298065623
2020-07-08,2020-07-09,NC,-0.19999999999999185,1.999999999999988,-0.612829904205725,-0.08988133786982377
2020-07-15,2020-07-16,NC,-1.1000000000000245,-3.999999999999976,-1.222953566633933,-0.677688135868193
2020-07-22,2020-07-23,NC,-1.5000000000000082,-1.999999999999988,-1.9327082081646907,1.7911684029094044
2020-07-29,2020-07-30,NC,-1.5000000000000082,-12.999999999999956,-0.56641245391571,-0.2886791439362879
2020-08-05,2020-08-06,C,-7.899999999999991,-18.99999999999999,1.2795773429624901,0.7606662676769682
2020-08-12,2020-08-13,NC,1.0000000000000286,10.000000000000009,-1.6361340102243105,-1.2590397659574704
2020-08-19,2020-08-20,NC,1.5000000000000082,-3.999999999999976,0.6071046459652507,-0.008994093855840823
2020-08-26,2020-08-27,NC,-1.4999999999999736,-1.999999999999988,-0.0036670630709778607,-0.6889907990279776
2020-09-02,2020-09-03,NC,-1.600000000000004,-5.000000000000004,-1.1743266569306243,-0.9182834270256457
2020-09-09,2020-09-10,NC,1.3000000000000165,6.999999999999992,-2.45602837145924,0.22579902811572516
2020-09-16,2020-09-17,C,0.09999999999999593,-10.000000000000009,0.4226292348311844,0.03437262996430768
2020-09-23,2020-09-24,NC,-0.5000000000000143,-23.999999999999993,1.3253326118638498,-1.513435314208622
2020-09-30,2020-10-01,NC,2.0999999999999837,13.999999999999984,0.9208095915644421,0.5973197407543207
2020-10-07,2020-10-08,NC,-0.5000000000000143,-3.999999999999976,2.4746877896971498,-0.22658697072968081
2020-10-14,2020-10-15,NC,-0.09999999999999593,8.000000000000021,-0.2826476340995754,0.369586793599197
2020-10-21,2020-10-22,NC,0,3.999999999999976,1.3486536747036482,-0.2946666803289144
2020-10-28,2020-10-29,C,-5.500000000000019,5.999999999999964,1.26429835601094,0.6934470250057334
2020-11-04,2020-11-05,NC,-3.6000000000000267,-1.999999999999988,2.9048623863049627,-1.6097856123280074
2020-11-11,2020-11-12,NC,0,1.999999999999988,-2.2206837578959693,-0.4424341497014206
2020-11-18,2020-11-19,NC,0.999999999999994,3.0000000000000164,0.5177065131366732,0.645534000611292
2020-11-25,2020-11-26,NC,-0.4999999999999796,-11.000000000000037,0.08582335166877897,-0.9350092594863524
2020-12-02,2020-12-03,NC,0,-9.499999999999995,0.3685241079235624,0.21878915184956327
2020-12-09,2020-12-10,C,-0.19999999999999185,5.500000000000019,1.8651940876630135,0.9718853152462348
2020-12-16,2020-12-17,NC,-0.999999999999994,4.000000000000045,0.45985417739249357,0.0849403200129828
2021-01-06,2021-01-07,NC,0.6000000000000103,13.999999999999984,2.7215182716242126,0.5435515949228531
2021-01-13,2021-01-14,NC,-2.2000000000000144,-8.500000000000036,1.2611041184939609,-0.450142137643339
2021-01-20,2021-01-21,C,0.999999999999994,22.50000000000002,-1.1071930237443794,-1.2435312930615172
2021-01-27,2021-01-28,NC,0,-14.999999999999943,2.55668982654349,1.0923020858177646
2021-02-03,2021-02-04,NC,0,8.000000000000021,-0.3882248128087795,-0.2780087508184703
2021-02-10,2021-02-11,NC,-0.999999999999994,-1.999999999999988,0.7272830914649475,0.15239685889290033
2021-02-17,2021-02-18,NC,1.5000000000000082,3.500000000000031,-0.9658159097627461,0.7495958347717657
2021-02-24,2021-02-25,NC,4.000000000000011,17.499999999999947,-2.993693233260508,-0.6757813883829566
2021-03-03,2021-03-04,NC,-8.99999999999998,-8.500000000000036,1.3456157659557988,-1.020146335461436
2021-03-10,2021-03-11,NC,2.5999999999999983,5.500000000000019,1.938300564456874,-2.2733350776529493
2021-03-17,2021-03-18,C,30.999999999999986,21.000000000000046,-1.4815500701066853,-0.7192351367222516
2021-03-24,2021-03-25,NC,-1.999999999999988,-16.499999999999986,1.4930346588107213,1.7810124818913087
2021-03-31,2021-04-01,NC,1.0000000000000286,18.500000000000043,-1.1906024295083029,1.34232348451917
2021-04-07,2021-04-08,NC,-1.4000000000000123,-23.999999999999993,0.5846073481752256,-0.8140576250397658
2021-04-14,2021-04-15,NC,-1.199999999999951,-11.999999999999927,0.336927981446955,-0.6727179121324145
2021-04-28,2021-04-29,NC,0.5000000000000143,-2.0000000000000573,-0.8184991614061943,-0.09365439927309094
2021-05-05,2021-05-06,C,1.999999999999988,6.499999999999978,0.29744676137379855,-1.4919989078087337
2021-05-12,2021-05-13,NC,3.999999999999976,1.0000000000000286,0.8284689410375634,0.08670502201411079
2021-05-19,2021-05-20,NC,1.600000000000004,-2.0000000000000573,0.05257256575870173,-0.5042840608217247
2021-05-26,2021-05-27,NC,-1.500000000000043,-9.500000000000064,0.303919120607965,-1.370805637734862
2021-06-02,2021-06-04,NC,0.7999999999999674,-5.499999999999949,0.40376261859211837,NA
2021-06-09,2021-06-10,NC,6.399999999999947,13.999999999999984,0.13029316801844715,-0.13839403871582778
2021-06-16,2021-06-17,C,-5.199999999999997,15.499999999999957,-0.9344739009922165,-0.9322507293785254
2021-06-23,2021-06-24,NC,-0.5000000000000143,-7.999999999999952,0.8417769065488301,-1.062984334829098
2021-06-30,2021-07-01,NC,1.0999999999999899,7.500000000000007,-0.899502773082439,1.515900693513994
2021-07-07,2021-07-08,NC,2.3999999999999715,10.499999999999954,-1.2604343404543528,0.5109967742765731
2021-07-14,2021-07-15,NC,0.7999999999999674,1.4999999999999736,-0.7336679612906849,0.787832972822633
2021-07-21,2021-07-22,NC,6.999999999999992,3.000000000000086,0.17249570092445765,0.23683716492970408
2021-07-28,2021-07-29,NC,-1.999999999999988,-6.000000000000033,-0.4844094023189527,-0.674829663504295
2021-08-04,2021-08-05,C,2.5999999999999632,28.499999999999915,-0.13826329677737448,1.4788934116868768
2021-08-11,2021-08-12,NC,0.3999999999999837,12.999999999999956,-1.1166494039043684,0.6494506096119013
2021-08-18,2021-08-19,NC,0,-24.49999999999994,0.4465821600367903,0.657855340441138
2021-08-25,2021-08-26,NC,3.500000000000031,4.5000000000000595,-1.7481661828457007,0.7760982497289071
2021-09-01,2021-09-02,NC,4.999999999999866,15.000000000000014,-2.3032230383190466,-0.05402044923077387
2021-09-08,2021-09-09,NC,21.999999999999936,8.99999999999998,1.7030516035440257,-2.3600796836742877
2021-09-15,2021-09-16,NC,-2.2000000000001183,7.500000000000007,-1.1083549821803373,0.6699453790200316
2021-09-22,2021-09-23,C,-2.999999999999947,15.999999999999904,1.5746792828746692,0.2681827855468999
2021-09-29,2021-09-30,NC,1.0000000000000286,5.500000000000088,-0.11502756080385979,0.5047913614973254
2021-10-06,2021-10-07,NC,2.1999999999999797,12.50000000000001,0.02338737038396488,0.4559996782019571
2021-10-13,2021-10-14,NC,3.200000000000008,8.00000000000009,-0.2386502451495076,-0.005441065626676789
2021-10-20,2021-10-21,NC,20.499999999999964,41.99999999999996,-2.7929692912037396,1.0929471555000347
2021-10-27,2021-10-28,C,6.999999999999923,95.99999999999997,-0.6206895210267405,1.966091662351377
2021-11-03,2021-11-04,NC,4.600000000000021,10.000000000000009,-2.10963271786202,-2.2474407406545716
2021-11-10,2021-11-11,NC,-1.0000000000000286,-20.000000000000018,1.5238573490297114,0.19691654575044737
2021-11-17,2021-11-18,NC,2.8000000000000247,12.000000000000066,-0.5087790881432852,0.4804648615146512
2021-11-24,2021-11-25,NC,-2.999999999999947,-2.999999999999947,1.2333994814497373,0.6227797723705075
2021-12-01,2021-12-02,NC,0,-31.5,3.5977914945231504,1.249894980508337
2021-12-08,2021-12-09,C,2.0000000000000573,7.000000000000062,-1.6832499515212263,-1.4394453885893999
2021-12-15,2021-12-16,NC,2.400000000000041,15.000000000000014,0.8297788903508518,-0.02113026615417901
2021-12-22,2021-12-23,NC,1.0000000000000286,24.49999999999994,-0.3354036817107442,-1.5969468341364035
2021-12-29,2021-12-30,NC,0,-8.00000000000009,0.6846349389888928,1.327446714652658
2022-01-05,2022-01-06,NC,0.7999999999999674,-12.50000000000001,0.5483738632728219,0.5172315964964813
2022-01-12,2022-01-13,NC,3.000000000000086,3.500000000000031,-0.14786820079937257,-0.6143896959076356
2022-01-19,2022-01-20,NC,3.999999999999976,-18.0000000000001,1.0027191250058465,-2.3358537465274054
2022-01-26,2022-01-27,NC,5.000000000000004,22.50000000000002,1.1813135120634755,-0.21227629533100423
2022-02-02,2022-02-03,C,-5.000000000000004,-18.500000000000043,-0.17748538472996955,-0.06840824347780217
2022-02-09,2022-02-10,NC,1.0000000000000286,14.999999999999874,0.8027172991441844,-0.45554753433438844
2022-02-16,2022-02-17,NC,0.49999999999994493,8.00000000000009,-1.445063944907865,-0.42938897154907174
2022-02-23,2022-02-24,NC,2.500000000000002,11.499999999999982,-0.3718617584217654,-0.9616781502282512
2022-03-02,2022-03-03,NC,11.000000000000037,23.000000000000103,-0.006998375789279976,-1.218817145660922
2022-03-09,2022-03-10,NC,5.599999999999911,10.499999999999954,-0.2084781761464427,-0.9394096723086998
2022-03-16,2022-03-17,C,-1.5999999999999348,-8.999999999999842,1.7520505824061061,-1.74517075502032
2022-03-23,2022-03-24,NC,-1.4999999999999736,-38.500000000000064,1.3492812314465752,-1.7628961006353805
2022-03-30,2022-03-31,NC,0,-13.000000000000094,-0.21687438386042146,-0.6710501851649342
2022-04-06,2022-04-07,NC,1.5999999999999348,1.9999999999999185,0.5351316898094538,0.7795301846597269
2022-04-13,2022-04-14,NC,2.400000000000041,16.499999999999847,-0.5154036135165185,0.23001035691776472
2022-04-20,2022-04-22,NC,-6.500000000000117,5.499999999999949,-2.898127867542044,NA
2022-04-27,2022-04-28,NC,5.999999999999894,8.499999999999897,0.5195472189591044,-0.5211442074638972
2022-05-04,2022-05-05,C,4.6000000000001595,41.50000000000015,-2.845574116506633,2.1957693105939757
2022-05-11,2022-05-12,NC,1.4000000000000123,11.50000000000012,1.2287969796798137,-0.01659791354013951
2022-05-18,2022-05-19,NC,-0.19999999999992246,-10.499999999999954,0.7109634403326126,-0.757778444519297
2022-05-25,2022-05-26,NC,-2.999999999999947,-19.99999999999988,1.177765064189984,-1.1385846772173247
2022-06-01,2022-06-02,NC,-0.5999999999997674,5.000000000000004,0.9233199385395352,-0.412013851055959
2022-06-08,2022-06-09,NC,-4.000000000000115,-22.499999999999744,-1.1825551718231964,0.10610545132496707
2022-06-15,2022-06-17,C,-5.999999999999894,-14.500000000000068,-2.9433641335691263,NA
2022-06-22,2022-06-23,NC,0,-12.50000000000001,-1.4595001876452685,0.8512597497682961
2022-06-29,2022-06-30,NC,0,-17.00000000000007,-1.0896461950162362,1.3630123784706738
2022-07-06,2022-07-07,NC,0.6000000000000449,-7.000000000000062,2.016366239173273,-1.6682202263105017
2022-07-13,2022-07-14,NC,1.8000000000001348,10.000000000000009,-1.8147835808726143,0.5899927128226512
2022-07-20,2022-07-21,NC,6.000000000000172,12.999999999999956,0.7564803964967837,0.5032799046968073
2022-07-27,2022-07-28,NC,-0.9999999999998899,-20.000000000000018,1.1357998523948254,-1.1567673089421415
2022-08-03,2022-08-04,C,-1.1999999999998123,-33.50000000000006,2.019977403508122,-1.3646356961250383
2022-08-10,2022-08-11,NC,0,0,-0.4708454157873021,1.2350558966503833
2022-08-17,2022-08-18,NC,0.49999999999994493,17.500000000000014,0.09239602358501742,0.03871186816306604
2022-08-24,2022-08-25,NC,0,10.000000000000009,0.5598930244849143,-0.027400359362506066
2022-08-31,2022-09-01,NC,-2.1999999999999797,-26.00000000000005,0.8024662735778065,1.1264568210155756
2022-09-14,2022-09-15,NC,1.2000000000000899,17.500000000000014,-0.5378871375635086,1.60252010679649
2022-09-21,2022-09-22,C,-6.999999999999784,-31.5,1.8890474292783566,-1.0674941443232555
2022-09-28,2022-09-29,NC,0,-2.999999999999947,-0.728178492339282,0.40853344921703005
2022-10-05,2022-10-06,NC,0,6.000000000000033,0.30926254630347927,0.47814287173810754
2022-10-19,2022-10-20,NC,0,0,0.7683806189856313,-1.00326821376171
2022-10-26,2022-10-27,C,-0.9999999999998899,-5.499999999999949,1.650813605593271,-0.8337216639002554
2022-11-09,2022-11-10,NC,1.2000000000000899,84.49999999999999,-3.407122001356555,0.8171863819760761
2022-11-16,2022-11-17,NC,-4.000000000000115,-3.999999999999837,-0.49153048291401547,1.2543674132960758
2022-11-23,2022-11-24,NC,-4.000000000000115,-28.999999999999858,2.7100754046097464,0.01120451620599816
2022-11-30,2022-12-01,NC,1.7999999999998573,8.500000000000174,-1.3969152045605782,-1.6576942753210089
2022-12-07,2022-12-08,C,-2.0000000000000573,3.499999999999892,-1.6822976918444255,-0.5748283547557076
2022-12-14,2022-12-15,NC,0,-5.499999999999949,-0.007788572644962244,-0.29517007953394625
2022-12-21,2022-12-22,NC,0,-25.00000000000002,0.11012879892415839,0.028853364212588772
2022-12-28,2022-12-29,NC,0.49999999999994493,2.0000000000000573,-0.4565239640173857,-0.48300227777953175
2023-01-04,2023-01-05,NC,-0.3999999999998449,-7.999999999999952,2.1663967818604135,-0.8873777291577678
2023-01-11,2023-01-12,NC,-0.3999999999998449,-2.500000000000002,-0.5944377488683372,-0.7685749624966709
2023-01-18,2023-01-19,NC,0.49999999999994493,2.999999999999947,0.6160260816850283,1.6665601227551452
2023-01-25,2023-01-26,NC,1.0000000000001674,7.000000000000062,-0.0809988784812532,-1.2967148769368109
2023-02-01,2023-02-02,C,-0.19999999999992246,27.999999999999968,-1.7397257589195192,-0.36935060805842745
2023-02-08,2023-02-09,NC,-0.6000000000000449,12.50000000000001,-1.7833507139807026,-0.18830143826884527
2023-02-15,2023-02-16,NC,-2.500000000000002,-7.000000000000062,0.31093904298664654,0.5091465520020266
2023-02-22,2023-02-23,NC,-0.49999999999994493,-5.499999999999949,0.410552779717932,-0.2965832548960323
2023-03-01,2023-03-02,NC,0.3999999999998449,21.49999999999985,-1.0197561503884955,-1.1061936522338556
2023-03-08,2023-03-09,NC,-0.3999999999998449,-13.999999999999984,-1.3885384631718622,-0.8824940509278623
2023-03-15,2023-03-16,NC,2.0000000000000573,10.500000000000092,0.7367066406944289,0.671804147038868
2023-03-22,2023-03-23,C,6.000000000000172,6.999999999999923,-2.3158492282183474,-0.09162628733270228
2023-03-29,2023-03-30,NC,0.5000000000002225,-18.0000000000001,1.8695183875632182,-0.8115913705621258
2023-04-05,2023-04-06,NC,-0.19999999999992246,7.500000000000007,-0.15472780582275192,0.497453964534178
2023-04-12,2023-04-13,NC,0.20000000000020002,-4.499999999999921,-0.40484230505271057,0.199113337421708
2023-04-19,2023-04-20,NC,0,-13.500000000000039,0.4358375662334879,-0.5255867604843312
2023-04-26,2023-04-27,NC,-1.0000000000001674,10.000000000000009,0.5956202265066324,-1.3334618561352318
2023-05-03,2023-05-04,C,-1.2000000000000899,-8.99999999999998,0.3699051677566345,-0.23654039368481428
2023-05-10,2023-05-11,NC,-0.20000000000020002,-5.500000000000088,0.7493523498149912,-0.2714656145164085
2023-05-17,2023-05-18,NC,0,-0.5000000000000837,0.590715108590878,0.5392812756512599
2023-05-24,2023-05-25,NC,-2.0000000000000573,-16.000000000000043,1.1467500799607677,1.532981921130605
2023-05-31,2023-06-01,NC,-0.10000000000010001,-8.00000000000009,2.03715838880818,-0.8283777953708826
2023-06-07,2023-06-09,NC,-3.399999999999792,-17.500000000000014,1.3172402780631032,NA
2023-06-14,2023-06-15,NC,-1.2000000000000899,7.999999999999952,0.12776882592113736,-0.12053465170371869
2023-06-21,2023-06-22,C,0.9999999999998899,1.4999999999999736,-1.2417392137043848,0.15603703592093066
2023-06-28,2023-06-29,NC,-3.499999999999892,-12.50000000000001,1.4475716621793921,0.10508389328542922
2023-07-05,2023-07-06,NC,0.3999999999998449,2.0000000000000573,-1.7922292621586067,1.4643110816856542
2023-07-12,2023-07-13,NC,-1.2000000000000899,5.000000000000004,1.3484334125207553,-0.4598564599309185
2023-07-19,2023-07-20,NC,-2.500000000000002,2.0000000000000573,0.4505535812283412,0.14603352532083225
2023-07-26,2023-07-27,NC,-1.0000000000001674,3.500000000000031,-2.1198400787891813,0.11395432404808226
2023-08-02,2023-08-03,C,-16.400000000000027,-10.999999999999899,-0.22609761463350253,2.179630371165442
2023-08-09,2023-08-10,NC,-0.5999999999997674,-3.000000000000086,-0.04998345041133945,-0.20830836341125814
2023-08-16,2023-08-17,NC,-0.4000000000001225,7.000000000000062,-0.5284393672237542,-0.22885551599878262
2023-08-23,2023-08-24,NC,-0.49999999999994493,-5.000000000000004,-0.9431853421169478,0.5176971855540557
2023-08-30,2023-08-31,NC,-1.0000000000001674,11.000000000000037,-1.5375077856017327,1.3289931993082593
2023-09-06,2023-09-08,NC,-1.2000000000000899,-8.00000000000009,-0.5810164727044764,NA
2023-09-13,2023-09-14,NC,-0.3999999999999837,1.4999999999999736,1.02336431234189,-0.9648916523405715
2023-09-20,2023-09-21,C,0.49999999999994493,5.000000000000004,-2.1720032708074655,1.1433099512686784
2023-09-27,2023-09-28,NC,-2.500000000000002,-11.000000000000037,1.2203258128383965,-0.18659837935839363
2023-10-04,2023-10-05,NC,-0.7999999999999674,2.999999999999947,-0.2850438876659922,0.2015547469866874
2023-10-11,2023-10-13,NC,-0.6000000000000449,17.00000000000007,-1.1139575276251534,NA
2023-10-18,2023-10-19,NC,-1.9999999999999185,20.499999999999964,-0.04853025084639029,0.13440410643370537
2023-10-25,2023-10-26,NC,-1.4999999999999736,-18.500000000000043,1.7107900360079142,-0.1883746224713212
2023-11-01,2023-11-03,C,-1.2000000000000899,-19.499999999999932,2.6646840235276414,-1.626152243494805
2023-11-08,2023-11-09,NC,-0.3999999999999837,7.500000000000007,-0.11966712762436771,0.7729433976174871
2023-11-22,2023-11-23,NC,-0.49999999999994493,-0.49999999999994493,0.4278916734618221,0.1264653544394312
2023-11-29,2023-11-30,NC,-2.500000000000002,-11.000000000000037,0.9195290796567335,0.7018690831288144
2023-12-06,2023-12-07,NC,-1.5999999999999348,-2.500000000000002,0.3075284277484158,-0.5392320535575701
2023-12-13,2023-12-14,C,-0.8000000000001062,9.000000000000119,1.057998398378679,-0.93293416098581
2023-12-20,2023-12-21,NC,-0.49999999999994493,-1.9999999999999185,1.0478517214366434,0.9835372995855574
2023-12-27,2023-12-28,NC,0,7.000000000000062,-0.00631942235909122,0.2614206503461336
2024-01-03,2024-01-04,NC,-0.3999999999999837,6.000000000000033,-1.2179510191879572,-0.06706544742840492
2024-01-10,2024-01-11,NC,-0.3999999999999837,-4.5000000000000595,-0.14711090472037114,-0.27969208803335643
2024-01-17,2024-01-18,NC,-1.0000000000000286,0,-0.9444191759650167,0.1846040196502141
2024-01-24,2024-01-25,NC,-1.0000000000000286,-6.000000000000033,0.2758216379127987,-0.39859736345349006
2024-01-31,2024-02-01,C,-1.0999999999999899,-5.000000000000004,0.5688112863094119,0.03231178210540975
2024-02-07,2024-02-08,NC,-0.3999999999999837,11.499999999999982,-1.3425474503403478,0.1409636093174349
2024-02-14,2024-02-15,NC,0.19999999999992246,-2.999999999999947,0.6167765702866035,0.3286138369921643
2024-02-21,2024-02-22,NC,0,9.499999999999925,0.16057811868144256,0.17238344755756696
2024-02-28,2024-02-29,NC,-1.4999999999999736,-4.499999999999921,-0.8761765542512734,0.7050689537325017
2024-03-06,2024-03-07,NC,-1.199999999999951,-0.5000000000000837,-0.4279989594577316,-0.27270283972082865
2024-03-13,2024-03-14,NC,-1.4000000000000123,11.000000000000037,-0.24723119350760214,0.010066556838683738
2024-03-20,2024-03-21,C,-1.4999999999999736,9.499999999999925,-0.7511285555001024,-1.2765090880511254
2024-03-27,2024-03-28,NC,-0.5000000000000837,0,0.3248519882319556,0.2930019521364402
2024-04-03,2024-04-04,NC,-0.7999999999999674,1.0000000000000286,0.08568538147937232,0.37243026950928293
2024-04-10,2024-04-11,NC,1.0000000000000286,6.499999999999978,-0.5146926753750947,0.47654697941190705
2024-04-17,2024-04-18,NC,-1.0000000000000286,-8.499999999999897,0.020155630037876904,0.17375790807243607
2024-04-24,2024-04-25,NC,-0.49999999999994493,-3.000000000000086,-0.07627525333386842,0.2542614574960522
2024-05-08,2024-05-09,C,2.8000000000000247,3.500000000000031,-1.0032713970707263,1.0343505684653476
2024-05-15,2024-05-16,NC,0.20000000000006124,3.500000000000031,0.19978063788652634,-0.09744722697597741
2024-05-22,2024-05-23,NC,-1.0000000000000286,-8.00000000000009,-0.7353912012424857,-0.15543462328195812
2024-05-29,2024-05-31,NC,-2.999999999999947,-1.4999999999999736,-0.49769435814859264,NA
2024-06-05,2024-06-06,NC,-0.3999999999999837,-7.500000000000007,1.2209996773169252,-0.8202684013876471
2024-06-12,2024-06-13,NC,-3.800000000000053,-12.50000000000001,-0.3077117568892618,-0.7321702361904325
2024-06-19,2024-06-20,C,-0.8000000000001062,-2.500000000000002,0.153356441214747,0.5517395326222418
2024-06-26,2024-06-27,NC,-1.0000000000000286,8.500000000000036,1.3497154654317,-0.39916292658690455
2024-07-03,2024-07-04,NC,-2.2000000000001183,-23.50000000000005,0.3987601951376263,-1.249808279841358
2024-07-10,2024-07-11,NC,0.7999999999999674,-1.0000000000000286,0.8417428384898784,0.42939003560586997
2024-07-17,2024-07-18,NC,1.3999999999998736,12.50000000000001,-1.398889675711601,1.0062732656508588
2024-07-24,2024-07-25,NC,6.999999999999923,20.499999999999964,-0.37138160203475934,-0.18590268103408913
2024-07-31,2024-08-01,C,-4.499999999999921,-3.999999999999976,-0.20130421238153673,1.6481168310323868
2024-08-07,2024-08-08,NC,-1.0000000000000286,10.000000000000009,0.8954884273633112,-1.604408358650522
2024-08-14,2024-08-15,NC,1.199999999999951,11.499999999999982,0.6249368866509286,0.2921325036216116
2024-08-21,2024-08-22,NC,8.500000000000036,17.500000000000014,-0.9499954083743489,1.957905080906075
2024-08-28,2024-08-29,NC,2.0000000000000573,16.000000000000043,-0.952955268696698,1.1707080691329752
2024-09-04,2024-09-05,NC,-3.999999999999976,-11.000000000000037,0.2874110578188649,-1.329250703374707
2024-09-11,2024-09-12,NC,3.399999999999931,10.000000000000009,-0.48180600254443817,-0.7385053933238739
2024-09-18,2024-09-19,C,3.999999999999976,22.999999999999964,-0.46840806358297016,-0.681677950259707
2024-09-25,2024-09-26,NC,-0.5000000000000837,10.000000000000009,1.0758609288588517,-0.6800872173009065
2024-10-02,2024-10-03,NC,3.800000000000053,10.499999999999954,-1.390312132460103,0.6595442950052988
2024-10-09,2024-10-10,NC,0.6000000000000449,8.500000000000174,0.30025193607219336,-0.25765380828319806
2024-10-16,2024-10-17,NC,1.199999999999951,2.0000000000000573,-0.7285006691150286,-0.28622548337133846
2024-10-23,2024-10-24,NC,-1.4999999999999736,-24.4999999999998,0.6431490021627795,-0.3964594935299326
2024-10-30,2024-10-31,NC,2.999999999999947,10.499999999999954,-0.7113458373957826,0.039918863351529055
2024-11-06,2024-11-07,C,2.1999999999999797,-4.5000000000000595,-0.5070492808453508,-1.1389056193621183
2024-11-13,2024-11-14,NC,0.3999999999999837,7.999999999999952,0.045177491482917276,0.9987906743791575
2024-11-27,2024-11-28,NC,8.99999999999998,42.00000000000009,-2.4245772113806296,2.175960383770059
2024-12-04,2024-12-05,NC,0.8999999999999286,11.50000000000012,1.394468471454502,-0.07118280736191362
2024-12-11,2024-12-12,C,13.7000000000001,36.0000000000002,-2.778431136392001,-1.543619042206612
2024-12-18,2024-12-19,NC,-11.50000000000012,-43.500000000000206,0.34388392384041566,2.997294147734819
2025-01-08,2025-01-09,NC,0.10000000000010001,-5.000000000000004,0.1303648432346094,0.08028343074568678
2025-01-15,2025-01-16,NC,1.9999999999997797,13.4999999999999,-1.1612684221232072,-0.7060633490260093
2025-01-22,2025-01-23,NC,2.500000000000002,18.99999999999985,-0.39799593869247474,-1.3410707669031519
2025-01-29,2025-01-30,C,0.49999999999994493,-39.50000000000009,2.7808709533896803,0.010242830821249882
2025-02-05,2025-02-06,NC,0.7999999999999674,-2.0000000000000573,0.5486773096034625,0.7923870600886174
2025-02-12,2025-02-13,NC,0.5000000000002225,-13.4999999999999,0.37713744061633747,-0.0017371267328591955
2025-02-19,2025-02-20,NC,0.49999999999994493,-7.500000000000007,0.22892851367863898,0.5557102811138082
2025-02-26,2025-02-27,NC,2.500000000000002,2.0000000000000573,0.024241922159262685,1.0639493036275427
2025-03-05,2025-03-06,NC,-0.49999999999994493,4.5000000000000595,0.25218718875699153,-2.504910291503193
2025-03-12,2025-03-13,NC,1.5000000000001124,-7.999999999999952,1.4217519356311215,-0.18610228668847206
2025-03-19,2025-03-20,C,8.999999999999842,31.50000000000014,-0.41862194393846863,-0.4240243790291087
2025-03-26,2025-03-27,NC,0,-13.4999999999999,0.47361389110953667,0.6140727864611506
2025-04-02,2025-04-03,NC,-8.599999999999996,-43.49999999999993,-0.03788343923396553,-0.5861403133798682
2025-04-09,2025-04-10,NC,-0.49999999999994493,5.999999999999894,-1.1341267688422363,1.1314082812926785
2025-04-16,2025-04-17,NC,1.9999999999997797,-0.49999999999994493,1.033583583664388,NA
2025-04-23,2025-04-24,NC,-4.5000000000000595,-18.99999999999985,1.7724534605578768,-0.43401838570944484
2025-04-30,2025-05-02,NC,2.3000000000000798,6.000000000000172,0.0495261220441634,NA
2025-05-07,2025-05-08,C,5.600000000000049,-0.49999999999994493,2.102503807803835,-1.4553693915813515
2025-05-14,2025-05-15,NC,-0.4000000000001225,-0.49999999999994493,0.6563597320621284,0.7916824000863132
2025-05-21,2025-05-22,NC,0,9.000000000000119,-0.44242955041813303,1.2587166335181532
2025-05-28,2025-05-29,NC,1.0000000000001674,10.000000000000009,-0.25528676007500195,-0.4157222223942103
2025-06-04,2025-06-05,NC,4.800000000000082,17.500000000000014,-0.5601066766235618,-0.8469588584049115
2025-06-11,2025-06-12,NC,-2.0000000000000573,-4.4999999999997815,0.4886383882343637,0.027095026626478003
2025-06-18,2025-06-20,C,10.099999999999831,-0.9999999999998899,-1.1607248217117672,NA
2025-06-25,2025-06-26,NC,-0.49999999999994493,-9.000000000000119,0.9869577160618093,-1.4644585705033686
2025-07-02,2025-07-03,NC,0.30000000000002247,5.000000000000004,1.3407859345342388,-0.31562978503518746
2025-07-09,2025-07-10,NC,-0.49999999999994493,0.49999999999994493,-0.5379045188156795,-0.9124628216753639
2025-07-16,2025-07-17,NC,0.7999999999999674,-3.5000000000001696,0.03965681524089604,-0.35993238740874567
2025-07-23,2025-07-24,NC,-0.49999999999994493,-0.49999999999994493,-1.1596117784662852,0.06524085252246348
2025-07-30,2025-07-31,C,0,12.999999999999956,-0.6880033746893943,0.4188280286189894
2025-08-06,2025-08-07,NC,-0.10000000000010001,-8.00000000000023,1.4683002698609116,-0.8203704576341675
2025-08-13,2025-08-14,NC,0.4000000000001225,3.999999999999837,-0.24284822648041882,0.3314723900309291
2025-08-20,2025-08-21,NC,0.49999999999994493,6.500000000000117,-0.11561897051031167,-0.07977260782727758
2025-08-27,2025-08-28,NC,0,-1.5000000000001124,1.3155280149273807,-0.08678492360882917
2025-09-17,2025-09-18,C,0.49999999999994493,4.5000000000000595,-0.06468033547619711,-0.10929016842990968
2025-09-24,2025-09-25,NC,-0.49999999999994493,10.000000000000009,-0.8125666414596111,0.6321582746409371
2025-10-01,2025-10-02,NC,0,7.000000000000062,-1.0831807302100316,0.1462603702909293
2025-10-08,2025-10-09,NC,-0.10000000000010001,-8.500000000000174,-0.30803934979690695,0.7841475132010389
2025-10-15,2025-10-16,NC,0.19999999999992246,0.5000000000002225,-0.2834515833875173,-0.15582649546073135
2025-10-22,2025-10-23,NC,0,-0.5000000000002225,0.5837650330413169,-0.306057303958851
2025-10-29,2025-10-30,NC,0,5.499999999999949,0.09904741067536804,0.007467268513594583
2025-11-05,2025-11-06,C,0.6999999999998674,4.000000000000115,0.0288227230715421,-0.6936590802047116
2025-11-12,2025-11-13,NC,0.30000000000002247,1.9999999999997797,-0.2989055462053969,0.39007514838504953
2025-11-19,2025-11-21,NC,-0.49999999999994493,0,-0.39371871196660635,0.2027514186924595
2025-11-26,2025-11-27,NC,0.9999999999998899,3.499999999999892,-0.12317511600272724,-0.9075470921536599
2025-12-03,2025-12-04,NC,-0.9000000000000674,-7.500000000000007,1.655672816783138,-0.3799758618820981
2025-12-10,2025-12-11,C,1.30000000000019,-3.999999999999837,0.07172032010540619,0.7026720691198474
2025-12-17,2025-12-18,NC,-0.9999999999998899,5.499999999999949,0.37816309333909004,0.1995226408792794
