tag,instrument,r,q,sample,var,theory_sign,h0,share_correct,verdict
z_jk_bs_purif_r6q5_full,z_jk_bs_purif,6,5,full,asset_ibov,-1,-0.011142483090391588,0.14285714285714285,incoerente
z_jk_bs_purif_r6q5_full,z_jk_bs_purif,6,5,full,cambio_usd,-1,0.18516757891865593,0,soft_depreciacao_fiscal_dom
z_jk_bs_purif_r6q5_full,z_jk_bs_purif,6,5,full,embi_perc,-1,0.250466766350897,0,soft_risco_abre_fiscal_dom
z_jk_bs_purif_r6q5_full,z_jk_bs_purif,6,5,full,credit_outstanding,-1,0.2886456726232778,0.8387096774193549,coerente_forte
z_jk_bs_purif_r6q5_full,z_jk_bs_purif,6,5,full,credito_pessoa_fisica,-1,0.07593043817875067,0.8387096774193549,coerente
z_jk_bs_purif_r6q5_full,z_jk_bs_purif,6,5,full,spread_icc_juridica,1,-0.02412472989219484,0.38461538461538464,incoerente
z_jk_bs_purif_r6q5_full,z_jk_bs_purif,6,5,full,spread_icc_fisica,1,-0.005395131622692522,0.6923076923076923,parcial
z_jk_bs_purif_r6q5_full,z_jk_bs_purif,6,5,full,ibc_br,-1,-0.5572155169091417,1,coerente_forte
z_jk_bs_purif_r6q5_full,z_jk_bs_purif,6,5,full,trab_tx_desemprego,1,-0.025658089273387877,0.7419354838709677,parcial
z_jk_bs_purif_r6q5_full,z_jk_bs_purif,6,5,full,price_ipca,-1,0.09793984910350284,0.5945945945945946,parcial
z_jk_bs_purif_r6q5_full,z_jk_bs_purif,6,5,full,price_core_ipca_ex0,-1,0.08477354776507508,0,incoerente
z_jk_bs_purif_r6q5_pre_covid,z_jk_bs_purif,6,5,pre_covid,asset_ibov,-1,-0.11243803371896557,0.42857142857142855,incoerente
z_jk_bs_purif_r6q5_pre_covid,z_jk_bs_purif,6,5,pre_covid,cambio_usd,-1,0.08994952717353352,0.5714285714285714,soft_depreciacao_fiscal_dom
z_jk_bs_purif_r6q5_pre_covid,z_jk_bs_purif,6,5,pre_covid,embi_perc,-1,0.39046376411380856,0,soft_risco_abre_fiscal_dom
z_jk_bs_purif_r6q5_pre_covid,z_jk_bs_purif,6,5,pre_covid,credit_outstanding,-1,0.10135843190821614,1,coerente
z_jk_bs_purif_r6q5_pre_covid,z_jk_bs_purif,6,5,pre_covid,credito_pessoa_fisica,-1,0.16829092906698317,0.9354838709677419,coerente
z_jk_bs_purif_r6q5_pre_covid,z_jk_bs_purif,6,5,pre_covid,spread_icc_juridica,1,-0.030383237780554916,0.8461538461538461,coerente
z_jk_bs_purif_r6q5_pre_covid,z_jk_bs_purif,6,5,pre_covid,spread_icc_fisica,1,0.00935999418446022,1,coerente
z_jk_bs_purif_r6q5_pre_covid,z_jk_bs_purif,6,5,pre_covid,ibc_br,-1,-0.35104816023726904,1,coerente
z_jk_bs_purif_r6q5_pre_covid,z_jk_bs_purif,6,5,pre_covid,trab_tx_desemprego,1,0.04740752233105231,1,coerente
z_jk_bs_purif_r6q5_pre_covid,z_jk_bs_purif,6,5,pre_covid,price_ipca,-1,-0.2531873684888411,1,coerente
z_jk_bs_purif_r6q5_pre_covid,z_jk_bs_purif,6,5,pre_covid,price_core_ipca_ex0,-1,-0.10460926690920204,0.8108108108108109,coerente
z_jk_bs_purif_r7q6_full,z_jk_bs_purif,7,6,full,asset_ibov,-1,-0.022234333160129537,0.2857142857142857,incoerente
z_jk_bs_purif_r7q6_full,z_jk_bs_purif,7,6,full,cambio_usd,-1,0.14412043411227532,0,soft_depreciacao_fiscal_dom
z_jk_bs_purif_r7q6_full,z_jk_bs_purif,7,6,full,embi_perc,-1,0.20883103045219084,0,soft_risco_abre_fiscal_dom
z_jk_bs_purif_r7q6_full,z_jk_bs_purif,7,6,full,credit_outstanding,-1,-0.0030617318858894293,0.9354838709677419,coerente_forte
z_jk_bs_purif_r7q6_full,z_jk_bs_purif,7,6,full,credito_pessoa_fisica,-1,-0.04475240441613737,0.9354838709677419,coerente_forte
z_jk_bs_purif_r7q6_full,z_jk_bs_purif,7,6,full,spread_icc_juridica,1,-0.020157980073758103,0.6923076923076923,parcial
z_jk_bs_purif_r7q6_full,z_jk_bs_purif,7,6,full,spread_icc_fisica,1,-0.025560177404495527,0.6923076923076923,parcial
z_jk_bs_purif_r7q6_full,z_jk_bs_purif,7,6,full,ibc_br,-1,-0.4753058109620404,1,coerente
z_jk_bs_purif_r7q6_full,z_jk_bs_purif,7,6,full,trab_tx_desemprego,1,-0.01174618228867122,0.8064516129032258,coerente_forte
z_jk_bs_purif_r7q6_full,z_jk_bs_purif,7,6,full,price_ipca,-1,-0.06451493733316208,0.5135135135135135,parcial
z_jk_bs_purif_r7q6_full,z_jk_bs_purif,7,6,full,price_core_ipca_ex0,-1,0.016206357441695386,0,incoerente
z_jk_bs_purif_r7q6_pre_covid,z_jk_bs_purif,7,6,pre_covid,asset_ibov,-1,-0.0315000318039973,0.2857142857142857,incoerente
z_jk_bs_purif_r7q6_pre_covid,z_jk_bs_purif,7,6,pre_covid,cambio_usd,-1,0.16775290140044746,0.42857142857142855,soft_depreciacao_fiscal_dom
z_jk_bs_purif_r7q6_pre_covid,z_jk_bs_purif,7,6,pre_covid,embi_perc,-1,0.41620628413704913,0.5714285714285714,soft_risco_abre_fiscal_dom
z_jk_bs_purif_r7q6_pre_covid,z_jk_bs_purif,7,6,pre_covid,credit_outstanding,-1,0.058096474628377415,0.45161290322580644,incoerente
z_jk_bs_purif_r7q6_pre_covid,z_jk_bs_purif,7,6,pre_covid,credito_pessoa_fisica,-1,0.014655103235861056,0.16129032258064516,incoerente
z_jk_bs_purif_r7q6_pre_covid,z_jk_bs_purif,7,6,pre_covid,spread_icc_juridica,1,0.0238336867185628,0.46153846153846156,incoerente
z_jk_bs_purif_r7q6_pre_covid,z_jk_bs_purif,7,6,pre_covid,spread_icc_fisica,1,0.023188778186184363,0.38461538461538464,incoerente
z_jk_bs_purif_r7q6_pre_covid,z_jk_bs_purif,7,6,pre_covid,ibc_br,-1,-0.6880868538474103,0.6363636363636364,parcial
z_jk_bs_purif_r7q6_pre_covid,z_jk_bs_purif,7,6,pre_covid,trab_tx_desemprego,1,-0.021109425909196743,0.6774193548387096,parcial
z_jk_bs_purif_r7q6_pre_covid,z_jk_bs_purif,7,6,pre_covid,price_ipca,-1,-0.1239749077131125,0.8378378378378378,coerente
z_jk_bs_purif_r7q6_pre_covid,z_jk_bs_purif,7,6,pre_covid,price_core_ipca_ex0,-1,0.0609470366557331,0.7297297297297297,parcial
z_jk_bs_purif_r8q8_full,z_jk_bs_purif,8,8,full,asset_ibov,-1,-0.01856647792505672,0.2857142857142857,incoerente
z_jk_bs_purif_r8q8_full,z_jk_bs_purif,8,8,full,cambio_usd,-1,0.12004472417067609,0,soft_depreciacao_fiscal_dom
z_jk_bs_purif_r8q8_full,z_jk_bs_purif,8,8,full,embi_perc,-1,0.18503395569948097,0,soft_risco_abre_fiscal_dom
z_jk_bs_purif_r8q8_full,z_jk_bs_purif,8,8,full,credit_outstanding,-1,0.12061943219885407,0.7741935483870968,parcial
z_jk_bs_purif_r8q8_full,z_jk_bs_purif,8,8,full,credito_pessoa_fisica,-1,0.06143068348238856,0.7419354838709677,parcial
z_jk_bs_purif_r8q8_full,z_jk_bs_purif,8,8,full,spread_icc_juridica,1,-0.01046731092004197,0.7692307692307693,parcial
z_jk_bs_purif_r8q8_full,z_jk_bs_purif,8,8,full,spread_icc_fisica,1,-0.004318316474875086,0.8461538461538461,coerente_forte
z_jk_bs_purif_r8q8_full,z_jk_bs_purif,8,8,full,ibc_br,-1,-0.4161101469976402,1,coerente
z_jk_bs_purif_r8q8_full,z_jk_bs_purif,8,8,full,trab_tx_desemprego,1,-0.04958492991226653,0.6451612903225806,parcial
z_jk_bs_purif_r8q8_full,z_jk_bs_purif,8,8,full,price_ipca,-1,-0.06597012173074433,0.4864864864864865,incoerente
z_jk_bs_purif_r8q8_full,z_jk_bs_purif,8,8,full,price_core_ipca_ex0,-1,0.01951257413959246,0.4594594594594595,incoerente
z_jk_bs_purif_r8q8_pre_covid,z_jk_bs_purif,8,8,pre_covid,asset_ibov,-1,0.06278714453114968,0.14285714285714285,incoerente
z_jk_bs_purif_r8q8_pre_covid,z_jk_bs_purif,8,8,pre_covid,cambio_usd,-1,0.05599920374946014,0.7142857142857143,soft_depreciacao_fiscal_dom
z_jk_bs_purif_r8q8_pre_covid,z_jk_bs_purif,8,8,pre_covid,embi_perc,-1,0.17028572453085414,0.8571428571428571,soft_risco_abre_fiscal_dom
z_jk_bs_purif_r8q8_pre_covid,z_jk_bs_purif,8,8,pre_covid,credit_outstanding,-1,-0.21341555856201344,0.6774193548387096,parcial
z_jk_bs_purif_r8q8_pre_covid,z_jk_bs_purif,8,8,pre_covid,credito_pessoa_fisica,-1,0.11251258140800857,0.4838709677419355,incoerente
z_jk_bs_purif_r8q8_pre_covid,z_jk_bs_purif,8,8,pre_covid,spread_icc_juridica,1,0.04228146605324527,0.38461538461538464,incoerente
z_jk_bs_purif_r8q8_pre_covid,z_jk_bs_purif,8,8,pre_covid,spread_icc_fisica,1,0.05267184016216533,0.5384615384615384,parcial
z_jk_bs_purif_r8q8_pre_covid,z_jk_bs_purif,8,8,pre_covid,ibc_br,-1,-0.13083086759984777,0.7727272727272727,parcial
z_jk_bs_purif_r8q8_pre_covid,z_jk_bs_purif,8,8,pre_covid,trab_tx_desemprego,1,0.04282328411920947,0.8387096774193549,coerente
z_jk_bs_purif_r8q8_pre_covid,z_jk_bs_purif,8,8,pre_covid,price_ipca,-1,-0.35628808195819067,0.8648648648648649,coerente
z_jk_bs_purif_r8q8_pre_covid,z_jk_bs_purif,8,8,pre_covid,price_core_ipca_ex0,-1,-0.08618480517757898,0.7837837837837838,parcial
z_jk_purif_r6q5_full,z_jk_purif,6,5,full,asset_ibov,-1,-0.08928834982431337,0.42857142857142855,incoerente
z_jk_purif_r6q5_full,z_jk_purif,6,5,full,cambio_usd,-1,0.24542395087241223,0,soft_depreciacao_fiscal_dom
z_jk_purif_r6q5_full,z_jk_purif,6,5,full,embi_perc,-1,0.4640022154791913,0,soft_risco_abre_fiscal_dom
z_jk_purif_r6q5_full,z_jk_purif,6,5,full,credit_outstanding,-1,0.4312702086683551,0.8387096774193549,coerente
z_jk_purif_r6q5_full,z_jk_purif,6,5,full,credito_pessoa_fisica,-1,0.011775207894371142,1,coerente
z_jk_purif_r6q5_full,z_jk_purif,6,5,full,spread_icc_juridica,1,-0.03212085410825231,0,incoerente
z_jk_purif_r6q5_full,z_jk_purif,6,5,full,spread_icc_fisica,1,3.962173416730258e-4,0.23076923076923078,incoerente
z_jk_purif_r6q5_full,z_jk_purif,6,5,full,ibc_br,-1,-0.9791771351276238,1,coerente_forte
z_jk_purif_r6q5_full,z_jk_purif,6,5,full,trab_tx_desemprego,1,0.004322195126260142,1,coerente
z_jk_purif_r6q5_full,z_jk_purif,6,5,full,price_ipca,-1,0.10494271766982548,0.5405405405405406,parcial
z_jk_purif_r6q5_full,z_jk_purif,6,5,full,price_core_ipca_ex0,-1,0.05906133630004989,0,incoerente
z_jk_purif_r6q5_pre_covid,z_jk_purif,6,5,pre_covid,asset_ibov,-1,-0.14020291522574707,0.42857142857142855,incoerente
z_jk_purif_r6q5_pre_covid,z_jk_purif,6,5,pre_covid,cambio_usd,-1,0.06817494858281072,0.42857142857142855,soft_depreciacao_fiscal_dom
z_jk_purif_r6q5_pre_covid,z_jk_purif,6,5,pre_covid,embi_perc,-1,0.41783238862820277,0,soft_risco_abre_fiscal_dom
z_jk_purif_r6q5_pre_covid,z_jk_purif,6,5,pre_covid,credit_outstanding,-1,0.11581682663233117,1,coerente
z_jk_purif_r6q5_pre_covid,z_jk_purif,6,5,pre_covid,credito_pessoa_fisica,-1,0.1317510795645127,1,coerente
z_jk_purif_r6q5_pre_covid,z_jk_purif,6,5,pre_covid,spread_icc_juridica,1,-0.03222389967399579,0.8461538461538461,coerente
z_jk_purif_r6q5_pre_covid,z_jk_purif,6,5,pre_covid,spread_icc_fisica,1,0.05002036714022475,1,coerente
z_jk_purif_r6q5_pre_covid,z_jk_purif,6,5,pre_covid,ibc_br,-1,-0.6197788003344334,1,coerente_forte
z_jk_purif_r6q5_pre_covid,z_jk_purif,6,5,pre_covid,trab_tx_desemprego,1,0.06377474829142595,1,coerente
z_jk_purif_r6q5_pre_covid,z_jk_purif,6,5,pre_covid,price_ipca,-1,-0.08957410928149072,1,coerente
z_jk_purif_r6q5_pre_covid,z_jk_purif,6,5,pre_covid,price_core_ipca_ex0,-1,-0.05808418644215922,0.8918918918918919,coerente
z_jk_purif_r7q6_full,z_jk_purif,7,6,full,asset_ibov,-1,-0.09635885310126399,0.2857142857142857,incoerente
z_jk_purif_r7q6_full,z_jk_purif,7,6,full,cambio_usd,-1,0.2505623929286711,0,soft_depreciacao_fiscal_dom
z_jk_purif_r7q6_full,z_jk_purif,7,6,full,embi_perc,-1,0.46911297074547753,0,soft_risco_abre_fiscal_dom
z_jk_purif_r7q6_full,z_jk_purif,7,6,full,credit_outstanding,-1,0.36086304983997675,0.8387096774193549,coerente
z_jk_purif_r7q6_full,z_jk_purif,7,6,full,credito_pessoa_fisica,-1,-0.032558796901516196,1,coerente
z_jk_purif_r7q6_full,z_jk_purif,7,6,full,spread_icc_juridica,1,-0.022640550857136496,0.07692307692307693,incoerente
z_jk_purif_r7q6_full,z_jk_purif,7,6,full,spread_icc_fisica,1,0.015063486252638774,0.3076923076923077,incoerente
z_jk_purif_r7q6_full,z_jk_purif,7,6,full,ibc_br,-1,-1.0421616847151136,1,coerente_forte
z_jk_purif_r7q6_full,z_jk_purif,7,6,full,trab_tx_desemprego,1,0.004584108033912714,1,coerente
z_jk_purif_r7q6_full,z_jk_purif,7,6,full,price_ipca,-1,0.005943378934949931,0.5945945945945946,parcial
z_jk_purif_r7q6_full,z_jk_purif,7,6,full,price_core_ipca_ex0,-1,0.03545869169102764,0,incoerente
z_jk_purif_r7q6_pre_covid,z_jk_purif,7,6,pre_covid,asset_ibov,-1,-0.09488145146020652,0.2857142857142857,incoerente
z_jk_purif_r7q6_pre_covid,z_jk_purif,7,6,pre_covid,cambio_usd,-1,0.12801303531402744,0.42857142857142855,soft_depreciacao_fiscal_dom
z_jk_purif_r7q6_pre_covid,z_jk_purif,7,6,pre_covid,embi_perc,-1,0.47328198233928526,0.7142857142857143,soft_risco_abre_fiscal_dom
z_jk_purif_r7q6_pre_covid,z_jk_purif,7,6,pre_covid,credit_outstanding,-1,0.05148222297375327,0,incoerente
z_jk_purif_r7q6_pre_covid,z_jk_purif,7,6,pre_covid,credito_pessoa_fisica,-1,-0.1110712141307868,0.06451612903225806,incoerente
z_jk_purif_r7q6_pre_covid,z_jk_purif,7,6,pre_covid,spread_icc_juridica,1,0.027332698061888157,0.46153846153846156,incoerente
z_jk_purif_r7q6_pre_covid,z_jk_purif,7,6,pre_covid,spread_icc_fisica,1,0.09280033436906963,0.46153846153846156,incoerente
z_jk_purif_r7q6_pre_covid,z_jk_purif,7,6,pre_covid,ibc_br,-1,-1.3558078799137614,0.13636363636363635,incoerente
z_jk_purif_r7q6_pre_covid,z_jk_purif,7,6,pre_covid,trab_tx_desemprego,1,-0.01452594401900509,0,incoerente
z_jk_purif_r7q6_pre_covid,z_jk_purif,7,6,pre_covid,price_ipca,-1,0.0990424425413025,0.4594594594594595,incoerente
z_jk_purif_r7q6_pre_covid,z_jk_purif,7,6,pre_covid,price_core_ipca_ex0,-1,0.13605727070093193,0.35135135135135137,incoerente
z_jk_purif_r8q8_full,z_jk_purif,8,8,full,asset_ibov,-1,-0.09154376651323935,0.2857142857142857,incoerente
z_jk_purif_r8q8_full,z_jk_purif,8,8,full,cambio_usd,-1,0.24000406993904566,0,soft_depreciacao_fiscal_dom
z_jk_purif_r8q8_full,z_jk_purif,8,8,full,embi_perc,-1,0.4615014533657227,0,soft_risco_abre_fiscal_dom
z_jk_purif_r8q8_full,z_jk_purif,8,8,full,credit_outstanding,-1,0.38140888682824947,0.8064516129032258,coerente
z_jk_purif_r8q8_full,z_jk_purif,8,8,full,credito_pessoa_fisica,-1,5.770198705068452e-4,0.8387096774193549,coerente
z_jk_purif_r8q8_full,z_jk_purif,8,8,full,spread_icc_juridica,1,-0.010828060782017456,0.15384615384615385,incoerente
z_jk_purif_r8q8_full,z_jk_purif,8,8,full,spread_icc_fisica,1,0.03956958149566075,0.5384615384615384,parcial
z_jk_purif_r8q8_full,z_jk_purif,8,8,full,ibc_br,-1,-1.0458627559435418,1,coerente_forte
z_jk_purif_r8q8_full,z_jk_purif,8,8,full,trab_tx_desemprego,1,-0.019256215673958604,1,coerente
z_jk_purif_r8q8_full,z_jk_purif,8,8,full,price_ipca,-1,0.019987072169117322,0.2702702702702703,incoerente
z_jk_purif_r8q8_full,z_jk_purif,8,8,full,price_core_ipca_ex0,-1,0.042460175854034395,0,incoerente
z_jk_purif_r8q8_pre_covid,z_jk_purif,8,8,pre_covid,asset_ibov,-1,0.013716114909333893,0.2857142857142857,incoerente
z_jk_purif_r8q8_pre_covid,z_jk_purif,8,8,pre_covid,cambio_usd,-1,-0.022139656434970973,1,soft_apreciacao_standard
z_jk_purif_r8q8_pre_covid,z_jk_purif,8,8,pre_covid,embi_perc,-1,0.16105710008660812,0.8571428571428571,soft_risco_abre_fiscal_dom
z_jk_purif_r8q8_pre_covid,z_jk_purif,8,8,pre_covid,credit_outstanding,-1,-0.17081164257563008,0.6451612903225806,parcial
z_jk_purif_r8q8_pre_covid,z_jk_purif,8,8,pre_covid,credito_pessoa_fisica,-1,0.06019744411980277,0.41935483870967744,incoerente
z_jk_purif_r8q8_pre_covid,z_jk_purif,8,8,pre_covid,spread_icc_juridica,1,0.03480750449162399,0.46153846153846156,incoerente
z_jk_purif_r8q8_pre_covid,z_jk_purif,8,8,pre_covid,spread_icc_fisica,1,0.1293993455734104,0.46153846153846156,incoerente
z_jk_purif_r8q8_pre_covid,z_jk_purif,8,8,pre_covid,ibc_br,-1,-0.9580288510231555,0.7272727272727273,parcial
z_jk_purif_r8q8_pre_covid,z_jk_purif,8,8,pre_covid,trab_tx_desemprego,1,0.04800285058929887,0.8387096774193549,coerente
z_jk_purif_r8q8_pre_covid,z_jk_purif,8,8,pre_covid,price_ipca,-1,-0.06105612748288139,0.8648648648648649,coerente
z_jk_purif_r8q8_pre_covid,z_jk_purif,8,8,pre_covid,price_core_ipca_ex0,-1,-0.021590616155981398,0.7297297297297297,parcial
z_jk_raw_purif_r6q5_full,z_jk_raw_purif,6,5,full,asset_ibov,-1,-0.007205560494523014,0.14285714285714285,incoerente
z_jk_raw_purif_r6q5_full,z_jk_raw_purif,6,5,full,cambio_usd,-1,0.19040864317271747,0,soft_depreciacao_fiscal_dom
z_jk_raw_purif_r6q5_full,z_jk_raw_purif,6,5,full,embi_perc,-1,0.24363259640682125,0,soft_risco_abre_fiscal_dom
z_jk_raw_purif_r6q5_full,z_jk_raw_purif,6,5,full,credit_outstanding,-1,0.2684150684408193,0.8709677419354839,coerente_forte
z_jk_raw_purif_r6q5_full,z_jk_raw_purif,6,5,full,credito_pessoa_fisica,-1,0.06326690355642484,0.8709677419354839,coerente
z_jk_raw_purif_r6q5_full,z_jk_raw_purif,6,5,full,spread_icc_juridica,1,-0.022387810155049065,0.5384615384615384,parcial
z_jk_raw_purif_r6q5_full,z_jk_raw_purif,6,5,full,spread_icc_fisica,1,-0.002289400135121152,0.7692307692307693,parcial
z_jk_raw_purif_r6q5_full,z_jk_raw_purif,6,5,full,ibc_br,-1,-0.5672587136455018,1,coerente_forte
z_jk_raw_purif_r6q5_full,z_jk_raw_purif,6,5,full,trab_tx_desemprego,1,-0.02370823743600313,0.7741935483870968,parcial
z_jk_raw_purif_r6q5_full,z_jk_raw_purif,6,5,full,price_ipca,-1,0.07371271096381038,0.5405405405405406,parcial
z_jk_raw_purif_r6q5_full,z_jk_raw_purif,6,5,full,price_core_ipca_ex0,-1,0.08350523883304256,0,incoerente
z_jk_raw_purif_r6q5_pre_covid,z_jk_raw_purif,6,5,pre_covid,asset_ibov,-1,-0.11748266166804189,0.42857142857142855,incoerente
z_jk_raw_purif_r6q5_pre_covid,z_jk_raw_purif,6,5,pre_covid,cambio_usd,-1,0.08178666408681673,0.5714285714285714,soft_depreciacao_fiscal_dom
z_jk_raw_purif_r6q5_pre_covid,z_jk_raw_purif,6,5,pre_covid,embi_perc,-1,0.38435022894669857,0,soft_risco_abre_fiscal_dom
z_jk_raw_purif_r6q5_pre_covid,z_jk_raw_purif,6,5,pre_covid,credit_outstanding,-1,0.11668804615525552,1,coerente
z_jk_raw_purif_r6q5_pre_covid,z_jk_raw_purif,6,5,pre_covid,credito_pessoa_fisica,-1,0.1817431493947419,0.9032258064516129,coerente
z_jk_raw_purif_r6q5_pre_covid,z_jk_raw_purif,6,5,pre_covid,spread_icc_juridica,1,-0.03437786267399746,0.8461538461538461,coerente
z_jk_raw_purif_r6q5_pre_covid,z_jk_raw_purif,6,5,pre_covid,spread_icc_fisica,1,0.0034628393640213236,1,coerente
z_jk_raw_purif_r6q5_pre_covid,z_jk_raw_purif,6,5,pre_covid,ibc_br,-1,-0.3505949586818652,1,coerente
z_jk_raw_purif_r6q5_pre_covid,z_jk_raw_purif,6,5,pre_covid,trab_tx_desemprego,1,0.04018333286704448,1,coerente
z_jk_raw_purif_r6q5_pre_covid,z_jk_raw_purif,6,5,pre_covid,price_ipca,-1,-0.26246400242034557,1,coerente
z_jk_raw_purif_r6q5_pre_covid,z_jk_raw_purif,6,5,pre_covid,price_core_ipca_ex0,-1,-0.11413970264014422,0.8108108108108109,coerente
z_jk_raw_purif_r7q6_full,z_jk_raw_purif,7,6,full,asset_ibov,-1,-0.018968274837526097,0.2857142857142857,incoerente
z_jk_raw_purif_r7q6_full,z_jk_raw_purif,7,6,full,cambio_usd,-1,0.1446671534024614,0,soft_depreciacao_fiscal_dom
z_jk_raw_purif_r7q6_full,z_jk_raw_purif,7,6,full,embi_perc,-1,0.19944190347320256,0,soft_risco_abre_fiscal_dom
z_jk_raw_purif_r7q6_full,z_jk_raw_purif,7,6,full,credit_outstanding,-1,-0.0344667406382948,1,coerente_forte
z_jk_raw_purif_r7q6_full,z_jk_raw_purif,7,6,full,credito_pessoa_fisica,-1,-0.05945591726101984,0.9354838709677419,coerente_forte
z_jk_raw_purif_r7q6_full,z_jk_raw_purif,7,6,full,spread_icc_juridica,1,-0.018363591133768238,0.6923076923076923,parcial
z_jk_raw_purif_r7q6_full,z_jk_raw_purif,7,6,full,spread_icc_fisica,1,-0.023729080100391237,0.6923076923076923,parcial
z_jk_raw_purif_r7q6_full,z_jk_raw_purif,7,6,full,ibc_br,-1,-0.48532322077005985,1,coerente_forte
z_jk_raw_purif_r7q6_full,z_jk_raw_purif,7,6,full,trab_tx_desemprego,1,-0.01138156397405519,0.8064516129032258,coerente_forte
z_jk_raw_purif_r7q6_full,z_jk_raw_purif,7,6,full,price_ipca,-1,-0.10167006763945129,0.5135135135135135,parcial
z_jk_raw_purif_r7q6_full,z_jk_raw_purif,7,6,full,price_core_ipca_ex0,-1,0.008457943266351249,0,incoerente
z_jk_raw_purif_r7q6_pre_covid,z_jk_raw_purif,7,6,pre_covid,asset_ibov,-1,-0.03913652807477129,0.2857142857142857,incoerente
z_jk_raw_purif_r7q6_pre_covid,z_jk_raw_purif,7,6,pre_covid,cambio_usd,-1,0.1616487115043125,0.42857142857142855,soft_depreciacao_fiscal_dom
z_jk_raw_purif_r7q6_pre_covid,z_jk_raw_purif,7,6,pre_covid,embi_perc,-1,0.41224562960481353,0.5714285714285714,soft_risco_abre_fiscal_dom
z_jk_raw_purif_r7q6_pre_covid,z_jk_raw_purif,7,6,pre_covid,credit_outstanding,-1,0.13418012049248862,0.3548387096774194,incoerente
z_jk_raw_purif_r7q6_pre_covid,z_jk_raw_purif,7,6,pre_covid,credito_pessoa_fisica,-1,0.07047283050478637,0.0967741935483871,incoerente
z_jk_raw_purif_r7q6_pre_covid,z_jk_raw_purif,7,6,pre_covid,spread_icc_juridica,1,0.010675502775068894,0.46153846153846156,incoerente
z_jk_raw_purif_r7q6_pre_covid,z_jk_raw_purif,7,6,pre_covid,spread_icc_fisica,1,-0.005404384034986721,0.15384615384615385,incoerente
z_jk_raw_purif_r7q6_pre_covid,z_jk_raw_purif,7,6,pre_covid,ibc_br,-1,-0.6009050134048497,0.6363636363636364,parcial
z_jk_raw_purif_r7q6_pre_covid,z_jk_raw_purif,7,6,pre_covid,trab_tx_desemprego,1,-0.05083256859563,0.6774193548387096,parcial
z_jk_raw_purif_r7q6_pre_covid,z_jk_raw_purif,7,6,pre_covid,price_ipca,-1,-0.13435536950590604,0.8378378378378378,coerente
z_jk_raw_purif_r7q6_pre_covid,z_jk_raw_purif,7,6,pre_covid,price_core_ipca_ex0,-1,0.03973030130650544,0.7297297297297297,parcial
z_jk_raw_purif_r8q8_full,z_jk_raw_purif,8,8,full,asset_ibov,-1,-0.016076556009172342,0.2857142857142857,incoerente
z_jk_raw_purif_r8q8_full,z_jk_raw_purif,8,8,full,cambio_usd,-1,0.1165304079783035,0,soft_depreciacao_fiscal_dom
z_jk_raw_purif_r8q8_full,z_jk_raw_purif,8,8,full,embi_perc,-1,0.1686256423735797,0,soft_risco_abre_fiscal_dom
z_jk_raw_purif_r8q8_full,z_jk_raw_purif,8,8,full,credit_outstanding,-1,0.09485925615626556,0.7741935483870968,parcial
z_jk_raw_purif_r8q8_full,z_jk_raw_purif,8,8,full,credito_pessoa_fisica,-1,0.052664320384598895,0.7419354838709677,parcial
z_jk_raw_purif_r8q8_full,z_jk_raw_purif,8,8,full,spread_icc_juridica,1,-0.010528317229102968,0.7692307692307693,parcial
z_jk_raw_purif_r8q8_full,z_jk_raw_purif,8,8,full,spread_icc_fisica,1,-0.007355038014712528,0.8461538461538461,coerente_forte
z_jk_raw_purif_r8q8_full,z_jk_raw_purif,8,8,full,ibc_br,-1,-0.39948547340957546,1,coerente
z_jk_raw_purif_r8q8_full,z_jk_raw_purif,8,8,full,trab_tx_desemprego,1,-0.045997713442672866,0.6774193548387096,parcial
z_jk_raw_purif_r8q8_full,z_jk_raw_purif,8,8,full,price_ipca,-1,-0.09246050220148268,0.4864864864864865,incoerente
z_jk_raw_purif_r8q8_full,z_jk_raw_purif,8,8,full,price_core_ipca_ex0,-1,0.01644814305083361,0.4594594594594595,incoerente
z_jk_raw_purif_r8q8_pre_covid,z_jk_raw_purif,8,8,pre_covid,asset_ibov,-1,0.04783506741519805,0.14285714285714285,incoerente
z_jk_raw_purif_r8q8_pre_covid,z_jk_raw_purif,8,8,pre_covid,cambio_usd,-1,0.016677662909660287,0.8571428571428571,soft_depreciacao_fiscal_dom
z_jk_raw_purif_r8q8_pre_covid,z_jk_raw_purif,8,8,pre_covid,embi_perc,-1,0.12453937618838641,0.8571428571428571,soft_risco_abre_fiscal_dom
z_jk_raw_purif_r8q8_pre_covid,z_jk_raw_purif,8,8,pre_covid,credit_outstanding,-1,-0.16273722109585442,0.6451612903225806,parcial
z_jk_raw_purif_r8q8_pre_covid,z_jk_raw_purif,8,8,pre_covid,credito_pessoa_fisica,-1,0.18484785044579066,0.4838709677419355,incoerente
z_jk_raw_purif_r8q8_pre_covid,z_jk_raw_purif,8,8,pre_covid,spread_icc_juridica,1,0.023165332907173073,0.23076923076923078,incoerente
z_jk_raw_purif_r8q8_pre_covid,z_jk_raw_purif,8,8,pre_covid,spread_icc_fisica,1,0.03322399496235371,0.46153846153846156,incoerente
z_jk_raw_purif_r8q8_pre_covid,z_jk_raw_purif,8,8,pre_covid,ibc_br,-1,-0.1601820224230918,0.7727272727272727,parcial
z_jk_raw_purif_r8q8_pre_covid,z_jk_raw_purif,8,8,pre_covid,trab_tx_desemprego,1,0.027959069930004965,0.8387096774193549,coerente
z_jk_raw_purif_r8q8_pre_covid,z_jk_raw_purif,8,8,pre_covid,price_ipca,-1,-0.4082297696109863,0.8378378378378378,coerente
z_jk_raw_purif_r8q8_pre_covid,z_jk_raw_purif,8,8,pre_covid,price_core_ipca_ex0,-1,-0.14540229426765947,0.7837837837837838,parcial
z_bruto_r6q5_full,z_bruto,6,5,full,asset_ibov,-1,-0.009439672377799538,0.14285714285714285,incoerente
z_bruto_r6q5_full,z_bruto,6,5,full,cambio_usd,-1,0.2256366814737977,0,soft_depreciacao_fiscal_dom
z_bruto_r6q5_full,z_bruto,6,5,full,embi_perc,-1,0.3224371990382871,0,soft_risco_abre_fiscal_dom
z_bruto_r6q5_full,z_bruto,6,5,full,credit_outstanding,-1,0.3088318753575514,0.8709677419354839,coerente_forte
z_bruto_r6q5_full,z_bruto,6,5,full,credito_pessoa_fisica,-1,5.534654194727651e-4,0.9354838709677419,coerente
z_bruto_r6q5_full,z_bruto,6,5,full,spread_icc_juridica,1,-0.028901520367907985,0.15384615384615385,incoerente
z_bruto_r6q5_full,z_bruto,6,5,full,spread_icc_fisica,1,0.011924272896033313,0.46153846153846156,incoerente
z_bruto_r6q5_full,z_bruto,6,5,full,ibc_br,-1,-1.1093549854037916,1,coerente_forte
z_bruto_r6q5_full,z_bruto,6,5,full,trab_tx_desemprego,1,-0.0141180425563053,0.9354838709677419,coerente
z_bruto_r6q5_full,z_bruto,6,5,full,price_ipca,-1,0.043850508970123186,0.5135135135135135,parcial
z_bruto_r6q5_full,z_bruto,6,5,full,price_core_ipca_ex0,-1,0.08531459420613156,0,incoerente
z_bruto_r6q5_pre_covid,z_bruto,6,5,pre_covid,asset_ibov,-1,-0.10895533843918832,0.42857142857142855,incoerente
z_bruto_r6q5_pre_covid,z_bruto,6,5,pre_covid,cambio_usd,-1,0.03520086995480876,0.5714285714285714,soft_depreciacao_fiscal_dom
z_bruto_r6q5_pre_covid,z_bruto,6,5,pre_covid,embi_perc,-1,0.33850748700313055,0,soft_risco_abre_fiscal_dom
z_bruto_r6q5_pre_covid,z_bruto,6,5,pre_covid,credit_outstanding,-1,-0.00560837198549935,1,coerente
z_bruto_r6q5_pre_covid,z_bruto,6,5,pre_covid,credito_pessoa_fisica,-1,0.13173631557452659,1,coerente
z_bruto_r6q5_pre_covid,z_bruto,6,5,pre_covid,spread_icc_juridica,1,-0.019723839252263283,0.8461538461538461,coerente
z_bruto_r6q5_pre_covid,z_bruto,6,5,pre_covid,spread_icc_fisica,1,0.06657276908302506,1,coerente
z_bruto_r6q5_pre_covid,z_bruto,6,5,pre_covid,ibc_br,-1,-0.5131573276146247,1,coerente
z_bruto_r6q5_pre_covid,z_bruto,6,5,pre_covid,trab_tx_desemprego,1,0.09179700196010289,1,coerente
z_bruto_r6q5_pre_covid,z_bruto,6,5,pre_covid,price_ipca,-1,-0.19055052617359305,1,coerente
z_bruto_r6q5_pre_covid,z_bruto,6,5,pre_covid,price_core_ipca_ex0,-1,-0.09453450953000302,0.8108108108108109,coerente
z_bruto_r7q6_full,z_bruto,7,6,full,asset_ibov,-1,-0.024873166017515907,0.2857142857142857,incoerente
z_bruto_r7q6_full,z_bruto,7,6,full,cambio_usd,-1,0.19347659034128506,0,soft_depreciacao_fiscal_dom
z_bruto_r7q6_full,z_bruto,7,6,full,embi_perc,-1,0.27783328973025173,0,soft_risco_abre_fiscal_dom
z_bruto_r7q6_full,z_bruto,7,6,full,credit_outstanding,-1,0.038461875909323595,1,coerente_forte
z_bruto_r7q6_full,z_bruto,7,6,full,credito_pessoa_fisica,-1,-0.10251166898948005,1,coerente_forte
z_bruto_r7q6_full,z_bruto,7,6,full,spread_icc_juridica,1,-0.019220030267580377,0.46153846153846156,incoerente
z_bruto_r7q6_full,z_bruto,7,6,full,spread_icc_fisica,1,-0.0010436208468773975,0.6923076923076923,parcial
z_bruto_r7q6_full,z_bruto,7,6,full,ibc_br,-1,-0.882663879965222,1,coerente_forte
z_bruto_r7q6_full,z_bruto,7,6,full,trab_tx_desemprego,1,0.0017021865292555227,1,coerente_forte
z_bruto_r7q6_full,z_bruto,7,6,full,price_ipca,-1,-0.08740913325153155,0.4864864864864865,incoerente
z_bruto_r7q6_full,z_bruto,7,6,full,price_core_ipca_ex0,-1,0.03232312632120996,0,incoerente
z_bruto_r7q6_pre_covid,z_bruto,7,6,pre_covid,asset_ibov,-1,-0.002503203580197592,0.2857142857142857,incoerente
z_bruto_r7q6_pre_covid,z_bruto,7,6,pre_covid,cambio_usd,-1,0.013872516925081577,0.7142857142857143,soft_depreciacao_fiscal_dom
z_bruto_r7q6_pre_covid,z_bruto,7,6,pre_covid,embi_perc,-1,0.19586923682358556,0.5714285714285714,soft_risco_abre_fiscal_dom
z_bruto_r7q6_pre_covid,z_bruto,7,6,pre_covid,credit_outstanding,-1,-0.026883367511676415,0.7096774193548387,parcial
z_bruto_r7q6_pre_covid,z_bruto,7,6,pre_covid,credito_pessoa_fisica,-1,0.13748126602883826,0.5806451612903226,parcial
z_bruto_r7q6_pre_covid,z_bruto,7,6,pre_covid,spread_icc_juridica,1,0.017436790693818358,0.46153846153846156,incoerente
z_bruto_r7q6_pre_covid,z_bruto,7,6,pre_covid,spread_icc_fisica,1,0.06031616643685796,0.46153846153846156,incoerente
z_bruto_r7q6_pre_covid,z_bruto,7,6,pre_covid,ibc_br,-1,-0.7031088440825536,0.7272727272727273,parcial
z_bruto_r7q6_pre_covid,z_bruto,7,6,pre_covid,trab_tx_desemprego,1,0.022879013738037655,0.8064516129032258,coerente
z_bruto_r7q6_pre_covid,z_bruto,7,6,pre_covid,price_ipca,-1,-0.16440178940438252,1,coerente
z_bruto_r7q6_pre_covid,z_bruto,7,6,pre_covid,price_core_ipca_ex0,-1,0.014894823396012705,0.8648648648648649,coerente
z_bruto_r8q8_full,z_bruto,8,8,full,asset_ibov,-1,-0.017572313707486135,0.2857142857142857,incoerente
z_bruto_r8q8_full,z_bruto,8,8,full,cambio_usd,-1,0.14800709710683213,0,soft_depreciacao_fiscal_dom
z_bruto_r8q8_full,z_bruto,8,8,full,embi_perc,-1,0.23785217160830008,0,soft_risco_abre_fiscal_dom
z_bruto_r8q8_full,z_bruto,8,8,full,credit_outstanding,-1,0.15227226431993035,0.7741935483870968,parcial
z_bruto_r8q8_full,z_bruto,8,8,full,credito_pessoa_fisica,-1,0.034160380893921705,0.7741935483870968,parcial
z_bruto_r8q8_full,z_bruto,8,8,full,spread_icc_juridica,1,-0.0021174030622373246,0.7692307692307693,parcial
z_bruto_r8q8_full,z_bruto,8,8,full,spread_icc_fisica,1,0.02985622305696092,1,coerente
z_bruto_r8q8_full,z_bruto,8,8,full,ibc_br,-1,-0.735645288895875,1,coerente_forte
z_bruto_r8q8_full,z_bruto,8,8,full,trab_tx_desemprego,1,-0.05783928735721716,0.7096774193548387,parcial
z_bruto_r8q8_full,z_bruto,8,8,full,price_ipca,-1,-0.06979506462057655,0.43243243243243246,incoerente
z_bruto_r8q8_full,z_bruto,8,8,full,price_core_ipca_ex0,-1,0.030805219503993723,0.3783783783783784,incoerente
z_bruto_r8q8_pre_covid,z_bruto,8,8,pre_covid,asset_ibov,-1,0.08077884406494269,0.14285714285714285,incoerente
z_bruto_r8q8_pre_covid,z_bruto,8,8,pre_covid,cambio_usd,-1,-0.053057278533462704,1,soft_apreciacao_standard
z_bruto_r8q8_pre_covid,z_bruto,8,8,pre_covid,embi_perc,-1,0.024189720679578145,0.5714285714285714,soft_risco_abre_fiscal_dom
z_bruto_r8q8_pre_covid,z_bruto,8,8,pre_covid,credit_outstanding,-1,-0.14521910067873955,0.8064516129032258,coerente
z_bruto_r8q8_pre_covid,z_bruto,8,8,pre_covid,credito_pessoa_fisica,-1,0.23388724670092564,0.5806451612903226,parcial
z_bruto_r8q8_pre_covid,z_bruto,8,8,pre_covid,spread_icc_juridica,1,0.030420295718586825,0.15384615384615385,incoerente
z_bruto_r8q8_pre_covid,z_bruto,8,8,pre_covid,spread_icc_fisica,1,0.07072257236732218,0.9230769230769231,coerente
z_bruto_r8q8_pre_covid,z_bruto,8,8,pre_covid,ibc_br,-1,-0.33116559391797495,1,coerente
z_bruto_r8q8_pre_covid,z_bruto,8,8,pre_covid,trab_tx_desemprego,1,0.041098865452946824,1,coerente
z_bruto_r8q8_pre_covid,z_bruto,8,8,pre_covid,price_ipca,-1,-0.23964573258080019,0.8648648648648649,coerente
z_bruto_r8q8_pre_covid,z_bruto,8,8,pre_covid,price_core_ipca_ex0,-1,-0.0423068759427919,0.8378378378378378,coerente
z_jk_r6q5_full,z_jk,6,5,full,asset_ibov,-1,-0.0751407193864746,0.42857142857142855,incoerente
z_jk_r6q5_full,z_jk,6,5,full,cambio_usd,-1,0.2335806167715691,0,soft_depreciacao_fiscal_dom
z_jk_r6q5_full,z_jk,6,5,full,embi_perc,-1,0.414174476720333,0,soft_risco_abre_fiscal_dom
z_jk_r6q5_full,z_jk,6,5,full,credit_outstanding,-1,0.39078936105132467,0.8387096774193549,coerente
z_jk_r6q5_full,z_jk,6,5,full,credito_pessoa_fisica,-1,0.024984352363399687,0.967741935483871,coerente
z_jk_r6q5_full,z_jk,6,5,full,spread_icc_juridica,1,-0.02869972432669049,0.07692307692307693,incoerente
z_jk_r6q5_full,z_jk,6,5,full,spread_icc_fisica,1,-0.0012498602627435869,0.23076923076923078,incoerente
z_jk_r6q5_full,z_jk,6,5,full,ibc_br,-1,-0.8222677454470504,1,coerente_forte
z_jk_r6q5_full,z_jk,6,5,full,trab_tx_desemprego,1,-5.641119896336019e-4,1,coerente
z_jk_r6q5_full,z_jk,6,5,full,price_ipca,-1,0.09355212045164624,0.5945945945945946,parcial
z_jk_r6q5_full,z_jk,6,5,full,price_core_ipca_ex0,-1,0.06136605195617545,0,incoerente
z_jk_r6q5_pre_covid,z_jk,6,5,pre_covid,asset_ibov,-1,-0.14232978378062888,0.42857142857142855,incoerente
z_jk_r6q5_pre_covid,z_jk,6,5,pre_covid,cambio_usd,-1,0.07044080233602791,0.42857142857142855,soft_depreciacao_fiscal_dom
z_jk_r6q5_pre_covid,z_jk,6,5,pre_covid,embi_perc,-1,0.4210939329958939,0,soft_risco_abre_fiscal_dom
z_jk_r6q5_pre_covid,z_jk,6,5,pre_covid,credit_outstanding,-1,0.12925313815763673,1,coerente
z_jk_r6q5_pre_covid,z_jk,6,5,pre_covid,credito_pessoa_fisica,-1,0.13664858023096915,1,coerente
z_jk_r6q5_pre_covid,z_jk,6,5,pre_covid,spread_icc_juridica,1,-0.03401016681262602,0.8461538461538461,coerente
z_jk_r6q5_pre_covid,z_jk,6,5,pre_covid,spread_icc_fisica,1,0.044619784472096455,1,coerente
z_jk_r6q5_pre_covid,z_jk,6,5,pre_covid,ibc_br,-1,-0.6188695930412992,1,coerente_forte
z_jk_r6q5_pre_covid,z_jk,6,5,pre_covid,trab_tx_desemprego,1,0.0585344445208401,1,coerente
z_jk_r6q5_pre_covid,z_jk,6,5,pre_covid,price_ipca,-1,-0.09407094472832023,1,coerente
z_jk_r6q5_pre_covid,z_jk,6,5,pre_covid,price_core_ipca_ex0,-1,-0.05894971627196695,0.8918918918918919,coerente
z_jk_r7q6_full,z_jk,7,6,full,asset_ibov,-1,-0.08159895848673615,0.2857142857142857,incoerente
z_jk_r7q6_full,z_jk,7,6,full,cambio_usd,-1,0.2361600975574682,0,soft_depreciacao_fiscal_dom
z_jk_r7q6_full,z_jk,7,6,full,embi_perc,-1,0.4180049148629986,0,soft_risco_abre_fiscal_dom
z_jk_r7q6_full,z_jk,7,6,full,credit_outstanding,-1,0.3053984875099891,0.8709677419354839,coerente
z_jk_r7q6_full,z_jk,7,6,full,credito_pessoa_fisica,-1,-0.0276203599011704,1,coerente
z_jk_r7q6_full,z_jk,7,6,full,spread_icc_juridica,1,-0.020856485358911145,0.15384615384615385,incoerente
z_jk_r7q6_full,z_jk,7,6,full,spread_icc_fisica,1,0.009781906106711114,0.38461538461538464,incoerente
z_jk_r7q6_full,z_jk,7,6,full,ibc_br,-1,-0.8999645510292849,1,coerente_forte
z_jk_r7q6_full,z_jk,7,6,full,trab_tx_desemprego,1,0.0014587050597566647,1,coerente
z_jk_r7q6_full,z_jk,7,6,full,price_ipca,-1,-0.009507655319286582,0.5675675675675675,parcial
z_jk_r7q6_full,z_jk,7,6,full,price_core_ipca_ex0,-1,0.034550859815155203,0,incoerente
z_jk_r7q6_pre_covid,z_jk,7,6,pre_covid,asset_ibov,-1,-0.1006407741230653,0.2857142857142857,incoerente
z_jk_r7q6_pre_covid,z_jk,7,6,pre_covid,cambio_usd,-1,0.13595478082222803,0.42857142857142855,soft_depreciacao_fiscal_dom
z_jk_r7q6_pre_covid,z_jk,7,6,pre_covid,embi_perc,-1,0.4877847990034645,0.7142857142857143,soft_risco_abre_fiscal_dom
z_jk_r7q6_pre_covid,z_jk,7,6,pre_covid,credit_outstanding,-1,0.08159065855781744,0,incoerente
z_jk_r7q6_pre_covid,z_jk,7,6,pre_covid,credito_pessoa_fisica,-1,-0.10713639822181875,0.06451612903225806,incoerente
z_jk_r7q6_pre_covid,z_jk,7,6,pre_covid,spread_icc_juridica,1,0.024183329638492023,0.46153846153846156,incoerente
z_jk_r7q6_pre_covid,z_jk,7,6,pre_covid,spread_icc_fisica,1,0.08293472165582907,0.46153846153846156,incoerente
z_jk_r7q6_pre_covid,z_jk,7,6,pre_covid,ibc_br,-1,-1.3626040149913416,0.13636363636363635,incoerente
z_jk_r7q6_pre_covid,z_jk,7,6,pre_covid,trab_tx_desemprego,1,-0.027187853906911696,0,incoerente
z_jk_r7q6_pre_covid,z_jk,7,6,pre_covid,price_ipca,-1,0.1025099037637174,0.40540540540540543,incoerente
z_jk_r7q6_pre_covid,z_jk,7,6,pre_covid,price_core_ipca_ex0,-1,0.13784152370467712,0.35135135135135137,incoerente
z_jk_r8q8_full,z_jk,8,8,full,asset_ibov,-1,-0.07684940560270186,0.2857142857142857,incoerente
z_jk_r8q8_full,z_jk,8,8,full,cambio_usd,-1,0.2255960332256183,0,soft_depreciacao_fiscal_dom
z_jk_r8q8_full,z_jk,8,8,full,embi_perc,-1,0.41090509538719205,0,soft_risco_abre_fiscal_dom
z_jk_r8q8_full,z_jk,8,8,full,credit_outstanding,-1,0.3280309820835381,0.8064516129032258,coerente
z_jk_r8q8_full,z_jk,8,8,full,credito_pessoa_fisica,-1,0.006063789457400048,0.8387096774193549,coerente
z_jk_r8q8_full,z_jk,8,8,full,spread_icc_juridica,1,-0.009198444216667993,0.23076923076923078,incoerente
z_jk_r8q8_full,z_jk,8,8,full,spread_icc_fisica,1,0.034281505637318584,0.7692307692307693,parcial
z_jk_r8q8_full,z_jk,8,8,full,ibc_br,-1,-0.9111283412753878,1,coerente_forte
z_jk_r8q8_full,z_jk,8,8,full,trab_tx_desemprego,1,-0.022879182603156446,0.967741935483871,coerente
z_jk_r8q8_full,z_jk,8,8,full,price_ipca,-1,-7.363920222415853e-4,0.3783783783783784,incoerente
z_jk_r8q8_full,z_jk,8,8,full,price_core_ipca_ex0,-1,0.03987743136969791,0,incoerente
z_jk_r8q8_pre_covid,z_jk,8,8,pre_covid,asset_ibov,-1,0.012038237754399826,0.2857142857142857,incoerente
z_jk_r8q8_pre_covid,z_jk,8,8,pre_covid,cambio_usd,-1,-0.02656593648867907,1,soft_apreciacao_standard
z_jk_r8q8_pre_covid,z_jk,8,8,pre_covid,embi_perc,-1,0.15418935122092162,0.8571428571428571,soft_risco_abre_fiscal_dom
z_jk_r8q8_pre_covid,z_jk,8,8,pre_covid,credit_outstanding,-1,-0.17194498729633523,0.6129032258064516,parcial
z_jk_r8q8_pre_covid,z_jk,8,8,pre_covid,credito_pessoa_fisica,-1,0.06628678687166101,0.41935483870967744,incoerente
z_jk_r8q8_pre_covid,z_jk,8,8,pre_covid,spread_icc_juridica,1,0.032770155200369945,0.46153846153846156,incoerente
z_jk_r8q8_pre_covid,z_jk,8,8,pre_covid,spread_icc_fisica,1,0.1260778229893768,0.46153846153846156,incoerente
z_jk_r8q8_pre_covid,z_jk,8,8,pre_covid,ibc_br,-1,-0.9609477350907463,0.7272727272727273,parcial
z_jk_r8q8_pre_covid,z_jk,8,8,pre_covid,trab_tx_desemprego,1,0.04541612804258138,0.7741935483870968,parcial
z_jk_r8q8_pre_covid,z_jk,8,8,pre_covid,price_ipca,-1,-0.08166975365486596,0.8648648648648649,coerente
z_jk_r8q8_pre_covid,z_jk,8,8,pre_covid,price_core_ipca_ex0,-1,-0.03730635440928673,0.7027027027027027,parcial
z_het_jk_3var_r6q5_full,z_het_jk_3var,6,5,full,asset_ibov,-1,0.020161984701033416,0,incoerente
z_het_jk_3var_r6q5_full,z_het_jk_3var,6,5,full,cambio_usd,-1,0.2214866440196324,0,soft_depreciacao_fiscal_dom
z_het_jk_3var_r6q5_full,z_het_jk_3var,6,5,full,embi_perc,-1,0.23272475705286347,0,soft_risco_abre_fiscal_dom
z_het_jk_3var_r6q5_full,z_het_jk_3var,6,5,full,credit_outstanding,-1,0.22309502695734285,0.9354838709677419,coerente
z_het_jk_3var_r6q5_full,z_het_jk_3var,6,5,full,credito_pessoa_fisica,-1,0.0036826750776652872,0.9354838709677419,coerente
z_het_jk_3var_r6q5_full,z_het_jk_3var,6,5,full,spread_icc_juridica,1,-0.02206837501892982,0.5384615384615384,parcial
z_het_jk_3var_r6q5_full,z_het_jk_3var,6,5,full,spread_icc_fisica,1,0.011810266021390164,0.8461538461538461,coerente
z_het_jk_3var_r6q5_full,z_het_jk_3var,6,5,full,ibc_br,-1,-0.8654194065848622,1,coerente
z_het_jk_3var_r6q5_full,z_het_jk_3var,6,5,full,trab_tx_desemprego,1,-0.01823533382551702,0.8387096774193549,coerente
z_het_jk_3var_r6q5_full,z_het_jk_3var,6,5,full,price_ipca,-1,-0.04199662283934107,0.3783783783783784,incoerente
z_het_jk_3var_r6q5_full,z_het_jk_3var,6,5,full,price_core_ipca_ex0,-1,0.07830765846437529,0,incoerente
z_het_jk_3var_r6q5_pre_covid,z_het_jk_3var,6,5,pre_covid,asset_ibov,-1,-0.09862955629423611,0.42857142857142855,incoerente
z_het_jk_3var_r6q5_pre_covid,z_het_jk_3var,6,5,pre_covid,cambio_usd,-1,0.055693226011253795,0.5714285714285714,soft_depreciacao_fiscal_dom
z_het_jk_3var_r6q5_pre_covid,z_het_jk_3var,6,5,pre_covid,embi_perc,-1,0.3147180819913299,0.14285714285714285,soft_risco_abre_fiscal_dom
z_het_jk_3var_r6q5_pre_covid,z_het_jk_3var,6,5,pre_covid,credit_outstanding,-1,0.06095779196326756,1,coerente
z_het_jk_3var_r6q5_pre_covid,z_het_jk_3var,6,5,pre_covid,credito_pessoa_fisica,-1,0.1894694402007291,0.967741935483871,coerente
z_het_jk_3var_r6q5_pre_covid,z_het_jk_3var,6,5,pre_covid,spread_icc_juridica,1,-0.027967241747770447,0.8461538461538461,coerente
z_het_jk_3var_r6q5_pre_covid,z_het_jk_3var,6,5,pre_covid,spread_icc_fisica,1,7.824122063616687e-5,1,coerente
z_het_jk_3var_r6q5_pre_covid,z_het_jk_3var,6,5,pre_covid,ibc_br,-1,-0.39326943248374047,1,coerente
z_het_jk_3var_r6q5_pre_covid,z_het_jk_3var,6,5,pre_covid,trab_tx_desemprego,1,0.04507494979743445,1,coerente
z_het_jk_3var_r6q5_pre_covid,z_het_jk_3var,6,5,pre_covid,price_ipca,-1,-0.3785393657455503,0.972972972972973,coerente
z_het_jk_3var_r6q5_pre_covid,z_het_jk_3var,6,5,pre_covid,price_core_ipca_ex0,-1,-0.1287412196803588,0.8108108108108109,coerente
z_het_jk_3var_r7q6_full,z_het_jk_3var,7,6,full,asset_ibov,-1,-0.004085450686980589,0.2857142857142857,incoerente
z_het_jk_3var_r7q6_full,z_het_jk_3var,7,6,full,cambio_usd,-1,0.1668584916301534,0,soft_depreciacao_fiscal_dom
z_het_jk_3var_r7q6_full,z_het_jk_3var,7,6,full,embi_perc,-1,0.192827100166711,0,soft_risco_abre_fiscal_dom
z_het_jk_3var_r7q6_full,z_het_jk_3var,7,6,full,credit_outstanding,-1,-0.1028063803013457,1,coerente_forte
z_het_jk_3var_r7q6_full,z_het_jk_3var,7,6,full,credito_pessoa_fisica,-1,-0.12085794906739888,1,coerente_forte
z_het_jk_3var_r7q6_full,z_het_jk_3var,7,6,full,spread_icc_juridica,1,-0.012384092005979147,0.7692307692307693,parcial
z_het_jk_3var_r7q6_full,z_het_jk_3var,7,6,full,spread_icc_fisica,1,-0.005420411718136853,0.7692307692307693,parcial
z_het_jk_3var_r7q6_full,z_het_jk_3var,7,6,full,ibc_br,-1,-0.684961017954943,1,coerente
z_het_jk_3var_r7q6_full,z_het_jk_3var,7,6,full,trab_tx_desemprego,1,-0.004138202290255581,0.8709677419354839,coerente_forte
z_het_jk_3var_r7q6_full,z_het_jk_3var,7,6,full,price_ipca,-1,-0.1749197511839453,0.4594594594594595,incoerente
z_het_jk_3var_r7q6_full,z_het_jk_3var,7,6,full,price_core_ipca_ex0,-1,0.011995462575449197,0,incoerente
z_het_jk_3var_r7q6_pre_covid,z_het_jk_3var,7,6,pre_covid,asset_ibov,-1,0.005596966921080653,0.2857142857142857,incoerente
z_het_jk_3var_r7q6_pre_covid,z_het_jk_3var,7,6,pre_covid,cambio_usd,-1,0.0899284861561832,0.42857142857142855,soft_depreciacao_fiscal_dom
z_het_jk_3var_r7q6_pre_covid,z_het_jk_3var,7,6,pre_covid,embi_perc,-1,0.24330381267314508,0.42857142857142855,soft_risco_abre_fiscal_dom
z_het_jk_3var_r7q6_pre_covid,z_het_jk_3var,7,6,pre_covid,credit_outstanding,-1,0.14191881072469492,0.7096774193548387,parcial
z_het_jk_3var_r7q6_pre_covid,z_het_jk_3var,7,6,pre_covid,credito_pessoa_fisica,-1,0.21005078715037317,0.5483870967741935,parcial
z_het_jk_3var_r7q6_pre_covid,z_het_jk_3var,7,6,pre_covid,spread_icc_juridica,1,0.0030683323623616906,0.3076923076923077,incoerente
z_het_jk_3var_r7q6_pre_covid,z_het_jk_3var,7,6,pre_covid,spread_icc_fisica,1,-0.03169552508242322,0.23076923076923078,incoerente
z_het_jk_3var_r7q6_pre_covid,z_het_jk_3var,7,6,pre_covid,ibc_br,-1,-0.5003591995745003,0.6818181818181818,parcial
z_het_jk_3var_r7q6_pre_covid,z_het_jk_3var,7,6,pre_covid,trab_tx_desemprego,1,-0.047055239114133424,0.7741935483870968,parcial
z_het_jk_3var_r7q6_pre_covid,z_het_jk_3var,7,6,pre_covid,price_ipca,-1,-0.2809569173580853,0.972972972972973,coerente
z_het_jk_3var_r7q6_pre_covid,z_het_jk_3var,7,6,pre_covid,price_core_ipca_ex0,-1,0.015334282466437548,0.8378378378378378,coerente
z_het_jk_3var_r8q8_full,z_het_jk_3var,8,8,full,asset_ibov,-1,-0.007183910841410635,0.2857142857142857,incoerente
z_het_jk_3var_r8q8_full,z_het_jk_3var,8,8,full,cambio_usd,-1,0.08903559639332252,0,soft_depreciacao_fiscal_dom
z_het_jk_3var_r8q8_full,z_het_jk_3var,8,8,full,embi_perc,-1,0.12423932263498555,0,soft_risco_abre_fiscal_dom
z_het_jk_3var_r8q8_full,z_het_jk_3var,8,8,full,credit_outstanding,-1,0.2173593101832516,0.6129032258064516,parcial
z_het_jk_3var_r8q8_full,z_het_jk_3var,8,8,full,credito_pessoa_fisica,-1,0.16174669097936967,0.5806451612903226,parcial
z_het_jk_3var_r8q8_full,z_het_jk_3var,8,8,full,spread_icc_juridica,1,-0.001664399291918198,0.8461538461538461,coerente
z_het_jk_3var_r8q8_full,z_het_jk_3var,8,8,full,spread_icc_fisica,1,0.012016006719415724,1,coerente_forte
z_het_jk_3var_r8q8_full,z_het_jk_3var,8,8,full,ibc_br,-1,-0.3428270081965599,0.5909090909090909,parcial
z_het_jk_3var_r8q8_full,z_het_jk_3var,8,8,full,trab_tx_desemprego,1,-0.08003909067290736,0.5161290322580645,parcial
z_het_jk_3var_r8q8_full,z_het_jk_3var,8,8,full,price_ipca,-1,-0.10204552736898564,0.4864864864864865,incoerente
z_het_jk_3var_r8q8_full,z_het_jk_3var,8,8,full,price_core_ipca_ex0,-1,0.028218805791856868,0.6216216216216216,parcial
z_het_jk_3var_r8q8_pre_covid,z_het_jk_3var,8,8,pre_covid,asset_ibov,-1,0.06328826694774001,0.2857142857142857,incoerente
z_het_jk_3var_r8q8_pre_covid,z_het_jk_3var,8,8,pre_covid,cambio_usd,-1,1.645360265549263e-4,0.7142857142857143,soft_depreciacao_fiscal_dom
z_het_jk_3var_r8q8_pre_covid,z_het_jk_3var,8,8,pre_covid,embi_perc,-1,0.06132013218712935,0.42857142857142855,soft_risco_abre_fiscal_dom
z_het_jk_3var_r8q8_pre_covid,z_het_jk_3var,8,8,pre_covid,credit_outstanding,-1,0.007536120258344603,0.8064516129032258,coerente
z_het_jk_3var_r8q8_pre_covid,z_het_jk_3var,8,8,pre_covid,credito_pessoa_fisica,-1,0.30314887459157447,0.5806451612903226,parcial
z_het_jk_3var_r8q8_pre_covid,z_het_jk_3var,8,8,pre_covid,spread_icc_juridica,1,0.007794064015217773,0.15384615384615385,incoerente
z_het_jk_3var_r8q8_pre_covid,z_het_jk_3var,8,8,pre_covid,spread_icc_fisica,1,-0.01155648567662983,0.7692307692307693,parcial
z_het_jk_3var_r8q8_pre_covid,z_het_jk_3var,8,8,pre_covid,ibc_br,-1,-0.28877991994553304,1,coerente
z_het_jk_3var_r8q8_pre_covid,z_het_jk_3var,8,8,pre_covid,trab_tx_desemprego,1,-0.006930321946169942,1,coerente
z_het_jk_3var_r8q8_pre_covid,z_het_jk_3var,8,8,pre_covid,price_ipca,-1,-0.3988937258378455,0.8378378378378378,coerente
z_het_jk_3var_r8q8_pre_covid,z_het_jk_3var,8,8,pre_covid,price_core_ipca_ex0,-1,-0.06924160583351338,0.7837837837837838,parcial
