tag,instrument,r,q,sample,var,maturity,h0
z_jk_bs_purif_r6q5_full,z_jk_bs_purif,6,5,full,yield_3m,0.25,0.0032250364803341415
z_jk_bs_purif_r6q5_full,z_jk_bs_purif,6,5,full,yield_6m,0.5,0.005
z_jk_bs_purif_r6q5_full,z_jk_bs_purif,6,5,full,yield_1y,1,0.006937531286206587
z_jk_bs_purif_r6q5_full,z_jk_bs_purif,6,5,full,yield_2y,2,0.008446105367231062
z_jk_bs_purif_r6q5_full,z_jk_bs_purif,6,5,full,yield_5y,5,0.008753908967703028
z_jk_bs_purif_r6q5_full,z_jk_bs_purif,6,5,full,yield_10y,10,0.007823626650111383
z_jk_bs_purif_r6q5_pre_covid,z_jk_bs_purif,6,5,pre_covid,yield_3m,0.25,0.004044329650970525
z_jk_bs_purif_r6q5_pre_covid,z_jk_bs_purif,6,5,pre_covid,yield_6m,0.5,0.005
z_jk_bs_purif_r6q5_pre_covid,z_jk_bs_purif,6,5,pre_covid,yield_1y,1,0.006045250087663236
z_jk_bs_purif_r6q5_pre_covid,z_jk_bs_purif,6,5,pre_covid,yield_2y,2,0.007320411599576201
z_jk_bs_purif_r6q5_pre_covid,z_jk_bs_purif,6,5,pre_covid,yield_5y,5,0.008255006656855466
z_jk_bs_purif_r6q5_pre_covid,z_jk_bs_purif,6,5,pre_covid,yield_10y,10,0.007101211187024085
z_jk_bs_purif_r7q6_full,z_jk_bs_purif,7,6,full,yield_3m,0.25,0.002832987211072491
z_jk_bs_purif_r7q6_full,z_jk_bs_purif,7,6,full,yield_6m,0.5,0.005
z_jk_bs_purif_r7q6_full,z_jk_bs_purif,7,6,full,yield_1y,1,0.007306577767014389
z_jk_bs_purif_r7q6_full,z_jk_bs_purif,7,6,full,yield_2y,2,0.009080368203674482
z_jk_bs_purif_r7q6_full,z_jk_bs_purif,7,6,full,yield_5y,5,0.009206882613002804
z_jk_bs_purif_r7q6_full,z_jk_bs_purif,7,6,full,yield_10y,10,0.00803443672128502
z_jk_bs_purif_r7q6_pre_covid,z_jk_bs_purif,7,6,pre_covid,yield_3m,0.25,0.002679818450375834
z_jk_bs_purif_r7q6_pre_covid,z_jk_bs_purif,7,6,pre_covid,yield_6m,0.5,0.005
z_jk_bs_purif_r7q6_pre_covid,z_jk_bs_purif,7,6,pre_covid,yield_1y,1,0.007792281266495298
z_jk_bs_purif_r7q6_pre_covid,z_jk_bs_purif,7,6,pre_covid,yield_2y,2,0.009826045009829386
z_jk_bs_purif_r7q6_pre_covid,z_jk_bs_purif,7,6,pre_covid,yield_5y,5,0.008553710450887328
z_jk_bs_purif_r7q6_pre_covid,z_jk_bs_purif,7,6,pre_covid,yield_10y,10,0.007397006554538065
z_jk_bs_purif_r8q8_full,z_jk_bs_purif,8,8,full,yield_3m,0.25,0.003272282743431127
z_jk_bs_purif_r8q8_full,z_jk_bs_purif,8,8,full,yield_6m,0.5,0.005
z_jk_bs_purif_r8q8_full,z_jk_bs_purif,8,8,full,yield_1y,1,0.006756131662003152
z_jk_bs_purif_r8q8_full,z_jk_bs_purif,8,8,full,yield_2y,2,0.00802700739545289
z_jk_bs_purif_r8q8_full,z_jk_bs_purif,8,8,full,yield_5y,5,0.007980534676952762
z_jk_bs_purif_r8q8_full,z_jk_bs_purif,8,8,full,yield_10y,10,0.006951406379337591
z_jk_bs_purif_r8q8_pre_covid,z_jk_bs_purif,8,8,pre_covid,yield_3m,0.25,0.0034274848816380366
z_jk_bs_purif_r8q8_pre_covid,z_jk_bs_purif,8,8,pre_covid,yield_6m,0.5,0.005
z_jk_bs_purif_r8q8_pre_covid,z_jk_bs_purif,8,8,pre_covid,yield_1y,1,0.006279141824603073
z_jk_bs_purif_r8q8_pre_covid,z_jk_bs_purif,8,8,pre_covid,yield_2y,2,0.005825363995811861
z_jk_bs_purif_r8q8_pre_covid,z_jk_bs_purif,8,8,pre_covid,yield_5y,5,0.0013306302980548132
z_jk_bs_purif_r8q8_pre_covid,z_jk_bs_purif,8,8,pre_covid,yield_10y,10,-1.6830635515749538e-4
z_jk_purif_r6q5_full,z_jk_purif,6,5,full,yield_3m,0.25,0.002746378910841824
z_jk_purif_r6q5_full,z_jk_purif,6,5,full,yield_6m,0.5,0.005
z_jk_purif_r6q5_full,z_jk_purif,6,5,full,yield_1y,1,0.007740446134104938
z_jk_purif_r6q5_full,z_jk_purif,6,5,full,yield_2y,2,0.010459276504886499
z_jk_purif_r6q5_full,z_jk_purif,6,5,full,yield_5y,5,0.01218911755829162
z_jk_purif_r6q5_full,z_jk_purif,6,5,full,yield_10y,10,0.01115375414362815
z_jk_purif_r6q5_pre_covid,z_jk_purif,6,5,pre_covid,yield_3m,0.25,0.004036090795171298
z_jk_purif_r6q5_pre_covid,z_jk_purif,6,5,pre_covid,yield_6m,0.5,0.005
z_jk_purif_r6q5_pre_covid,z_jk_purif,6,5,pre_covid,yield_1y,1,0.005998429912922034
z_jk_purif_r6q5_pre_covid,z_jk_purif,6,5,pre_covid,yield_2y,2,0.007223675719392097
z_jk_purif_r6q5_pre_covid,z_jk_purif,6,5,pre_covid,yield_5y,5,0.008492115435142977
z_jk_purif_r6q5_pre_covid,z_jk_purif,6,5,pre_covid,yield_10y,10,0.007543811542760938
z_jk_purif_r7q6_full,z_jk_purif,7,6,full,yield_3m,0.25,0.002668962826583853
z_jk_purif_r7q6_full,z_jk_purif,7,6,full,yield_6m,0.5,0.005
z_jk_purif_r7q6_full,z_jk_purif,7,6,full,yield_1y,1,0.007807428900690451
z_jk_purif_r7q6_full,z_jk_purif,7,6,full,yield_2y,2,0.010670865354625364
z_jk_purif_r7q6_full,z_jk_purif,7,6,full,yield_5y,5,0.012529970470130929
z_jk_purif_r7q6_full,z_jk_purif,7,6,full,yield_10y,10,0.011412581057929512
z_jk_purif_r7q6_pre_covid,z_jk_purif,7,6,pre_covid,yield_3m,0.25,0.002245881129759392
z_jk_purif_r7q6_pre_covid,z_jk_purif,7,6,pre_covid,yield_6m,0.5,0.005
z_jk_purif_r7q6_pre_covid,z_jk_purif,7,6,pre_covid,yield_1y,1,0.00820306054726691
z_jk_purif_r7q6_pre_covid,z_jk_purif,7,6,pre_covid,yield_2y,2,0.010341133150511975
z_jk_purif_r7q6_pre_covid,z_jk_purif,7,6,pre_covid,yield_5y,5,0.009159767250485814
z_jk_purif_r7q6_pre_covid,z_jk_purif,7,6,pre_covid,yield_10y,10,0.008198023132149236
z_jk_purif_r8q8_full,z_jk_purif,8,8,full,yield_3m,0.25,0.002863786338251557
z_jk_purif_r8q8_full,z_jk_purif,8,8,full,yield_6m,0.5,0.005
z_jk_purif_r8q8_full,z_jk_purif,8,8,full,yield_1y,1,0.007578570880020855
z_jk_purif_r8q8_full,z_jk_purif,8,8,full,yield_2y,2,0.010241412627998936
z_jk_purif_r8q8_full,z_jk_purif,8,8,full,yield_5y,5,0.012022410595221198
z_jk_purif_r8q8_full,z_jk_purif,8,8,full,yield_10y,10,0.010966024676613215
z_jk_purif_r8q8_pre_covid,z_jk_purif,8,8,pre_covid,yield_3m,0.25,0.0035314072104242773
z_jk_purif_r8q8_pre_covid,z_jk_purif,8,8,pre_covid,yield_6m,0.5,0.005
z_jk_purif_r8q8_pre_covid,z_jk_purif,8,8,pre_covid,yield_1y,1,0.006025478249064471
z_jk_purif_r8q8_pre_covid,z_jk_purif,8,8,pre_covid,yield_2y,2,0.004725506039405903
z_jk_purif_r8q8_pre_covid,z_jk_purif,8,8,pre_covid,yield_5y,5,-1.390547611059153e-4
z_jk_purif_r8q8_pre_covid,z_jk_purif,8,8,pre_covid,yield_10y,10,-0.0011666459685943501
z_jk_raw_purif_r6q5_full,z_jk_raw_purif,6,5,full,yield_3m,0.25,0.003215476275834763
z_jk_raw_purif_r6q5_full,z_jk_raw_purif,6,5,full,yield_6m,0.5,0.005
z_jk_raw_purif_r6q5_full,z_jk_raw_purif,6,5,full,yield_1y,1,0.006934256172591972
z_jk_raw_purif_r6q5_full,z_jk_raw_purif,6,5,full,yield_2y,2,0.008442604291682528
z_jk_raw_purif_r6q5_full,z_jk_raw_purif,6,5,full,yield_5y,5,0.00873457814874495
z_jk_raw_purif_r6q5_full,z_jk_raw_purif,6,5,full,yield_10y,10,0.0077878653525289875
z_jk_raw_purif_r6q5_pre_covid,z_jk_raw_purif,6,5,pre_covid,yield_3m,0.25,0.004052396608579538
z_jk_raw_purif_r6q5_pre_covid,z_jk_raw_purif,6,5,pre_covid,yield_6m,0.5,0.005
z_jk_raw_purif_r6q5_pre_covid,z_jk_raw_purif,6,5,pre_covid,yield_1y,1,0.0060188900727879534
z_jk_raw_purif_r6q5_pre_covid,z_jk_raw_purif,6,5,pre_covid,yield_2y,2,0.007233297586972596
z_jk_raw_purif_r6q5_pre_covid,z_jk_raw_purif,6,5,pre_covid,yield_5y,5,0.008137301956361715
z_jk_raw_purif_r6q5_pre_covid,z_jk_raw_purif,6,5,pre_covid,yield_10y,10,0.0069689904950086526
z_jk_raw_purif_r7q6_full,z_jk_raw_purif,7,6,full,yield_3m,0.25,0.0028204563346703004
z_jk_raw_purif_r7q6_full,z_jk_raw_purif,7,6,full,yield_6m,0.5,0.005
z_jk_raw_purif_r7q6_full,z_jk_raw_purif,7,6,full,yield_1y,1,0.007301406981977815
z_jk_raw_purif_r7q6_full,z_jk_raw_purif,7,6,full,yield_2y,2,0.009067704028641719
z_jk_raw_purif_r7q6_full,z_jk_raw_purif,7,6,full,yield_5y,5,0.00915991983825777
z_jk_raw_purif_r7q6_full,z_jk_raw_purif,7,6,full,yield_10y,10,0.007964031227551136
z_jk_raw_purif_r7q6_pre_covid,z_jk_raw_purif,7,6,pre_covid,yield_3m,0.25,0.0026719441227889907
z_jk_raw_purif_r7q6_pre_covid,z_jk_raw_purif,7,6,pre_covid,yield_6m,0.5,0.005
z_jk_raw_purif_r7q6_pre_covid,z_jk_raw_purif,7,6,pre_covid,yield_1y,1,0.007813633643561581
z_jk_raw_purif_r7q6_pre_covid,z_jk_raw_purif,7,6,pre_covid,yield_2y,2,0.009828804216014347
z_jk_raw_purif_r7q6_pre_covid,z_jk_raw_purif,7,6,pre_covid,yield_5y,5,0.008589641767998238
z_jk_raw_purif_r7q6_pre_covid,z_jk_raw_purif,7,6,pre_covid,yield_10y,10,0.007422653633589864
z_jk_raw_purif_r8q8_full,z_jk_raw_purif,8,8,full,yield_3m,0.25,0.0032670715680194577
z_jk_raw_purif_r8q8_full,z_jk_raw_purif,8,8,full,yield_6m,0.5,0.005
z_jk_raw_purif_r8q8_full,z_jk_raw_purif,8,8,full,yield_1y,1,0.0067277051116634776
z_jk_raw_purif_r8q8_full,z_jk_raw_purif,8,8,full,yield_2y,2,0.007951419125098816
z_jk_raw_purif_r8q8_full,z_jk_raw_purif,8,8,full,yield_5y,5,0.00783867888847623
z_jk_raw_purif_r8q8_full,z_jk_raw_purif,8,8,full,yield_10y,10,0.006793813889335302
z_jk_raw_purif_r8q8_pre_covid,z_jk_raw_purif,8,8,pre_covid,yield_3m,0.25,0.0037727052435167826
z_jk_raw_purif_r8q8_pre_covid,z_jk_raw_purif,8,8,pre_covid,yield_6m,0.5,0.005
z_jk_raw_purif_r8q8_pre_covid,z_jk_raw_purif,8,8,pre_covid,yield_1y,1,0.005826947859250307
z_jk_raw_purif_r8q8_pre_covid,z_jk_raw_purif,8,8,pre_covid,yield_2y,2,0.004788816040633155
z_jk_raw_purif_r8q8_pre_covid,z_jk_raw_purif,8,8,pre_covid,yield_5y,5,1.7370932060360066e-4
z_jk_raw_purif_r8q8_pre_covid,z_jk_raw_purif,8,8,pre_covid,yield_10y,10,-0.0013062696866370665
z_bruto_r6q5_full,z_bruto,6,5,full,yield_3m,0.25,0.003152615863108596
z_bruto_r6q5_full,z_bruto,6,5,full,yield_6m,0.5,0.005
z_bruto_r6q5_full,z_bruto,6,5,full,yield_1y,1,0.007076893626368894
z_bruto_r6q5_full,z_bruto,6,5,full,yield_2y,2,0.008864606042282295
z_bruto_r6q5_full,z_bruto,6,5,full,yield_5y,5,0.009679438226031335
z_bruto_r6q5_full,z_bruto,6,5,full,yield_10y,10,0.00878784944061525
z_bruto_r6q5_pre_covid,z_bruto,6,5,pre_covid,yield_3m,0.25,0.004233177700186788
z_bruto_r6q5_pre_covid,z_bruto,6,5,pre_covid,yield_6m,0.5,0.005
z_bruto_r6q5_pre_covid,z_bruto,6,5,pre_covid,yield_1y,1,0.0055684493923269995
z_bruto_r6q5_pre_covid,z_bruto,6,5,pre_covid,yield_2y,2,0.006096104312955655
z_bruto_r6q5_pre_covid,z_bruto,6,5,pre_covid,yield_5y,5,0.006356885766811462
z_bruto_r6q5_pre_covid,z_bruto,6,5,pre_covid,yield_10y,10,0.005255797537586463
z_bruto_r7q6_full,z_bruto,7,6,full,yield_3m,0.25,0.0027641654734447997
z_bruto_r7q6_full,z_bruto,7,6,full,yield_6m,0.5,0.005
z_bruto_r7q6_full,z_bruto,7,6,full,yield_1y,1,0.007445374924420859
z_bruto_r7q6_full,z_bruto,7,6,full,yield_2y,2,0.009525993950651585
z_bruto_r7q6_full,z_bruto,7,6,full,yield_5y,5,0.010174293708651437
z_bruto_r7q6_full,z_bruto,7,6,full,yield_10y,10,0.00902387787892451
z_bruto_r7q6_pre_covid,z_bruto,7,6,pre_covid,yield_3m,0.25,0.003710965979160108
z_bruto_r7q6_pre_covid,z_bruto,7,6,pre_covid,yield_6m,0.5,0.005
z_bruto_r7q6_pre_covid,z_bruto,7,6,pre_covid,yield_1y,1,0.0060122760212761904
z_bruto_r7q6_pre_covid,z_bruto,7,6,pre_covid,yield_2y,2,0.005879270039835999
z_bruto_r7q6_pre_covid,z_bruto,7,6,pre_covid,yield_5y,5,0.003263274955398737
z_bruto_r7q6_pre_covid,z_bruto,7,6,pre_covid,yield_10y,10,0.002136353294946011
z_bruto_r8q8_full,z_bruto,8,8,full,yield_3m,0.25,0.0033203199085278085
z_bruto_r8q8_full,z_bruto,8,8,full,yield_6m,0.5,0.005
z_bruto_r8q8_full,z_bruto,8,8,full,yield_1y,1,0.006761650965602065
z_bruto_r8q8_full,z_bruto,8,8,full,yield_2y,2,0.008174305437054106
z_bruto_r8q8_full,z_bruto,8,8,full,yield_5y,5,0.008470835198757869
z_bruto_r8q8_full,z_bruto,8,8,full,yield_10y,10,0.007490650624202539
z_bruto_r8q8_pre_covid,z_bruto,8,8,pre_covid,yield_3m,0.25,0.004132663925239715
z_bruto_r8q8_pre_covid,z_bruto,8,8,pre_covid,yield_6m,0.5,0.005
z_bruto_r8q8_pre_covid,z_bruto,8,8,pre_covid,yield_1y,1,0.005124408452268576
z_bruto_r8q8_pre_covid,z_bruto,8,8,pre_covid,yield_2y,2,0.003332946061773089
z_bruto_r8q8_pre_covid,z_bruto,8,8,pre_covid,yield_5y,5,-0.0016723497557634998
z_bruto_r8q8_pre_covid,z_bruto,8,8,pre_covid,yield_10y,10,-0.0029046415215121728
z_jk_r6q5_full,z_jk,6,5,full,yield_3m,0.25,0.0028211065904967677
z_jk_r6q5_full,z_jk,6,5,full,yield_6m,0.5,0.005
z_jk_r6q5_full,z_jk,6,5,full,yield_1y,1,0.0075960111099945575
z_jk_r6q5_full,z_jk,6,5,full,yield_2y,2,0.010088346838905905
z_jk_r6q5_full,z_jk,6,5,full,yield_5y,5,0.011505506685651359
z_jk_r6q5_full,z_jk,6,5,full,yield_10y,10,0.010464209985901229
z_jk_r6q5_pre_covid,z_jk,6,5,pre_covid,yield_3m,0.25,0.0040241986122905105
z_jk_r6q5_pre_covid,z_jk,6,5,pre_covid,yield_6m,0.5,0.005
z_jk_r6q5_pre_covid,z_jk,6,5,pre_covid,yield_1y,1,0.006031069042820768
z_jk_r6q5_pre_covid,z_jk,6,5,pre_covid,yield_2y,2,0.007309822359473693
z_jk_r6q5_pre_covid,z_jk,6,5,pre_covid,yield_5y,5,0.008648002694905574
z_jk_r6q5_pre_covid,z_jk,6,5,pre_covid,yield_10y,10,0.007697554001473956
z_jk_r7q6_full,z_jk,7,6,full,yield_3m,0.25,0.002717359416676107
z_jk_r7q6_full,z_jk,7,6,full,yield_6m,0.5,0.005
z_jk_r7q6_full,z_jk,7,6,full,yield_1y,1,0.0076915023593139425
z_jk_r7q6_full,z_jk,7,6,full,yield_2y,2,0.0103409489991399
z_jk_r7q6_full,z_jk,7,6,full,yield_5y,5,0.011873133958253075
z_jk_r7q6_full,z_jk,7,6,full,yield_10y,10,0.010743067059810677
z_jk_r7q6_pre_covid,z_jk,7,6,pre_covid,yield_3m,0.25,0.002163755731238668
z_jk_r7q6_pre_covid,z_jk,7,6,pre_covid,yield_6m,0.5,0.005
z_jk_r7q6_pre_covid,z_jk,7,6,pre_covid,yield_1y,1,0.008345839857458843
z_jk_r7q6_pre_covid,z_jk,7,6,pre_covid,yield_2y,2,0.010645036117690711
z_jk_r7q6_pre_covid,z_jk,7,6,pre_covid,yield_5y,5,0.009591503157647271
z_jk_r7q6_pre_covid,z_jk,7,6,pre_covid,yield_10y,10,0.008631673361295939
z_jk_r8q8_full,z_jk,8,8,full,yield_3m,0.25,0.0029175599017684144
z_jk_r8q8_full,z_jk,8,8,full,yield_6m,0.5,0.005
z_jk_r8q8_full,z_jk,8,8,full,yield_1y,1,0.007455619455347919
z_jk_r8q8_full,z_jk,8,8,full,yield_2y,2,0.009900772747015243
z_jk_r8q8_full,z_jk,8,8,full,yield_5y,5,0.011359233598438514
z_jk_r8q8_full,z_jk,8,8,full,yield_10y,10,0.010291224070380071
z_jk_r8q8_pre_covid,z_jk,8,8,pre_covid,yield_3m,0.25,0.0035591446506619204
z_jk_r8q8_pre_covid,z_jk,8,8,pre_covid,yield_6m,0.5,0.005
z_jk_r8q8_pre_covid,z_jk,8,8,pre_covid,yield_1y,1,0.0059889022444363895
z_jk_r8q8_pre_covid,z_jk,8,8,pre_covid,yield_2y,2,0.004587441347576421
z_jk_r8q8_pre_covid,z_jk,8,8,pre_covid,yield_5y,5,-3.905645995295709e-4
z_jk_r8q8_pre_covid,z_jk,8,8,pre_covid,yield_10y,10,-0.0014354587426126646
z_het_jk_3var_r6q5_full,z_het_jk_3var,6,5,full,yield_3m,0.25,0.0032558158025991248
z_het_jk_3var_r6q5_full,z_het_jk_3var,6,5,full,yield_6m,0.5,0.005
z_het_jk_3var_r6q5_full,z_het_jk_3var,6,5,full,yield_1y,1,0.006842177319796586
z_het_jk_3var_r6q5_full,z_het_jk_3var,6,5,full,yield_2y,2,0.00828299452091268
z_het_jk_3var_r6q5_full,z_het_jk_3var,6,5,full,yield_5y,5,0.008586176837206902
z_het_jk_3var_r6q5_full,z_het_jk_3var,6,5,full,yield_10y,10,0.007645678392783513
z_het_jk_3var_r6q5_pre_covid,z_het_jk_3var,6,5,pre_covid,yield_3m,0.25,0.004244618192910598
z_het_jk_3var_r6q5_pre_covid,z_het_jk_3var,6,5,pre_covid,yield_6m,0.5,0.005
z_het_jk_3var_r6q5_pre_covid,z_het_jk_3var,6,5,pre_covid,yield_1y,1,0.005705451390345961
z_het_jk_3var_r6q5_pre_covid,z_het_jk_3var,6,5,pre_covid,yield_2y,2,0.0065312894758783515
z_het_jk_3var_r6q5_pre_covid,z_het_jk_3var,6,5,pre_covid,yield_5y,5,0.006968184801817058
z_het_jk_3var_r6q5_pre_covid,z_het_jk_3var,6,5,pre_covid,yield_10y,10,0.0056781851669541195
z_het_jk_3var_r7q6_full,z_het_jk_3var,7,6,full,yield_3m,0.25,0.0027945035451883995
z_het_jk_3var_r7q6_full,z_het_jk_3var,7,6,full,yield_6m,0.5,0.005
z_het_jk_3var_r7q6_full,z_het_jk_3var,7,6,full,yield_1y,1,0.007294425651697538
z_het_jk_3var_r7q6_full,z_het_jk_3var,7,6,full,yield_2y,2,0.009087791506969698
z_het_jk_3var_r7q6_full,z_het_jk_3var,7,6,full,yield_5y,5,0.009234232665726972
z_het_jk_3var_r7q6_full,z_het_jk_3var,7,6,full,yield_10y,10,0.00801449486037889
z_het_jk_3var_r7q6_pre_covid,z_het_jk_3var,7,6,pre_covid,yield_3m,0.25,0.00356907229880968
z_het_jk_3var_r7q6_pre_covid,z_het_jk_3var,7,6,pre_covid,yield_6m,0.5,0.005
z_het_jk_3var_r7q6_pre_covid,z_het_jk_3var,7,6,pre_covid,yield_1y,1,0.006564611607996957
z_het_jk_3var_r7q6_pre_covid,z_het_jk_3var,7,6,pre_covid,yield_2y,2,0.00745425776301272
z_het_jk_3var_r7q6_pre_covid,z_het_jk_3var,7,6,pre_covid,yield_5y,5,0.0058505922646951624
z_het_jk_3var_r7q6_pre_covid,z_het_jk_3var,7,6,pre_covid,yield_10y,10,0.004663403638040909
z_het_jk_3var_r8q8_full,z_het_jk_3var,8,8,full,yield_3m,0.25,0.003760869848198634
z_het_jk_3var_r8q8_full,z_het_jk_3var,8,8,full,yield_6m,0.5,0.005
z_het_jk_3var_r8q8_full,z_het_jk_3var,8,8,full,yield_1y,1,0.00606819246462361
z_het_jk_3var_r8q8_full,z_het_jk_3var,8,8,full,yield_2y,2,0.0066580954687275665
z_het_jk_3var_r8q8_full,z_het_jk_3var,8,8,full,yield_5y,5,0.006289010836486711
z_het_jk_3var_r8q8_full,z_het_jk_3var,8,8,full,yield_10y,10,0.005407966082697195
z_het_jk_3var_r8q8_pre_covid,z_het_jk_3var,8,8,pre_covid,yield_3m,0.25,0.004339402179127478
z_het_jk_3var_r8q8_pre_covid,z_het_jk_3var,8,8,pre_covid,yield_6m,0.5,0.005
z_het_jk_3var_r8q8_pre_covid,z_het_jk_3var,8,8,pre_covid,yield_1y,1,0.005267388240590872
z_het_jk_3var_r8q8_pre_covid,z_het_jk_3var,8,8,pre_covid,yield_2y,2,0.004286481934175264
z_het_jk_3var_r8q8_pre_covid,z_het_jk_3var,8,8,pre_covid,yield_5y,5,8.229324590355239e-4
z_het_jk_3var_r8q8_pre_covid,z_het_jk_3var,8,8,pre_covid,yield_10y,10,-4.418414853846208e-4
