tag,instrument,r,q,sample,f_factor,wald_mp,dfm_max_eig,mp_impact,curve_slope,argmax_mat,curve_ok,nucleo_share,nucleo_h0,nucleo_puzzle,cambio_h0,fx_wrong_sig,cds_h0,cds_wrong_sig,n_contam,clean
z_jk_bs_purif_r6q5_full,z_jk_bs_purif,6,5,full,5.119522408160664,6.937943050774339,0.9801840973162619,0.005,0.005528872487368887,yield_5y,FALSE,0,0.08477354776507508,TRUE,0.18516757891865593,TRUE,3401.0840767315126,TRUE,3,FALSE
z_jk_bs_purif_r6q5_pre_covid,z_jk_bs_purif,6,5,pre_covid,11.658939965686008,12.486667913216092,0.9894543448006934,0.005,0.004210677005884941,yield_5y,FALSE,0.8108108108108109,-0.10460926690920204,FALSE,0.08994952717353352,FALSE,4083.21850423877,TRUE,1,FALSE
z_jk_bs_purif_r7q6_full,z_jk_bs_purif,7,6,full,6.293365042913536,9.669439339232142,0.9803559968450436,0.005,0.006373895401930313,yield_5y,FALSE,0,0.016206357441695386,TRUE,0.14412043411227532,TRUE,2952.2261012914446,TRUE,3,FALSE
z_jk_bs_purif_r7q6_pre_covid,z_jk_bs_purif,7,6,pre_covid,2.354753022416676,6.895181289133251,0.9964816815029509,0.005,0.005873892000511494,yield_2y,FALSE,0.7297297297297297,0.0609470366557331,FALSE,0.16775290140044746,FALSE,4408.173142326493,FALSE,1,FALSE
z_jk_bs_purif_r8q8_full,z_jk_bs_purif,8,8,full,5.27028232509031,13.12831927597384,0.9800073730917406,0.005,0.004708251933521635,yield_2y,FALSE,0.4594594594594595,0.01951257413959246,TRUE,0.12004472417067609,TRUE,2589.893883818414,TRUE,3,FALSE
z_jk_bs_purif_r8q8_pre_covid,z_jk_bs_purif,8,8,pre_covid,3.3685053940206773,5.1427257375949935,1.0005636406944047,0.005,-0.0020968545835832234,yield_1y,FALSE,0.7837837837837838,-0.08618480517757898,FALSE,0.05599920374946014,FALSE,1462.9853734417095,FALSE,1,FALSE
z_jk_purif_r6q5_full,z_jk_purif,6,5,full,10.075110564105502,5.195034520878186,0.9801840973162619,0.005,0.009442738647449796,yield_5y,FALSE,0,0.05906133630004989,TRUE,0.24542395087241223,TRUE,5603.905393231206,TRUE,3,FALSE
z_jk_purif_r6q5_pre_covid,z_jk_purif,6,5,pre_covid,15.39741612949803,13.24625220662057,0.9894543448006934,0.005,0.004456024639971679,yield_5y,FALSE,0.8918918918918919,-0.05808418644215922,FALSE,0.06817494858281072,FALSE,4105.715235550976,TRUE,1,FALSE
z_jk_purif_r7q6_full,z_jk_purif,7,6,full,10.171455947714543,4.998623431079102,0.9803559968450436,0.005,0.009861007643547075,yield_5y,FALSE,0,0.03545869169102764,TRUE,0.2505623929286711,TRUE,5720.365559869823,TRUE,3,FALSE
z_jk_purif_r7q6_pre_covid,z_jk_purif,7,6,pre_covid,9.61151504461801,6.54511669342677,0.9964816815029509,0.005,0.006913886120726421,yield_2y,FALSE,0.35135135135135137,0.13605727070093193,TRUE,0.12801303531402744,FALSE,4413.862343941004,FALSE,2,FALSE
z_jk_purif_r8q8_full,z_jk_purif,8,8,full,11.76463930966032,5.279797588604101,0.9800073730917406,0.005,0.00915862425696964,yield_5y,FALSE,0,0.042460175854034395,TRUE,0.24000406993904566,TRUE,5614.140753486986,TRUE,3,FALSE
z_jk_purif_r8q8_pre_covid,z_jk_purif,8,8,pre_covid,8.070196451387407,4.9853719362033155,1.0005636406944047,0.005,-0.0036704619715301925,yield_1y,FALSE,0.7297297297297297,-0.021590616155981398,FALSE,-0.022139656434970973,FALSE,239.694242419296,FALSE,1,FALSE
z_jk_raw_purif_r6q5_full,z_jk_raw_purif,6,5,full,5.527446621003156,6.612445704397418,0.9801840973162619,0.005,0.005519101872910187,yield_5y,FALSE,0,0.08350523883304256,TRUE,0.19040864317271747,TRUE,3370.8379323431323,TRUE,3,FALSE
z_jk_raw_purif_r6q5_pre_covid,z_jk_raw_purif,6,5,pre_covid,11.945824783219738,10.800319787200465,0.9894543448006934,0.005,0.004084905347782177,yield_5y,FALSE,0.8108108108108109,-0.11413970264014422,FALSE,0.08178666408681673,FALSE,3962.4108794401086,FALSE,1,FALSE
z_jk_raw_purif_r7q6_full,z_jk_raw_purif,7,6,full,6.7831218438513385,9.339472004923158,0.9803559968450436,0.005,0.006339463503587469,yield_5y,FALSE,0,0.008457943266351249,TRUE,0.1446671534024614,TRUE,2879.9944037266764,TRUE,3,FALSE
z_jk_raw_purif_r7q6_pre_covid,z_jk_raw_purif,7,6,pre_covid,2.7202522260730544,6.375774053899113,0.9964816815029509,0.005,0.0059176976452092475,yield_2y,FALSE,0.7297297297297297,0.03973030130650544,FALSE,0.1616487115043125,FALSE,4285.991063772993,FALSE,1,FALSE
z_jk_raw_purif_r8q8_full,z_jk_raw_purif,8,8,full,5.091289636266244,12.396276712512693,0.9800073730917406,0.005,0.004571607320456772,yield_2y,FALSE,0.4594594594594595,0.01644814305083361,TRUE,0.1165304079783035,TRUE,2431.9685851911795,TRUE,3,FALSE
z_jk_raw_purif_r8q8_pre_covid,z_jk_raw_purif,8,8,pre_covid,4.214421099329528,4.587386916152006,1.0005636406944047,0.005,-0.003598995922913182,yield_1y,FALSE,0.7837837837837838,-0.14540229426765947,FALSE,0.016677662909660287,FALSE,628.2605262514494,FALSE,1,FALSE
z_bruto_r6q5_full,z_bruto,6,5,full,4.8218075229485695,5.389953334537411,0.9801840973162619,0.005,0.006526822362922739,yield_5y,FALSE,0,0.08531459420613156,TRUE,0.2256366814737977,TRUE,4201.56443267203,TRUE,3,FALSE
z_bruto_r6q5_pre_covid,z_bruto,6,5,pre_covid,9.762191641606597,11.617880750934251,0.9894543448006934,0.005,0.002123708066624674,yield_5y,FALSE,0.8108108108108109,-0.09453450953000302,FALSE,0.03520086995480876,FALSE,3245.902495854437,FALSE,1,FALSE
z_bruto_r7q6_full,z_bruto,7,6,full,4.186266226912522,6.934281920579811,0.9803559968450436,0.005,0.007410128235206637,yield_5y,FALSE,0,0.03232312632120996,TRUE,0.19347659034128506,TRUE,3786.6289624252513,TRUE,3,FALSE
z_bruto_r7q6_pre_covid,z_bruto,7,6,pre_covid,5.972613632871797,10.749761770000548,0.9964816815029509,0.005,-4.4769102376137097e-4,yield_1y,FALSE,0.8648648648648649,0.014894823396012705,FALSE,0.013872516925081577,FALSE,1593.5177665357464,FALSE,1,FALSE
z_bruto_r8q8_full,z_bruto,8,8,full,3.7825870310557193,10.012317327952148,0.9800073730917406,0.005,0.00515051529023006,yield_5y,FALSE,0.3783783783783784,0.030805219503993723,TRUE,0.14800709710683213,TRUE,3194.239802475044,TRUE,3,FALSE
z_bruto_r8q8_pre_covid,z_bruto,8,8,pre_covid,5.779637901873906,7.587179415197819,1.0005636406944047,0.005,-0.005805013681003214,yield_1y,FALSE,0.8378378378378378,-0.0423068759427919,FALSE,-0.053057278533462704,FALSE,-481.3828523961767,FALSE,1,FALSE
z_jk_r6q5_full,z_jk,6,5,full,8.270692938202027,5.473533304545747,0.9801840973162619,0.005,0.008684400095154591,yield_5y,FALSE,0,0.06136605195617545,TRUE,0.2335806167715691,TRUE,5112.242889628663,TRUE,3,FALSE
z_jk_r6q5_pre_covid,z_jk,6,5,pre_covid,15.17164547988407,12.718135399213438,0.9894543448006934,0.005,0.004623804082615064,yield_5y,FALSE,0.8918918918918919,-0.05894971627196695,FALSE,0.07044080233602791,FALSE,4149.427558355613,TRUE,1,FALSE
z_jk_r7q6_full,z_jk,7,6,full,8.407040573489137,5.332252738925228,0.9803559968450436,0.005,0.009155774541576968,yield_5y,FALSE,0,0.034550859815155203,TRUE,0.2361600975574682,TRUE,5205.559677855444,TRUE,3,FALSE
z_jk_r7q6_pre_covid,z_jk,7,6,pre_covid,10.445599798577826,6.445181856962402,0.9964816815029509,0.005,0.007427747426408603,yield_2y,FALSE,0.35135135135135137,0.13784152370467712,TRUE,0.13595478082222803,FALSE,4570.752710943071,FALSE,2,FALSE
z_jk_r8q8_full,z_jk,8,8,full,10.249984438713552,5.746070269025472,0.9800073730917406,0.005,0.0084416736966701,yield_5y,FALSE,0,0.03987743136969791,TRUE,0.2255960332256183,TRUE,5101.936504007145,TRUE,3,FALSE
z_jk_r8q8_pre_covid,z_jk,8,8,pre_covid,7.98691501286772,4.7830949157001355,1.0005636406944047,0.005,-0.003949709250191492,yield_1y,FALSE,0.7027027027027027,-0.03730635440928673,FALSE,-0.02656593648867907,FALSE,93.35884825640383,FALSE,1,FALSE
z_het_jk_3var_r6q5_full,z_het_jk_3var,6,5,full,2.367697540266038,4.247287198325289,0.9801840973162619,0.005,0.005330361034607777,yield_5y,FALSE,0,0.07830765846437529,TRUE,0.2214866440196324,TRUE,3394.6195500919544,TRUE,3,FALSE
z_het_jk_3var_r6q5_pre_covid,z_het_jk_3var,6,5,pre_covid,11.127487075461756,9.272396430663564,0.9894543448006934,0.005,0.00272356660890646,yield_5y,FALSE,0.8108108108108109,-0.1287412196803588,FALSE,0.055693226011253795,FALSE,3283.5821654802103,FALSE,1,FALSE
z_het_jk_3var_r7q6_full,z_het_jk_3var,7,6,full,2.7415999056222926,4.592176717949085,0.9803559968450436,0.005,0.006439729120538572,yield_5y,FALSE,0,0.011995462575449197,TRUE,0.1668584916301534,TRUE,2942.4832177139347,TRUE,3,FALSE
z_het_jk_3var_r7q6_pre_covid,z_het_jk_3var,7,6,pre_covid,3.946965358266871,8.161888739992817,0.9964816815029509,0.005,0.0022815199658854824,yield_2y,FALSE,0.8378378378378378,0.015334282466437548,FALSE,0.0899284861561832,FALSE,2610.948111360184,FALSE,1,FALSE
z_het_jk_3var_r8q8_full,z_het_jk_3var,8,8,full,4.056864662104079,7.247293669666219,0.9800073730917406,0.005,0.0025281409882880767,yield_2y,FALSE,0.6216216216216216,0.028218805791856868,FALSE,0.08903559639332252,TRUE,1862.329853184321,TRUE,2,FALSE
z_het_jk_3var_r8q8_pre_covid,z_het_jk_3var,8,8,pre_covid,2.650464924866153,6.898473047564015,1.0005636406944047,0.005,-0.003516469720091954,yield_1y,FALSE,0.7837837837837838,-0.06924160583351338,FALSE,1.645360265549263e-4,FALSE,313.70531014363536,FALSE,1,FALSE
