instrument,r,q,sample,cfg,var,esign,f_factor,wald_mp,h0,h6,h12,h24,peak_h,peak_val,sign_h0,sign_ok_h0,share_sign_ok,n_sig90
z_jk_bs_purif,6,5,full,r6q5·full,asset_ibov,-1,5.119522408160664,6.937943050774339,-0.011142483090391588,0.008151954938064018,0.015048867718204698,0.007127550838133462,2,0.026672823722582117,-1,TRUE,0.024390243902439025,0
z_jk_bs_purif,6,5,full,r6q5·full,cambio_usd,-1,5.119522408160664,6.937943050774339,0.18516757891865593,0.1339692540041655,0.020822725753171203,-0.050989609930773366,1,0.21976416233476567,1,FALSE,0.5853658536585366,7
z_jk_bs_purif,6,5,full,r6q5·full,yield_6m,1,5.119522408160664,6.937943050774339,0.005,0.005725572462235369,9.453174445240675e-4,-0.004051087726794999,40,-0.007178944293161288,1,TRUE,0.34146341463414637,4
z_jk_bs_purif,6,5,full,r6q5·full,yield_5y,1,5.119522408160664,6.937943050774339,0.008753908967703028,0.0075622076929791554,0.001214113138305997,-0.0036125990446067035,1,0.00960538323572678,1,TRUE,0.34146341463414637,8
z_jk_bs_purif,6,5,full,r6q5·full,spread_icc_juridica,1,5.119522408160664,6.937943050774339,-0.02412472989219484,-0.002097586046281986,0.028407339334178387,0.06172929511877769,23,0.061753225943322373,-1,FALSE,0.8048780487804879,0
z_jk_bs_purif,6,5,full,r6q5·full,spread_icc_fisica,1,5.119522408160664,6.937943050774339,-0.005395131622692522,0.029127194525412774,0.07117664148174184,0.08904066008845093,21,0.09101890203111104,-1,FALSE,0.8536585365853658,0
z_jk_bs_purif,6,5,full,r6q5·full,credit_outstanding,-1,5.119522408160664,6.937943050774339,0.2886456726232778,0.3054802387930433,-0.1307175746132372,-0.8139391175674304,34,-0.9578374849576354,1,FALSE,0.7317073170731707,2
z_jk_bs_purif,6,5,full,r6q5·full,credito_pessoa_fisica,-1,5.119522408160664,6.937943050774339,0.07593043817875067,0.19212716559933174,-0.08599614134409128,-0.5179880806592152,40,-0.7805492359080013,1,FALSE,0.7317073170731707,0
z_jk_bs_purif,6,5,full,r6q5·full,price_ipca,-1,5.119522408160664,6.937943050774339,0.09793984910350284,0.06962240465601412,-0.02145183934338056,-0.017209745837252648,5,0.13058025942451817,1,FALSE,0.5365853658536586,0
z_jk_bs_purif,6,5,full,r6q5·full,price_core_ipca_ex0,-1,5.119522408160664,6.937943050774339,0.08477354776507508,0.08617298387993247,0.05061830782210258,0.06119289652485972,5,0.1094213537004464,1,FALSE,0,2
z_jk_bs_purif,6,5,full,r6q5·full,cds_5y,-1,5.119522408160664,6.937943050774339,3401.0840767315126,2627.3760391052556,495.38485744025456,-1527.8922823536577,1,3480.7823685646003,1,FALSE,0.6585365853658537,7
z_jk_bs_purif,6,5,pre_covid,r6q5·pre_covid,asset_ibov,-1,11.658939965686008,12.486667913216092,-0.11243803371896557,-0.006039740062184885,-0.011108349058327206,-0.01134850984364737,0,-0.11243803371896557,-1,TRUE,0.7804878048780488,1
z_jk_bs_purif,6,5,pre_covid,r6q5·pre_covid,cambio_usd,-1,11.658939965686008,12.486667913216092,0.08994952717353352,-0.055710913021949485,0.03419503229774184,-0.0050752408863928115,1,0.1157069471316217,1,FALSE,0.6829268292682927,0
z_jk_bs_purif,6,5,pre_covid,r6q5·pre_covid,yield_6m,1,11.658939965686008,12.486667913216092,0.005,0.003740797954275829,0.005486586800477045,0.0028706833539517296,12,0.005486586800477045,1,TRUE,0.7560975609756098,4
z_jk_bs_purif,6,5,pre_covid,r6q5·pre_covid,yield_5y,1,11.658939965686008,12.486667913216092,0.008255006656855466,-1.5829206683932003e-4,0.003265878388599573,-4.6931390554711566e-4,0,0.008255006656855466,1,TRUE,0.4146341463414634,1
z_jk_bs_purif,6,5,pre_covid,r6q5·pre_covid,spread_icc_juridica,1,11.658939965686008,12.486667913216092,-0.030383237780554916,0.027671267637544916,0.059133425964589155,0.1368468061033666,33,0.165461671452165,-1,FALSE,0.9512195121951219,0
z_jk_bs_purif,6,5,pre_covid,r6q5·pre_covid,spread_icc_fisica,1,11.658939965686008,12.486667913216092,0.00935999418446022,0.15844957495686843,0.24223234783165581,0.4385179814472269,32,0.47438340892089725,1,TRUE,1,0
z_jk_bs_purif,6,5,pre_covid,r6q5·pre_covid,credit_outstanding,-1,11.658939965686008,12.486667913216092,0.10135843190821614,-0.3047410637718406,-0.5083930682821314,-1.1626618681715994,34,-1.4468273907147,1,FALSE,0.926829268292683,0
z_jk_bs_purif,6,5,pre_covid,r6q5·pre_covid,credito_pessoa_fisica,-1,11.658939965686008,12.486667913216092,0.16829092906698317,0.03491607511201256,-0.07605226459540537,-0.5930528076635633,40,-0.9772820869076715,1,FALSE,0.8048780487804879,2
z_jk_bs_purif,6,5,pre_covid,r6q5·pre_covid,price_ipca,-1,11.658939965686008,12.486667913216092,-0.2531873684888411,-0.10341336022433543,-0.15742166440854663,-0.1482012376241287,0,-0.2531873684888411,-1,TRUE,0.9024390243902439,0
z_jk_bs_purif,6,5,pre_covid,r6q5·pre_covid,price_core_ipca_ex0,-1,11.658939965686008,12.486667913216092,-0.10460926690920204,-0.04763637306154481,-0.03260756971781928,-0.016916033734037023,0,-0.10460926690920204,-1,TRUE,0.7804878048780488,0
z_jk_bs_purif,6,5,pre_covid,r6q5·pre_covid,cds_5y,-1,11.658939965686008,12.486667913216092,4083.21850423877,573.767160679035,2995.2499932774413,2157.361797816968,0,4083.21850423877,1,FALSE,0.14634146341463414,1
z_jk_bs_purif,7,6,full,r7q6·full,asset_ibov,-1,6.293365042913536,9.669439339232142,-0.022234333160129537,0.010542147644959558,0.014873883709465574,0.001560451020596579,0,-0.022234333160129537,-1,TRUE,0.3902439024390244,0
z_jk_bs_purif,7,6,full,r7q6·full,cambio_usd,-1,6.293365042913536,9.669439339232142,0.14412043411227532,0.08814245574598178,-2.595547682236237e-4,-0.05191371304721633,1,0.19130056759356442,1,FALSE,0.5365853658536586,5
z_jk_bs_purif,7,6,full,r7q6·full,yield_6m,1,6.293365042913536,9.669439339232142,0.005,0.0034533434077280503,-4.836594846019013e-4,-0.00618070715874467,31,-0.006752972018288556,1,TRUE,0.2926829268292683,4
z_jk_bs_purif,7,6,full,r7q6·full,yield_5y,1,6.293365042913536,9.669439339232142,0.009206882613002804,0.004829341703887567,-3.850412530088449e-4,-0.004365028316972749,1,0.010148948894940352,1,TRUE,0.2926829268292683,7
z_jk_bs_purif,7,6,full,r7q6·full,spread_icc_juridica,1,6.293365042913536,9.669439339232142,-0.020157980073758103,0.01878582128066592,0.05265176756866537,0.03780311807199195,11,0.0528198497427505,-1,FALSE,0.7317073170731707,0
z_jk_bs_purif,7,6,full,r7q6·full,spread_icc_fisica,1,6.293365042913536,9.669439339232142,-0.025560177404495527,0.04903075365895319,0.10830059970913507,0.03292065741271942,11,0.11249994506965133,-1,FALSE,0.6097560975609756,0
z_jk_bs_purif,7,6,full,r7q6·full,credit_outstanding,-1,6.293365042913536,9.669439339232142,-0.0030617318858894293,0.007922460652731722,-0.344805873389209,-1.0978320692503374,28,-1.1442597282801392,-1,TRUE,0.8292682926829268,0
z_jk_bs_purif,7,6,full,r7q6·full,credito_pessoa_fisica,-1,6.293365042913536,9.669439339232142,-0.04475240441613737,0.022564501405586412,-0.2178769155544158,-0.7688723311483403,31,-0.8575160530776782,-1,TRUE,0.8536585365853658,0
z_jk_bs_purif,7,6,full,r7q6·full,price_ipca,-1,6.293365042913536,9.669439339232142,-0.06451493733316208,0.10069651681303846,-0.04896256434085037,-0.03676884189887129,5,0.1698605279398694,-1,TRUE,0.5365853658536586,0
z_jk_bs_purif,7,6,full,r7q6·full,price_core_ipca_ex0,-1,6.293365042913536,9.669439339232142,0.016206357441695386,0.1042674574256935,0.06171886745783537,0.03270374372336971,5,0.12389761335646077,1,FALSE,0,3
z_jk_bs_purif,7,6,full,r7q6·full,cds_5y,-1,6.293365042913536,9.669439339232142,2952.2261012914446,1498.3225660765277,-68.73244427971491,-1858.1443905808474,1,3177.0334477159777,1,FALSE,0.7073170731707317,5
z_jk_bs_purif,7,6,pre_covid,r7q6·pre_covid,asset_ibov,-1,2.354753022416676,6.895181289133251,-0.0315000318039973,-0.04175958058566771,-0.0022836022835165215,9.040686668962736e-4,2,0.1653012925656084,-1,TRUE,0.5365853658536586,0
z_jk_bs_purif,7,6,pre_covid,r7q6·pre_covid,cambio_usd,-1,2.354753022416676,6.895181289133251,0.16775290140044746,0.07131261822986089,0.11754033212598916,0.059631859650485196,1,0.21169070537495813,1,FALSE,0.4878048780487805,0
z_jk_bs_purif,7,6,pre_covid,r7q6·pre_covid,yield_6m,1,2.354753022416676,6.895181289133251,0.005,-0.0016801135137299342,0.004420007993202567,0.0027836981898564615,0,0.005,1,TRUE,0.8780487804878049,1
z_jk_bs_purif,7,6,pre_covid,r7q6·pre_covid,yield_5y,1,2.354753022416676,6.895181289133251,0.008553710450887328,0.002402830284725057,0.00735046282919539,0.0032785122607101244,11,0.009023027627690701,1,TRUE,0.6097560975609756,0
z_jk_bs_purif,7,6,pre_covid,r7q6·pre_covid,spread_icc_juridica,1,2.354753022416676,6.895181289133251,0.0238336867185628,-0.02819510720631259,-0.09492137975318628,0.005937798046988291,9,-0.11390875723985718,1,TRUE,0.6097560975609756,0
z_jk_bs_purif,7,6,pre_covid,r7q6·pre_covid,spread_icc_fisica,1,2.354753022416676,6.895181289133251,0.023188778186184363,-0.11168276606563424,-0.25151322473643684,0.033727910180710884,10,-0.33438076364551755,1,TRUE,0.7317073170731707,0
z_jk_bs_purif,7,6,pre_covid,r7q6·pre_covid,credit_outstanding,-1,2.354753022416676,6.895181289133251,0.058096474628377415,0.2399780786495498,0.8297563467060343,-0.03352101063969215,11,1.0650976467544426,1,FALSE,0.5365853658536586,0
z_jk_bs_purif,7,6,pre_covid,r7q6·pre_covid,credito_pessoa_fisica,-1,2.354753022416676,6.895181289133251,0.014655103235861056,-0.026317718338586538,0.6730822898927125,0.0889455917844284,11,0.6846356211614335,1,FALSE,0.3170731707317073,0
z_jk_bs_purif,7,6,pre_covid,r7q6·pre_covid,price_ipca,-1,2.354753022416676,6.895181289133251,-0.1239749077131125,0.03653815403083497,-0.09598280905728573,-0.1026101844708833,3,-0.33603130123913466,-1,TRUE,0.6585365853658537,0
z_jk_bs_purif,7,6,pre_covid,r7q6·pre_covid,price_core_ipca_ex0,-1,2.354753022416676,6.895181289133251,0.0609470366557331,-0.008887720473317508,-0.033859142457184126,-0.011918330849736017,5,0.15651599502033453,1,FALSE,0.5121951219512195,0
z_jk_bs_purif,7,6,pre_covid,r7q6·pre_covid,cds_5y,-1,2.354753022416676,6.895181289133251,4408.173142326493,803.5851555661136,2611.856520374231,1978.488293307468,0,4408.173142326493,1,FALSE,0.21951219512195122,0
z_jk_bs_purif,8,8,full,r8q8·full,asset_ibov,-1,5.27028232509031,13.12831927597384,-0.01856647792505672,0.013243168796829286,0.018864235038897163,-4.781790311453481e-4,12,0.018864235038897163,-1,TRUE,0.4634146341463415,0
z_jk_bs_purif,8,8,full,r8q8·full,cambio_usd,-1,5.27028232509031,13.12831927597384,0.12004472417067609,0.07492567789291832,-0.01244136634809748,-0.0404029996003913,1,0.16981180776517252,1,FALSE,0.43902439024390244,5
z_jk_bs_purif,8,8,full,r8q8·full,yield_6m,1,5.27028232509031,13.12831927597384,0.005,0.00445617539525403,7.952998094894995e-4,-0.004544066130617536,3,0.005558834780720188,1,TRUE,0.3170731707317073,6
z_jk_bs_purif,8,8,full,r8q8·full,yield_5y,1,5.27028232509031,13.12831927597384,0.007980534676952762,0.004494068310643413,-8.151333217559871e-4,-0.0034472348490179145,1,0.00894662614231471,1,TRUE,0.2926829268292683,7
z_jk_bs_purif,8,8,full,r8q8·full,spread_icc_juridica,1,5.27028232509031,13.12831927597384,-0.01046731092004197,0.02376398156168876,0.05368693336876265,0.020739717472945833,12,0.05368693336876265,-1,FALSE,0.6829268292682927,0
z_jk_bs_purif,8,8,full,r8q8·full,spread_icc_fisica,1,5.27028232509031,13.12831927597384,-0.004318316474875086,0.06721885431245359,0.12064409786987776,0.018178198334140146,11,0.12163141562661321,-1,FALSE,0.6097560975609756,0
z_jk_bs_purif,8,8,full,r8q8·full,credit_outstanding,-1,5.27028232509031,13.12831927597384,0.12061943219885407,0.30954098530933116,0.06781617807727347,-0.6383087284523636,27,-0.6651454537154655,1,FALSE,0.6829268292682927,0
z_jk_bs_purif,8,8,full,r8q8·full,credito_pessoa_fisica,-1,5.27028232509031,13.12831927597384,0.06143068348238856,0.25829066953309,0.09727062453837032,-0.4596136858086797,29,-0.5099843380512059,1,FALSE,0.6585365853658537,0
z_jk_bs_purif,8,8,full,r8q8·full,price_ipca,-1,5.27028232509031,13.12831927597384,-0.06597012173074433,0.06854353258960864,-0.09997241713752346,-0.04157152562293714,5,0.12116399858498547,-1,TRUE,0.5609756097560976,0
z_jk_bs_purif,8,8,full,r8q8·full,price_core_ipca_ex0,-1,5.27028232509031,13.12831927597384,0.01951257413959246,0.07431264163993272,0.015401570422404696,-0.022502663344159967,5,0.09749589121687541,1,FALSE,0.4146341463414634,1
z_jk_bs_purif,8,8,full,r8q8·full,cds_5y,-1,5.27028232509031,13.12831927597384,2589.893883818414,1589.874914422518,43.06085556251536,-1113.6453945138255,1,3091.888265486319,1,FALSE,0.5853658536585366,5
z_jk_bs_purif,8,8,pre_covid,r8q8·pre_covid,asset_ibov,-1,3.3685053940206773,5.1427257375949935,0.06278714453114968,-0.0017541041829681832,-0.016786412670390157,-0.009960802045099503,2,0.12909195668319945,1,FALSE,0.5853658536585366,0
z_jk_bs_purif,8,8,pre_covid,r8q8·pre_covid,cambio_usd,-1,3.3685053940206773,5.1427257375949935,0.05599920374946014,-0.08534666736760647,0.16108650975501312,0.23477280145447946,3,-0.29252380517742493,1,FALSE,0.4634146341463415,0
z_jk_bs_purif,8,8,pre_covid,r8q8·pre_covid,yield_6m,1,3.3685053940206773,5.1427257375949935,0.005,0.0024623395702727557,0.01367507046629254,0.013395814505211325,18,0.016306398790819517,1,TRUE,0.7804878048780488,1
z_jk_bs_purif,8,8,pre_covid,r8q8·pre_covid,yield_5y,1,3.3685053940206773,5.1427257375949935,0.0013306302980548132,-0.0024542715850327103,0.012622256783206847,0.009897881514631725,40,-0.01703876976158462,1,TRUE,0.5121951219512195,0
z_jk_bs_purif,8,8,pre_covid,r8q8·pre_covid,spread_icc_juridica,1,3.3685053940206773,5.1427257375949935,0.04228146605324527,-0.05551661862636637,-0.06216168438520084,0.17880154022417638,36,0.3151921060597268,1,TRUE,0.7317073170731707,0
z_jk_bs_purif,8,8,pre_covid,r8q8·pre_covid,spread_icc_fisica,1,3.3685053940206773,5.1427257375949935,0.05267184016216533,-0.04588111305011172,0.029681105211002846,0.7304635807481183,33,0.906915965679227,1,TRUE,0.8536585365853658,0
z_jk_bs_purif,8,8,pre_covid,r8q8·pre_covid,credit_outstanding,-1,3.3685053940206773,5.1427257375949935,-0.21341555856201344,0.23396111187288238,0.4402426665510051,-1.5614149959919943,35,-2.8917688414476617,-1,TRUE,0.7317073170731707,0
z_jk_bs_purif,8,8,pre_covid,r8q8·pre_covid,credito_pessoa_fisica,-1,3.3685053940206773,5.1427257375949935,0.11251258140800857,0.39317851678468685,0.8813002886942867,-0.430949255353108,40,-2.220677602013732,1,FALSE,0.4634146341463415,0
z_jk_bs_purif,8,8,pre_covid,r8q8·pre_covid,price_ipca,-1,3.3685053940206773,5.1427257375949935,-0.35628808195819067,-0.08498934746903493,-0.2508124226948999,-0.3813068555292452,33,-0.4521499274700293,-1,TRUE,0.8292682926829268,0
z_jk_bs_purif,8,8,pre_covid,r8q8·pre_covid,price_core_ipca_ex0,-1,3.3685053940206773,5.1427257375949935,-0.08618480517757898,-0.1556863338063411,-0.09882873298055056,-0.07408965805759363,1,-0.2261280550039828,-1,TRUE,0.7804878048780488,0
z_jk_bs_purif,8,8,pre_covid,r8q8·pre_covid,cds_5y,-1,3.3685053940206773,5.1427257375949935,1462.9853734417095,-1671.754223405184,6535.423713374787,8980.067270982603,23,9029.094318794772,1,FALSE,0.36585365853658536,0
z_jk_purif,6,5,full,r6q5·full,asset_ibov,-1,10.075110564105502,5.195034520878186,-0.08928834982431337,-0.0019214045523839407,0.009695196333391916,0.007555682976813863,0,-0.08928834982431337,-1,TRUE,0.07317073170731707,1
z_jk_purif,6,5,full,r6q5·full,cambio_usd,-1,10.075110564105502,5.195034520878186,0.24542395087241223,0.23408859256611,0.07924181350673817,-0.06860301513894,1,0.3420580976210616,1,FALSE,0.5853658536585366,9
z_jk_purif,6,5,full,r6q5·full,yield_6m,1,10.075110564105502,5.195034520878186,0.005,0.003912786101772437,7.100049606256837e-4,-0.0015093844125140135,40,-0.006908194402693815,1,TRUE,0.3902439024390244,3
z_jk_purif,6,5,full,r6q5·full,yield_5y,1,10.075110564105502,5.195034520878186,0.01218911755829162,0.008845346421782911,0.002540839794358687,-0.0021769667570651187,1,0.013759020255962222,1,TRUE,0.43902439024390244,8
z_jk_purif,6,5,full,r6q5·full,spread_icc_juridica,1,10.075110564105502,5.195034520878186,-0.03212085410825231,-0.0748932637556151,-0.004756137470469366,0.0821859746635376,25,0.08295959604873979,-1,FALSE,0.6829268292682927,5
z_jk_purif,6,5,full,r6q5·full,spread_icc_fisica,1,10.075110564105502,5.195034520878186,3.962173416730258e-4,-0.08156342764324097,0.01690345347173044,0.12620228027037717,25,0.1267115651776103,1,TRUE,0.7560975609756098,0
z_jk_purif,6,5,full,r6q5·full,credit_outstanding,-1,10.075110564105502,5.195034520878186,0.4312702086683551,0.36697422881795116,-0.08151894495490586,-0.6302139846349863,38,-0.8801711547639868,1,FALSE,0.7317073170731707,3
z_jk_purif,6,5,full,r6q5·full,credito_pessoa_fisica,-1,10.075110564105502,5.195034520878186,0.011775207894371142,-0.007055387097765209,-0.14831043859518944,-0.2941993276951882,40,-0.7104590465580873,1,FALSE,0.926829268292683,0
z_jk_purif,6,5,full,r6q5·full,price_ipca,-1,10.075110564105502,5.195034520878186,0.10494271766982548,0.16584076130867612,0.027037240827468383,-0.019648163350094627,4,0.20767989743744816,1,FALSE,0.4878048780487805,0
z_jk_purif,6,5,full,r6q5·full,price_core_ipca_ex0,-1,10.075110564105502,5.195034520878186,0.05906133630004989,0.08141622861876137,0.05385126767130416,0.07014917051724057,2,0.10129913764085538,1,FALSE,0,0
z_jk_purif,6,5,full,r6q5·full,cds_5y,-1,10.075110564105502,5.195034520878186,5603.905393231206,3824.6482854803326,1188.214000835791,-1299.491701711692,1,6053.45126821371,1,FALSE,0.5853658536585366,8
z_jk_purif,6,5,pre_covid,r6q5·pre_covid,asset_ibov,-1,15.39741612949803,13.24625220662057,-0.14020291522574707,-0.00551893834492165,-0.014726835107678912,-0.013151962034101038,0,-0.14020291522574707,-1,TRUE,0.8048780487804879,1
z_jk_purif,6,5,pre_covid,r6q5·pre_covid,cambio_usd,-1,15.39741612949803,13.24625220662057,0.06817494858281072,-0.05414273833153239,0.02731858778205741,-0.017271632802753917,1,0.120873774725587,1,FALSE,0.6829268292682927,0
z_jk_purif,6,5,pre_covid,r6q5·pre_covid,yield_6m,1,15.39741612949803,13.24625220662057,0.005,0.004399285590969058,0.0053846912497874655,0.0017882504728202007,12,0.0053846912497874655,1,TRUE,0.6829268292682927,5
z_jk_purif,6,5,pre_covid,r6q5·pre_covid,yield_5y,1,15.39741612949803,13.24625220662057,0.008492115435142977,2.2634747431249705e-5,0.002757329637667208,-0.0016893005961807579,0,0.008492115435142977,1,TRUE,0.4146341463414634,2
z_jk_purif,6,5,pre_covid,r6q5·pre_covid,spread_icc_juridica,1,15.39741612949803,13.24625220662057,-0.03222389967399579,0.050668811531532056,0.0797440289957881,0.15392184101457584,33,0.1710748857431407,-1,FALSE,0.9512195121951219,0
z_jk_purif,6,5,pre_covid,r6q5·pre_covid,spread_icc_fisica,1,15.39741612949803,13.24625220662057,0.05002036714022475,0.22412840205672185,0.30518874645752736,0.47543119683013446,28,0.4884620375895245,1,TRUE,1,0
z_jk_purif,6,5,pre_covid,r6q5·pre_covid,credit_outstanding,-1,15.39741612949803,13.24625220662057,0.11581682663233117,-0.4925285230893417,-0.6874722942518896,-1.316238645283141,33,-1.4996140395063806,1,FALSE,0.926829268292683,0
z_jk_purif,6,5,pre_covid,r6q5·pre_covid,credito_pessoa_fisica,-1,15.39741612949803,13.24625220662057,0.1317510795645127,-0.05259102467316534,-0.19284400480480413,-0.7324702831013719,36,-1.0156531653646828,1,FALSE,0.8780487804878049,3
z_jk_purif,6,5,pre_covid,r6q5·pre_covid,price_ipca,-1,15.39741612949803,13.24625220662057,-0.08957410928149072,-0.17277359290474467,-0.16147448249935095,-0.151542879964134,9,-0.20781653711660167,-1,TRUE,0.926829268292683,0
z_jk_purif,6,5,pre_covid,r6q5·pre_covid,price_core_ipca_ex0,-1,15.39741612949803,13.24625220662057,-0.05808418644215922,-0.04912597103491499,-0.03266991626512433,-0.02019496078513802,2,0.08504108127858666,-1,TRUE,0.8292682926829268,0
z_jk_purif,6,5,pre_covid,r6q5·pre_covid,cds_5y,-1,15.39741612949803,13.24625220662057,4105.715235550976,976.2416412577368,3070.0210336392147,1761.0518519756085,1,4321.6265201792285,1,FALSE,0.21951219512195122,2
z_jk_purif,7,6,full,r7q6·full,asset_ibov,-1,10.171455947714543,4.998623431079102,-0.09635885310126399,0.0047486528223041075,0.010968048836879171,3.080654150476116e-4,0,-0.09635885310126399,-1,TRUE,0.24390243902439024,1
z_jk_purif,7,6,full,r7q6·full,cambio_usd,-1,10.171455947714543,4.998623431079102,0.2505623929286711,0.24608496185231513,0.07944627306879036,-0.06304509725893832,1,0.3512392252911929,1,FALSE,0.5853658536585366,8
z_jk_purif,7,6,full,r7q6·full,yield_6m,1,10.171455947714543,4.998623431079102,0.005,0.0024737036418593125,-0.001020955933516611,-0.0038397459253775184,1,0.00659803898743908,1,TRUE,0.24390243902439024,2
z_jk_purif,7,6,full,r7q6·full,yield_5y,1,10.171455947714543,4.998623431079102,0.012529970470130929,0.007295446949620421,8.512896900414827e-4,-0.0029670490010193814,1,0.01428029178930571,1,TRUE,0.34146341463414637,6
z_jk_purif,7,6,full,r7q6·full,spread_icc_juridica,1,10.171455947714543,4.998623431079102,-0.022640550857136496,-0.06765202545940079,0.003060427193882073,0.05438658384010736,3,-0.07235246570746724,-1,FALSE,0.6585365853658537,2
z_jk_purif,7,6,full,r7q6·full,spread_icc_fisica,1,10.171455947714543,4.998623431079102,0.015063486252638774,-0.06122583386804745,0.03543825683045662,0.06260029140982644,22,0.06497188573735801,1,TRUE,0.6585365853658537,0
z_jk_purif,7,6,full,r7q6·full,credit_outstanding,-1,10.171455947714543,4.998623431079102,0.36086304983997675,0.32627489174597013,-0.18323550044252457,-0.9063639705254145,27,-0.9291487385407748,1,FALSE,0.7317073170731707,3
z_jk_purif,7,6,full,r7q6·full,credito_pessoa_fisica,-1,10.171455947714543,4.998623431079102,-0.032558796901516196,-0.08233699415528539,-0.263129300375331,-0.5534585997815311,37,-0.6309625577144096,-1,TRUE,1,0
z_jk_purif,7,6,full,r7q6·full,price_ipca,-1,10.171455947714543,4.998623431079102,0.005943378934949931,0.18175341451343324,-0.005263598814075435,-0.023786434253620085,7,0.24601423734636974,1,FALSE,0.5609756097560976,3
z_jk_purif,7,6,full,r7q6·full,price_core_ipca_ex0,-1,10.171455947714543,4.998623431079102,0.03545869169102764,0.10376859413712192,0.0540462846941385,0.043872346542962806,7,0.12954136007333852,1,FALSE,0,1
z_jk_purif,7,6,full,r7q6·full,cds_5y,-1,10.171455947714543,4.998623431079102,5720.365559869823,3594.1382103308756,887.690364727982,-1599.0112837393683,1,6275.2873501307,1,FALSE,0.6341463414634146,8
z_jk_purif,7,6,pre_covid,r7q6·pre_covid,asset_ibov,-1,9.61151504461801,6.54511669342677,-0.09488145146020652,-0.06340267301529974,2.3030337626355502e-4,0.013790779549310201,2,0.2023898177134006,-1,TRUE,0.1951219512195122,0
z_jk_purif,7,6,pre_covid,r7q6·pre_covid,cambio_usd,-1,9.61151504461801,6.54511669342677,0.12801303531402744,0.09221371957451403,0.09853992681399026,0.06808455845049576,7,0.2513589082457245,1,FALSE,0.2926829268292683,0
z_jk_purif,7,6,pre_covid,r7q6·pre_covid,yield_6m,1,9.61151504461801,6.54511669342677,0.005,-0.005271547707292442,-4.8821157115084337e-4,7.487663783765607e-4,5,-0.007941225589327477,1,TRUE,0.5121951219512195,1
z_jk_purif,7,6,pre_covid,r7q6·pre_covid,yield_5y,1,9.61151504461801,6.54511669342677,0.009159767250485814,0.0013074884836386184,0.004289275248613951,0.0034115936635160473,0,0.009159767250485814,1,TRUE,0.6829268292682927,0
z_jk_purif,7,6,pre_covid,r7q6·pre_covid,spread_icc_juridica,1,9.61151504461801,6.54511669342677,0.027332698061888157,-0.014232109035037629,-0.1275724907340406,-0.08195958334836762,11,-0.1396681181116253,1,TRUE,0.14634146341463414,0
z_jk_purif,7,6,pre_covid,r7q6·pre_covid,spread_icc_fisica,1,9.61151504461801,6.54511669342677,0.09280033436906963,-0.13831325749699322,-0.42586099178621534,-0.2708167073899537,10,-0.47506337014830574,1,TRUE,0.14634146341463414,0
z_jk_purif,7,6,pre_covid,r7q6·pre_covid,credit_outstanding,-1,9.61151504461801,6.54511669342677,0.05148222297375327,0.11438028166694814,1.113664063205011,0.77396645057346,11,1.3414647045377759,1,FALSE,0.12195121951219512,0
z_jk_purif,7,6,pre_covid,r7q6·pre_covid,credito_pessoa_fisica,-1,9.61151504461801,6.54511669342677,-0.1110712141307868,-0.3125526598737438,0.6188910501618183,0.47147323022589394,31,0.7575181033700806,-1,TRUE,0.1951219512195122,0
z_jk_purif,7,6,pre_covid,r7q6·pre_covid,price_ipca,-1,9.61151504461801,6.54511669342677,0.0990424425413025,-0.0023835640384186115,-0.020831951682313384,0.016707049922032337,3,-0.5098743763855347,1,FALSE,0.34146341463414637,0
z_jk_purif,7,6,pre_covid,r7q6·pre_covid,price_core_ipca_ex0,-1,9.61151504461801,6.54511669342677,0.13605727070093193,-0.019274658268971297,-0.036830943906538134,0.01039374029042565,5,0.18181373957828878,1,FALSE,0.36585365853658536,0
z_jk_purif,7,6,pre_covid,r7q6·pre_covid,cds_5y,-1,9.61151504461801,6.54511669342677,4413.862343941004,238.90817217502402,250.90589364649824,407.05046711580343,1,4643.491671569521,1,FALSE,0.36585365853658536,0
z_jk_purif,8,8,full,r8q8·full,asset_ibov,-1,11.76463930966032,5.279797588604101,-0.09154376651323935,0.00600353732554629,0.015592983646863418,-0.004208097234200309,0,-0.09154376651323935,-1,TRUE,0.4634146341463415,1
z_jk_purif,8,8,full,r8q8·full,cambio_usd,-1,11.76463930966032,5.279797588604101,0.24000406993904566,0.23389031013362752,0.04206360654498178,-0.06123506767451071,1,0.35605126692286926,1,FALSE,0.4634146341463415,7
z_jk_purif,8,8,full,r8q8·full,yield_6m,1,11.76463930966032,5.279797588604101,0.005,0.0029168252649352288,-6.192673556501195e-4,-0.0038384858259400273,1,0.006065020445510204,1,TRUE,0.2682926829268293,3
z_jk_purif,8,8,full,r8q8·full,yield_5y,1,11.76463930966032,5.279797588604101,0.012022410595221198,0.006967076393768725,-5.503672283672145e-4,-0.0028009114967509512,1,0.014044549882155189,1,TRUE,0.2682926829268293,6
z_jk_purif,8,8,full,r8q8·full,spread_icc_juridica,1,11.76463930966032,5.279797588604101,-0.010828060782017456,-0.05494478774219033,0.006787928602881926,0.038668760317065114,5,-0.05506123406848278,-1,FALSE,0.7317073170731707,0
z_jk_purif,8,8,full,r8q8·full,spread_icc_fisica,1,11.76463930966032,5.279797588604101,0.03956958149566075,-0.03516167668685283,0.036744247143549756,0.03893445808095804,21,0.04316796382712454,1,TRUE,0.8292682926829268,0
z_jk_purif,8,8,full,r8q8·full,credit_outstanding,-1,11.76463930966032,5.279797588604101,0.38140888682824947,0.42408247484597705,-0.03449415756676677,-0.7855067038375685,27,-0.8059071716070565,1,FALSE,0.7073170731707317,3
z_jk_purif,8,8,full,r8q8·full,credito_pessoa_fisica,-1,11.76463930966032,5.279797588604101,5.770198705068452e-4,0.013538751608810351,-0.1121497887296874,-0.49545715002982105,29,-0.5427607153555947,1,FALSE,0.8536585365853658,0
z_jk_purif,8,8,full,r8q8·full,price_ipca,-1,11.76463930966032,5.279797588604101,0.019987072169117322,0.14056989435593034,-0.07417971819641717,-0.0018164587563237033,5,0.21054526134061494,1,FALSE,0.2926829268292683,0
z_jk_purif,8,8,full,r8q8·full,price_core_ipca_ex0,-1,11.76463930966032,5.279797588604101,0.042460175854034395,0.09096244860595436,0.04342745532470686,0.01697487436978814,7,0.12005027883882148,1,FALSE,0,0
z_jk_purif,8,8,full,r8q8·full,cds_5y,-1,11.76463930966032,5.279797588604101,5614.140753486986,3542.7262788654857,136.27143424574555,-1329.3415842920726,1,6655.567005068214,1,FALSE,0.6829268292682927,7
z_jk_purif,8,8,pre_covid,r8q8·pre_covid,asset_ibov,-1,8.070196451387407,4.9853719362033155,0.013716114909333893,-0.0101543275835175,-0.0017266706372122604,-0.007199406606622121,2,0.16771179102582928,1,FALSE,0.6097560975609756,0
z_jk_purif,8,8,pre_covid,r8q8·pre_covid,cambio_usd,-1,8.070196451387407,4.9853719362033155,-0.022139656434970973,-0.15065909085090753,0.06514147201950374,0.23726813430287158,3,-0.36627392121147645,-1,TRUE,0.4634146341463415,0
z_jk_purif,8,8,pre_covid,r8q8·pre_covid,yield_6m,1,8.070196451387407,4.9853719362033155,0.005,-9.042384626521597e-5,0.008852138098036519,0.013020775629850172,21,0.014536339319942198,1,TRUE,0.7317073170731707,1
z_jk_purif,8,8,pre_covid,r8q8·pre_covid,yield_5y,1,8.070196451387407,4.9853719362033155,-1.390547611059153e-4,-0.0056550416011776575,0.006917345004995467,0.011094573289495058,40,-0.013971111821157858,-1,FALSE,0.5365853658536586,0
z_jk_purif,8,8,pre_covid,r8q8·pre_covid,spread_icc_juridica,1,8.070196451387407,4.9853719362033155,0.03480750449162399,-0.03165723100063942,-0.062339460553359885,0.12092463270241827,37,0.2633578797649489,1,TRUE,0.7073170731707317,0
z_jk_purif,8,8,pre_covid,r8q8·pre_covid,spread_icc_fisica,1,8.070196451387407,4.9853719362033155,0.1293993455734104,-0.012540094283497002,-0.0354676820462297,0.5473974299476526,34,0.776179237378169,1,TRUE,0.8048780487804879,0
z_jk_purif,8,8,pre_covid,r8q8·pre_covid,credit_outstanding,-1,8.070196451387407,4.9853719362033155,-0.17081164257563008,-0.051230474098606926,0.43253317337943464,-1.0154452084326082,36,-2.4397557139697934,-1,TRUE,0.7317073170731707,0
z_jk_purif,8,8,pre_covid,r8q8·pre_covid,credito_pessoa_fisica,-1,8.070196451387407,4.9853719362033155,0.06019744411980277,0.16382867686568492,0.7122744460604347,-0.13425170337260095,40,-1.8487389991631353,1,FALSE,0.4634146341463415,0
z_jk_purif,8,8,pre_covid,r8q8·pre_covid,price_ipca,-1,8.070196451387407,4.9853719362033155,-0.06105612748288139,-0.19928271304204362,-0.17003562696837538,-0.25773131210408967,3,-0.5589808482144096,-1,TRUE,0.8536585365853658,0
z_jk_purif,8,8,pre_covid,r8q8·pre_covid,price_core_ipca_ex0,-1,8.070196451387407,4.9853719362033155,-0.021590616155981398,-0.20130441369858937,-0.09180393603080361,-0.030389148043644933,3,-0.20410847375050833,-1,TRUE,0.7560975609756098,0
z_jk_purif,8,8,pre_covid,r8q8·pre_covid,cds_5y,-1,8.070196451387407,4.9853719362033155,239.694242419296,-2985.4185311961983,3295.9253033235746,8555.8275036501,24,8555.8275036501,1,FALSE,0.3170731707317073,0
z_jk_raw_purif,6,5,full,r6q5·full,asset_ibov,-1,5.527446621003156,6.612445704397418,-0.007205560494523014,0.00883708128308255,0.015706528636124685,0.007318293918682626,2,0.02804059827049097,-1,TRUE,0.024390243902439025,0
z_jk_raw_purif,6,5,full,r6q5·full,cambio_usd,-1,5.527446621003156,6.612445704397418,0.19040864317271747,0.13130814842687533,0.01714075508623668,-0.050822332555203575,1,0.2212054357065133,1,FALSE,0.5853658536585366,7
z_jk_raw_purif,6,5,full,r6q5·full,yield_6m,1,5.527446621003156,6.612445704397418,0.005,0.005635587688917832,6.506067498986456e-4,-0.0046189770357710274,39,-0.007537591956657545,1,TRUE,0.3170731707317073,4
z_jk_raw_purif,6,5,full,r6q5·full,yield_5y,1,5.527446621003156,6.612445704397418,0.00873457814874495,0.0074699860775729,9.529482251577492e-4,-0.0039788178992135135,1,0.009592092018622078,1,TRUE,0.34146341463414637,8
z_jk_raw_purif,6,5,full,r6q5·full,spread_icc_juridica,1,5.527446621003156,6.612445704397418,-0.022387810155049065,0.0026232515526895335,0.03313662558647176,0.06253611172883557,23,0.06288125468760274,-1,FALSE,0.8536585365853658,0
z_jk_raw_purif,6,5,full,r6q5·full,spread_icc_fisica,1,5.527446621003156,6.612445704397418,-0.002289400135121152,0.035858018571578894,0.07837455241841634,0.08897237599312664,21,0.09270348146695351,-1,FALSE,0.8536585365853658,0
z_jk_raw_purif,6,5,full,r6q5·full,credit_outstanding,-1,5.527446621003156,6.612445704397418,0.2684150684408193,0.2616185516244318,-0.1914424792037961,-0.8879632714978047,33,-1.0154246530023503,1,FALSE,0.7560975609756098,1
z_jk_raw_purif,6,5,full,r6q5·full,credito_pessoa_fisica,-1,5.527446621003156,6.612445704397418,0.06326690355642484,0.17034934072261976,-0.12499831305198272,-0.5796962388423199,39,-0.823379605675989,1,FALSE,0.7560975609756098,0
z_jk_raw_purif,6,5,full,r6q5·full,price_ipca,-1,5.527446621003156,6.612445704397418,0.07371271096381038,0.07107364238935744,-0.022832409109535205,-0.015726070349019145,5,0.1351508880174672,1,FALSE,0.4878048780487805,0
z_jk_raw_purif,6,5,full,r6q5·full,price_core_ipca_ex0,-1,5.527446621003156,6.612445704397418,0.08350523883304256,0.09191461603247218,0.05549120968258292,0.06452536380683119,5,0.11557448644034966,1,FALSE,0,4
z_jk_raw_purif,6,5,full,r6q5·full,cds_5y,-1,5.527446621003156,6.612445704397418,3370.8379323431323,2552.1694855529054,388.0429597675621,-1638.377214432017,1,3447.1044850219223,1,FALSE,0.6585365853658537,7
z_jk_raw_purif,6,5,pre_covid,r6q5·pre_covid,asset_ibov,-1,11.945824783219738,10.800319787200465,-0.11748266166804189,-0.003979448143465414,-0.012051921943648253,-0.010759392882505254,0,-0.11748266166804189,-1,TRUE,0.7560975609756098,1
z_jk_raw_purif,6,5,pre_covid,r6q5·pre_covid,cambio_usd,-1,11.945824783219738,10.800319787200465,0.08178666408681673,-0.06644779728535878,0.035395132634878236,-0.0027285549187771557,1,0.11351617885381049,1,FALSE,0.6585365853658537,0
z_jk_raw_purif,6,5,pre_covid,r6q5·pre_covid,yield_6m,1,11.945824783219738,10.800319787200465,0.005,0.003469674780744882,0.005318915288621886,0.002931858812451207,12,0.005318915288621886,1,TRUE,0.7560975609756098,4
z_jk_raw_purif,6,5,pre_covid,r6q5·pre_covid,yield_5y,1,11.945824783219738,10.800319787200465,0.008137301956361715,-6.881132304190794e-4,0.0033063492375529197,-2.7633867631629756e-4,0,0.008137301956361715,1,TRUE,0.4146341463414634,1
z_jk_raw_purif,6,5,pre_covid,r6q5·pre_covid,spread_icc_juridica,1,11.945824783219738,10.800319787200465,-0.03437786267399746,0.02669438320546183,0.05405166188662587,0.13062834347031663,33,0.1599985261730417,-1,FALSE,0.9512195121951219,0
z_jk_raw_purif,6,5,pre_covid,r6q5·pre_covid,spread_icc_fisica,1,11.945824783219738,10.800319787200465,0.0034628393640213236,0.15272151776480075,0.22606437524457085,0.42077000354778776,32,0.4597810629338215,1,TRUE,1,0
z_jk_raw_purif,6,5,pre_covid,r6q5·pre_covid,credit_outstanding,-1,11.945824783219738,10.800319787200465,0.11668804615525552,-0.3048129392785648,-0.46606724724572723,-1.1083966530394562,34,-1.4000004881374428,1,FALSE,0.926829268292683,0
z_jk_raw_purif,6,5,pre_covid,r6q5·pre_covid,credito_pessoa_fisica,-1,11.945824783219738,10.800319787200465,0.1817431493947419,0.0334576879616133,-0.05960660256043582,-0.5575281501983276,40,-0.9469145502063459,1,FALSE,0.7804878048780488,2
z_jk_raw_purif,6,5,pre_covid,r6q5·pre_covid,price_ipca,-1,11.945824783219738,10.800319787200465,-0.26246400242034557,-0.11075536432448108,-0.14819482536001602,-0.1432303339843566,0,-0.26246400242034557,-1,TRUE,0.926829268292683,0
z_jk_raw_purif,6,5,pre_covid,r6q5·pre_covid,price_core_ipca_ex0,-1,11.945824783219738,10.800319787200465,-0.11413970264014422,-0.05272981769214672,-0.03173268943878368,-0.01581737513785097,0,-0.11413970264014422,-1,TRUE,0.7804878048780488,0
z_jk_raw_purif,6,5,pre_covid,r6q5·pre_covid,cds_5y,-1,11.945824783219738,10.800319787200465,3962.4108794401086,264.0197328358981,2930.0080348871497,2157.577286710871,0,3962.4108794401086,1,FALSE,0.12195121951219512,0
z_jk_raw_purif,7,6,full,r7q6·full,asset_ibov,-1,6.7831218438513385,9.339472004923158,-0.018968274837526097,0.0111092056063637,0.01538501778912211,0.0016149045290699865,0,-0.018968274837526097,-1,TRUE,0.3902439024390244,0
z_jk_raw_purif,7,6,full,r7q6·full,cambio_usd,-1,6.7831218438513385,9.339472004923158,0.1446671534024614,0.08061565259278089,-0.0071408589363108,-0.053652383520934634,1,0.19014680831430292,1,FALSE,0.5121951219512195,5
z_jk_raw_purif,7,6,full,r7q6·full,yield_6m,1,6.7831218438513385,9.339472004923158,0.005,0.003496813654095092,-5.194861449296991e-4,-0.006617210714077024,30,-0.0071555860235040306,1,TRUE,0.2926829268292683,4
z_jk_raw_purif,7,6,full,r7q6·full,yield_5y,1,6.7831218438513385,9.339472004923158,0.00915991983825777,0.00474839954293239,-5.270610322748912e-4,-0.004668132935572358,1,0.010133133166209412,1,TRUE,0.2926829268292683,5
z_jk_raw_purif,7,6,full,r7q6·full,spread_icc_juridica,1,6.7831218438513385,9.339472004923158,-0.018363591133768238,0.024921347825691595,0.059088356723146565,0.03777464796688076,11,0.05978712839784484,-1,FALSE,0.7317073170731707,0
z_jk_raw_purif,7,6,full,r7q6·full,spread_icc_fisica,1,6.7831218438513385,9.339472004923158,-0.023729080100391237,0.056457158930642945,0.11830068655928255,0.03132163021666278,11,0.12336315910582364,-1,FALSE,0.5853658536585366,0
z_jk_raw_purif,7,6,full,r7q6·full,credit_outstanding,-1,6.7831218438513385,9.339472004923158,-0.0344667406382948,-0.03157635800441483,-0.38380370654191864,-1.1542649265434912,28,-1.2002473515834056,-1,TRUE,0.926829268292683,0
z_jk_raw_purif,7,6,full,r7q6·full,credito_pessoa_fisica,-1,6.7831218438513385,9.339472004923158,-0.05945591726101984,0.015930175535250335,-0.230898621458564,-0.814560989154478,31,-0.9049087217883556,-1,TRUE,0.8780487804878049,0
z_jk_raw_purif,7,6,full,r7q6·full,price_ipca,-1,6.7831218438513385,9.339472004923158,-0.10167006763945129,0.10430075694051351,-0.05482495311108855,-0.0396374975028117,5,0.17715876386980395,-1,TRUE,0.5365853658536586,0
z_jk_raw_purif,7,6,full,r7q6·full,price_core_ipca_ex0,-1,6.7831218438513385,9.339472004923158,0.008457943266351249,0.10964183592410791,0.06481469807083523,0.032341945834335424,5,0.12887303136794417,1,FALSE,0,4
z_jk_raw_purif,7,6,full,r7q6·full,cds_5y,-1,6.7831218438513385,9.339472004923158,2879.9944037266764,1373.8852879658975,-166.85906556647976,-1960.1248071741643,1,3114.9747466411663,1,FALSE,0.7073170731707317,5
z_jk_raw_purif,7,6,pre_covid,r7q6·pre_covid,asset_ibov,-1,2.7202522260730544,6.375774053899113,-0.03913652807477129,-0.03864027030682035,-0.0010057321651343472,0.0016139381387730567,2,0.1670979479487879,-1,TRUE,0.5365853658536586,0
z_jk_raw_purif,7,6,pre_covid,r7q6·pre_covid,cambio_usd,-1,2.7202522260730544,6.375774053899113,0.1616487115043125,0.05387916630210026,0.11159206718278768,0.06780690332719563,1,0.2139247810930521,1,FALSE,0.4634146341463415,0
z_jk_raw_purif,7,6,pre_covid,r7q6·pre_covid,yield_6m,1,2.7202522260730544,6.375774053899113,0.005,-0.002005546044224458,0.004486548362814349,0.0034874256686752542,0,0.005,1,TRUE,0.8780487804878049,1
z_jk_raw_purif,7,6,pre_covid,r7q6·pre_covid,yield_5y,1,2.7202522260730544,6.375774053899113,0.008589641767998238,0.001687426218572799,0.0073080691977227535,0.004069085735143825,11,0.009007591653244346,1,TRUE,0.6585365853658537,0
z_jk_raw_purif,7,6,pre_covid,r7q6·pre_covid,spread_icc_juridica,1,2.7202522260730544,6.375774053899113,0.010675502775068894,-0.037276571170997114,-0.10428215902614657,-0.0034616859285237643,9,-0.12416226494029949,1,TRUE,0.4878048780487805,0
z_jk_raw_purif,7,6,pre_covid,r7q6·pre_covid,spread_icc_fisica,1,2.7202522260730544,6.375774053899113,-0.005404384034986721,-0.14020988641950502,-0.2759365217601468,0.016069762789705743,10,-0.3593139775429408,-1,FALSE,0.6585365853658537,0
z_jk_raw_purif,7,6,pre_covid,r7q6·pre_covid,credit_outstanding,-1,2.7202522260730544,6.375774053899113,0.13418012049248862,0.30026943205461176,0.9100726500711698,0.05359653169769718,11,1.143679626846028,1,FALSE,0.43902439024390244,0
z_jk_raw_purif,7,6,pre_covid,r7q6·pre_covid,credito_pessoa_fisica,-1,2.7202522260730544,6.375774053899113,0.07047283050478637,0.015224930552926175,0.7288996736596554,0.17054636093649655,11,0.7418908965529658,1,FALSE,0.24390243902439024,0
z_jk_raw_purif,7,6,pre_covid,r7q6·pre_covid,price_ipca,-1,2.7202522260730544,6.375774053899113,-0.13435536950590604,0.027907381376500826,-0.08334034880408607,-0.09488257472080895,8,0.3390208452166324,-1,TRUE,0.6585365853658537,0
z_jk_raw_purif,7,6,pre_covid,r7q6·pre_covid,price_core_ipca_ex0,-1,2.7202522260730544,6.375774053899113,0.03973030130650544,-0.020479902836955454,-0.033299232987070534,-0.007991490640696833,5,0.15022685156450163,1,FALSE,0.5121951219512195,0
z_jk_raw_purif,7,6,pre_covid,r7q6·pre_covid,cds_5y,-1,2.7202522260730544,6.375774053899113,4285.991063772993,272.8529635043886,2428.826889789483,2268.0940257256843,0,4285.991063772993,1,FALSE,0.1951219512195122,0
z_jk_raw_purif,8,8,full,r8q8·full,asset_ibov,-1,5.091289636266244,12.396276712512693,-0.016076556009172342,0.01283131907510895,0.019014630049185206,-7.561792885606831e-7,12,0.019014630049185206,-1,TRUE,0.4634146341463415,0
z_jk_raw_purif,8,8,full,r8q8·full,cambio_usd,-1,5.091289636266244,12.396276712512693,0.1165304079783035,0.06911229364218378,-0.015783320445324395,-0.04023774481205553,1,0.16505111733130473,1,FALSE,0.43902439024390244,5
z_jk_raw_purif,8,8,full,r8q8·full,yield_6m,1,5.091289636266244,12.396276712512693,0.005,0.004559399416959446,7.537789904353601e-4,-0.00494756467093629,3,0.005656950156863913,1,TRUE,0.3170731707317073,6
z_jk_raw_purif,8,8,full,r8q8·full,yield_5y,1,5.091289636266244,12.396276712512693,0.00783867888847623,0.004529749859061181,-8.453368031713353e-4,-0.0036847748531722113,1,0.008908966065609893,1,TRUE,0.2926829268292683,7
z_jk_raw_purif,8,8,full,r8q8·full,spread_icc_juridica,1,5.091289636266244,12.396276712512693,-0.010528317229102968,0.02802066197314734,0.059204236453156776,0.022628625968527077,12,0.059204236453156776,-1,FALSE,0.6829268292682927,0
z_jk_raw_purif,8,8,full,r8q8·full,spread_icc_fisica,1,5.091289636266244,12.396276712512693,-0.007355038014712528,0.07185853116365906,0.12981326244389343,0.02080013320134637,11,0.13086363810932045,-1,FALSE,0.6097560975609756,0
z_jk_raw_purif,8,8,full,r8q8·full,credit_outstanding,-1,5.091289636266244,12.396276712512693,0.09485925615626556,0.27994588689355115,0.030531599213445837,-0.695973255922655,27,-0.724640522143194,1,FALSE,0.6829268292682927,0
z_jk_raw_purif,8,8,full,r8q8·full,credito_pessoa_fisica,-1,5.091289636266244,12.396276712512693,0.052664320384598895,0.2543680218793698,0.080728367225813,-0.504953474807579,29,-0.5592301732857075,1,FALSE,0.6585365853658537,0
z_jk_raw_purif,8,8,full,r8q8·full,price_ipca,-1,5.091289636266244,12.396276712512693,-0.09246050220148268,0.07490358526811795,-0.1024381236781752,-0.04498098625264084,5,0.12526769031455684,-1,TRUE,0.5853658536585366,0
z_jk_raw_purif,8,8,full,r8q8·full,price_core_ipca_ex0,-1,5.091289636266244,12.396276712512693,0.01644814305083361,0.08029990752138234,0.01720008363476004,-0.023442849395351857,5,0.10194440617990162,1,FALSE,0.4146341463414634,2
z_jk_raw_purif,8,8,full,r8q8·full,cds_5y,-1,5.091289636266244,12.396276712512693,2431.9685851911795,1511.0841734912128,18.77900148600224,-1165.86346334215,1,3001.0219948201366,1,FALSE,0.6097560975609756,5
z_jk_raw_purif,8,8,pre_covid,r8q8·pre_covid,asset_ibov,-1,4.214421099329528,4.587386916152006,0.04783506741519805,-0.0013228623705880778,-0.008898318217284894,-0.010702831990199412,2,0.12750029266014484,1,FALSE,0.5853658536585366,0
z_jk_raw_purif,8,8,pre_covid,r8q8·pre_covid,cambio_usd,-1,4.214421099329528,4.587386916152006,0.016677662909660287,-0.15667350555832996,0.1562020226778791,0.26085869633646985,3,-0.3639935972325938,1,FALSE,0.4878048780487805,0
z_jk_raw_purif,8,8,pre_covid,r8q8·pre_covid,yield_6m,1,4.214421099329528,4.587386916152006,0.005,0.002575544394174075,0.014334929756494816,0.015116302416600674,20,0.017962520104125464,1,TRUE,0.7560975609756098,1
z_jk_raw_purif,8,8,pre_covid,r8q8·pre_covid,yield_5y,1,4.214421099329528,4.587386916152006,1.7370932060360066e-4,-0.004522624799592343,0.01267511177270148,0.011304434879379061,40,-0.018993934401670156,1,TRUE,0.5121951219512195,0
z_jk_raw_purif,8,8,pre_covid,r8q8·pre_covid,spread_icc_juridica,1,4.214421099329528,4.587386916152006,0.023165332907173073,-0.06529297976794605,-0.05655115745548494,0.1878475456199532,36,0.3471315531244813,1,TRUE,0.6829268292682927,0
z_jk_raw_purif,8,8,pre_covid,r8q8·pre_covid,spread_icc_fisica,1,4.214421099329528,4.587386916152006,0.03322399496235371,-0.0476337281359692,0.05236246913700501,0.7884104207466434,33,1.0115786428563998,1,TRUE,0.8292682926829268,0
z_jk_raw_purif,8,8,pre_covid,r8q8·pre_covid,credit_outstanding,-1,4.214421099329528,4.587386916152006,-0.16273722109585442,0.22228643045818508,0.41493793821532066,-1.6356341363229054,35,-3.191104179969151,-1,TRUE,0.7073170731707317,0
z_jk_raw_purif,8,8,pre_covid,r8q8·pre_covid,credito_pessoa_fisica,-1,4.214421099329528,4.587386916152006,0.18484785044579066,0.471129465401976,0.9003526062881795,-0.41191616999816105,40,-2.439480472143718,1,FALSE,0.4634146341463415,0
z_jk_raw_purif,8,8,pre_covid,r8q8·pre_covid,price_ipca,-1,4.214421099329528,4.587386916152006,-0.4082297696109863,-0.1462607361478397,-0.23548561130064166,-0.38888603131875593,32,-0.5030490574397513,-1,TRUE,0.8780487804878049,0
z_jk_raw_purif,8,8,pre_covid,r8q8·pre_covid,price_core_ipca_ex0,-1,4.214421099329528,4.587386916152006,-0.14540229426765947,-0.20477114039842165,-0.08588847487514817,-0.072409852053696,1,-0.2544224748742039,-1,TRUE,0.8048780487804879,0
z_jk_raw_purif,8,8,pre_covid,r8q8·pre_covid,cds_5y,-1,4.214421099329528,4.587386916152006,628.2605262514494,-2812.2889363497193,6658.359117970701,9955.980719702558,21,10378.62103324112,1,FALSE,0.36585365853658536,0
z_bruto,6,5,full,r6q5·full,asset_ibov,-1,4.8218075229485695,5.389953334537411,-0.009439672377799538,0.00968524582526211,0.016057782419279285,0.008202973438729945,2,0.03449719821439855,-1,TRUE,0.024390243902439025,0
z_bruto,6,5,full,r6q5·full,cambio_usd,-1,4.8218075229485695,5.389953334537411,0.2256366814737977,0.18961068517355933,0.061448787949164495,-0.05417961012416615,1,0.2819782143162381,1,FALSE,0.5609756097560976,7
z_bruto,6,5,full,r6q5·full,yield_6m,1,4.8218075229485695,5.389953334537411,0.005,0.004930787287051825,5.676791561481507e-5,-0.004488078439704143,40,-0.00867725103530919,1,TRUE,0.3170731707317073,2
z_bruto,6,5,full,r6q5·full,yield_5y,1,4.8218075229485695,5.389953334537411,0.009679438226031335,0.008291312541509053,0.0016469290974403762,-0.0037981173161208584,1,0.010956469979061257,1,TRUE,0.36585365853658536,7
z_bruto,6,5,full,r6q5·full,spread_icc_juridica,1,4.8218075229485695,5.389953334537411,-0.028901520367907985,-0.031870087243422815,0.013940152017389545,0.07739267393839548,25,0.0776872809168102,-1,FALSE,0.7317073170731707,1
z_bruto,6,5,full,r6q5·full,spread_icc_fisica,1,4.8218075229485695,5.389953334537411,0.011924272896033313,-0.013704609186781364,0.05071341768005673,0.1128088724643751,24,0.1128088724643751,1,TRUE,0.8048780487804879,0
z_bruto,6,5,full,r6q5·full,credit_outstanding,-1,4.8218075229485695,5.389953334537411,0.3088318753575514,0.28308669174887946,-0.24283148274667488,-0.9861972216083426,35,-1.159600729721233,1,FALSE,0.7560975609756098,1
z_bruto,6,5,full,r6q5·full,credito_pessoa_fisica,-1,4.8218075229485695,5.389953334537411,5.534654194727651e-4,0.06518349685897817,-0.24093791866988123,-0.6212486534208916,40,-0.9326355073278392,1,FALSE,0.8048780487804879,0
z_bruto,6,5,full,r6q5·full,price_ipca,-1,4.8218075229485695,5.389953334537411,0.043850508970123186,0.09920296836693508,0.00658958928032527,-0.005476466243472191,5,0.17801603382239525,1,FALSE,0.4634146341463415,0
z_bruto,6,5,full,r6q5·full,price_core_ipca_ex0,-1,4.8218075229485695,5.389953334537411,0.08531459420613156,0.09271001006131993,0.067746598069074,0.08560891013605954,5,0.12287880163469841,1,FALSE,0,0
z_bruto,6,5,full,r6q5·full,cds_5y,-1,4.8218075229485695,5.389953334537411,4201.56443267203,3195.188201144017,838.3140245171415,-1692.8247333412799,1,4463.525857163199,1,FALSE,0.6341463414634146,7
z_bruto,6,5,pre_covid,r6q5·pre_covid,asset_ibov,-1,9.762191641606597,11.617880750934251,-0.10895533843918832,-0.007549846433614265,-0.012417714883204358,-0.01431235653431542,0,-0.10895533843918832,-1,TRUE,0.7804878048780488,1
z_bruto,6,5,pre_covid,r6q5·pre_covid,cambio_usd,-1,9.762191641606597,11.617880750934251,0.03520086995480876,-0.08378977182543368,0.0392087998316467,-0.0074752824334026234,5,-0.11858688750888102,1,FALSE,0.6341463414634146,0
z_bruto,6,5,pre_covid,r6q5·pre_covid,yield_6m,1,9.762191641606597,11.617880750934251,0.005,0.004701152897588471,0.007040788637666945,0.0040154275240152,12,0.007040788637666945,1,TRUE,0.7560975609756098,4
z_bruto,6,5,pre_covid,r6q5·pre_covid,yield_5y,1,9.762191641606597,11.617880750934251,0.006356885766811462,-7.595524307705541e-4,0.00394703429817714,-6.298791921889421e-4,40,-0.00821486203838602,1,TRUE,0.4146341463414634,0
z_bruto,6,5,pre_covid,r6q5·pre_covid,spread_icc_juridica,1,9.762191641606597,11.617880750934251,-0.019723839252263283,0.04661321762068031,0.0840051987446296,0.1882668750479539,34,0.2292767408125461,-1,FALSE,0.9512195121951219,0
z_bruto,6,5,pre_covid,r6q5·pre_covid,spread_icc_fisica,1,9.762191641606597,11.617880750934251,0.06657276908302506,0.23577069431047448,0.3353150772515489,0.6043077423988665,32,0.6602952890446362,1,TRUE,1,0
z_bruto,6,5,pre_covid,r6q5·pre_covid,credit_outstanding,-1,9.762191641606597,11.617880750934251,-0.00560837198549935,-0.4885060612175973,-0.7120033789772995,-1.5914313370008148,34,-1.9970366419734042,-1,TRUE,1,0
z_bruto,6,5,pre_covid,r6q5·pre_covid,credito_pessoa_fisica,-1,9.762191641606597,11.617880750934251,0.13173631557452659,-0.014296255876788955,-0.13528330059142668,-0.8094166232350153,40,-1.3578154252457897,1,FALSE,0.8536585365853658,0
z_bruto,6,5,pre_covid,r6q5·pre_covid,price_ipca,-1,9.762191641606597,11.617880750934251,-0.19055052617359305,-0.14583738726907966,-0.19270808086613941,-0.19709081992915153,9,-0.24768927342328367,-1,TRUE,0.975609756097561,0
z_bruto,6,5,pre_covid,r6q5·pre_covid,price_core_ipca_ex0,-1,9.762191641606597,11.617880750934251,-0.09453450953000302,-0.0606979370758675,-0.033215350312826526,-0.019382965748231826,0,-0.09453450953000302,-1,TRUE,0.8048780487804879,0
z_bruto,6,5,pre_covid,r6q5·pre_covid,cds_5y,-1,9.762191641606597,11.617880750934251,3245.902495854437,582.1700942168047,3819.7319455314682,2970.0241001883064,15,4077.3947803476144,1,FALSE,0.12195121951219512,0
z_bruto,7,6,full,r7q6·full,asset_ibov,-1,4.186266226912522,6.934281920579811,-0.024873166017515907,0.01195110292232466,0.01539833766123086,3.252837190025667e-4,2,0.025385785336300776,-1,TRUE,0.43902439024390244,0
z_bruto,7,6,full,r7q6·full,cambio_usd,-1,4.186266226912522,6.934281920579811,0.19347659034128506,0.1434698190476137,0.03255706876410146,-0.0515480640293807,1,0.2510607218572549,1,FALSE,0.5121951219512195,5
z_bruto,7,6,full,r7q6·full,yield_6m,1,4.186266226912522,6.934281920579811,0.005,0.0025146092788298035,-0.002097873401523747,-0.007311751057014675,31,-0.007801828507930006,1,TRUE,0.24390243902439024,3
z_bruto,7,6,full,r7q6·full,yield_5y,1,4.186266226912522,6.934281920579811,0.010174293708651437,0.005387689092291357,-5.75407642452908e-4,-0.004679642659301818,1,0.011531626462358571,1,TRUE,0.2926829268292683,5
z_bruto,7,6,full,r7q6·full,spread_icc_juridica,1,4.186266226912522,6.934281920579811,-0.019220030267580377,-0.004253467655836176,0.03947470702342963,0.04524721770751993,20,0.05183748826053045,-1,FALSE,0.7073170731707317,0
z_bruto,7,6,full,r7q6·full,spread_icc_fisica,1,4.186266226912522,6.934281920579811,-0.0010436208468773975,0.019622661259631687,0.08760200036523742,0.036772151431418536,11,0.09227237407073315,-1,FALSE,0.6341463414634146,0
z_bruto,7,6,full,r7q6·full,credit_outstanding,-1,4.186266226912522,6.934281920579811,0.038461875909323595,-0.039099691741006914,-0.5433722764850435,-1.3710704529084294,27,-1.3953003908008466,1,FALSE,0.8536585365853658,0
z_bruto,7,6,full,r7q6·full,credito_pessoa_fisica,-1,4.186266226912522,6.934281920579811,-0.10251166898948005,-0.1210331348387772,-0.43920422876485565,-0.9615783386658916,30,-1.0129240093385339,-1,TRUE,1,0
z_bruto,7,6,full,r7q6·full,price_ipca,-1,4.186266226912522,6.934281920579811,-0.08740913325153155,0.12650089636521414,-0.03468978640615779,-0.022334702051191837,5,0.20895049556278752,-1,TRUE,0.4878048780487805,0
z_bruto,7,6,full,r7q6·full,price_core_ipca_ex0,-1,4.186266226912522,6.934281920579811,0.03232312632120996,0.11716491408191948,0.0738658584638302,0.051952474239331324,5,0.14290255207132868,1,FALSE,0,3
z_bruto,7,6,full,r7q6·full,cds_5y,-1,4.186266226912522,6.934281920579811,3786.6289624252513,2046.936321004168,66.43363274562506,-2101.3597469975784,1,4139.014561105372,1,FALSE,0.6829268292682927,5
z_bruto,7,6,pre_covid,r7q6·pre_covid,asset_ibov,-1,5.972613632871797,10.749761770000548,-0.002503203580197592,-0.035889658880260335,-0.0019079753876413547,-0.00896823311741125,2,0.10217164672830187,-1,TRUE,0.7073170731707317,0
z_bruto,7,6,pre_covid,r7q6·pre_covid,cambio_usd,-1,5.972613632871797,10.749761770000548,0.013872516925081577,-0.0019720134156301842,0.09452121972385748,0.03679198527090157,4,-0.1370963999546466,1,FALSE,0.5121951219512195,0
z_bruto,7,6,pre_covid,r7q6·pre_covid,yield_6m,1,5.972613632871797,10.749761770000548,0.005,0.0015465512731465494,0.007108452618726304,0.004235604594749664,15,0.007320794392113853,1,TRUE,0.7317073170731707,1
z_bruto,7,6,pre_covid,r7q6·pre_covid,yield_5y,1,5.972613632871797,10.749761770000548,0.003263274955398737,0.0015423197754721543,0.0073971301408086625,0.002377527525607245,11,0.007967164827091509,1,TRUE,0.6097560975609756,0
z_bruto,7,6,pre_covid,r7q6·pre_covid,spread_icc_juridica,1,5.972613632871797,10.749761770000548,0.017436790693818358,-0.020921740760157858,-0.0403328918292885,0.09089630887004012,37,0.14283097201025505,1,TRUE,0.7804878048780488,0
z_bruto,7,6,pre_covid,r7q6·pre_covid,spread_icc_fisica,1,5.972613632871797,10.749761770000548,0.06031616643685796,-0.005147242755524201,-0.03817375036517219,0.3269664213816904,35,0.3953516561702415,1,TRUE,0.8292682926829268,0
z_bruto,7,6,pre_covid,r7q6·pre_covid,credit_outstanding,-1,5.972613632871797,10.749761770000548,-0.026883367511676415,0.07089785341547472,0.33299084654114797,-0.8033371954798807,37,-1.3162204342397232,-1,TRUE,0.7804878048780488,0
z_bruto,7,6,pre_covid,r7q6·pre_covid,credito_pessoa_fisica,-1,5.972613632871797,10.749761770000548,0.13748126602883826,0.11668854630264569,0.5220964603699807,-0.2956930912125899,40,-0.9832283783529072,1,FALSE,0.5853658536585366,0
z_bruto,7,6,pre_covid,r7q6·pre_covid,price_ipca,-1,5.972613632871797,10.749761770000548,-0.16440178940438252,-0.053247230262156664,-0.1721174031283438,-0.1780050150182853,3,-0.2700703509742586,-1,TRUE,0.9024390243902439,0
z_bruto,7,6,pre_covid,r7q6·pre_covid,price_core_ipca_ex0,-1,5.972613632871797,10.749761770000548,0.014894823396012705,-0.06061612048329388,-0.04222436291905507,-0.02371123832735862,1,-0.12430189193218187,1,FALSE,0.7073170731707317,0
z_bruto,7,6,pre_covid,r7q6·pre_covid,cds_5y,-1,5.972613632871797,10.749761770000548,1593.5177665357464,742.0234513313449,3666.9898404031055,3058.529234610949,12,3666.9898404031055,1,FALSE,0.2682926829268293,0
z_bruto,8,8,full,r8q8·full,asset_ibov,-1,3.7825870310557193,10.012317327952148,-0.017572313707486135,0.015296354705226108,0.020562827984868838,-0.0021996329056343652,2,0.026772466647425906,-1,TRUE,0.4878048780487805,0
z_bruto,8,8,full,r8q8·full,cambio_usd,-1,3.7825870310557193,10.012317327952148,0.14800709710683213,0.10388066437563503,-0.0016588746339254942,-0.04341810627418453,1,0.20857756658356003,1,FALSE,0.4146341463414634,5
z_bruto,8,8,full,r8q8·full,yield_6m,1,3.7825870310557193,10.012317327952148,0.005,0.003980316074929724,8.95665249327988e-5,-0.005106492610942036,1,0.005346432415512326,1,TRUE,0.3170731707317073,4
z_bruto,8,8,full,r8q8·full,yield_5y,1,3.7825870310557193,10.012317327952148,0.008470835198757869,0.004643884381066262,-0.0011716024865791553,-0.003669794264701587,1,0.009611267540791692,1,TRUE,0.2682926829268293,5
z_bruto,8,8,full,r8q8·full,spread_icc_juridica,1,3.7825870310557193,10.012317327952148,-0.0021174030622373246,0.014901330518340097,0.04895977982013088,0.020765086112219968,12,0.04895977982013088,-1,FALSE,0.6829268292682927,0
z_bruto,8,8,full,r8q8·full,spread_icc_fisica,1,3.7825870310557193,10.012317327952148,0.02985622305696092,0.05990741224252592,0.11385167673170347,0.013280477112189692,11,0.11656247398000058,1,TRUE,0.6585365853658537,0
z_bruto,8,8,full,r8q8·full,credit_outstanding,-1,3.7825870310557193,10.012317327952148,0.15227226431993035,0.3130563782259399,0.0071058236435384,-0.75010211457468,26,-0.7689239652331481,1,FALSE,0.6829268292682927,0
z_bruto,8,8,full,r8q8·full,credito_pessoa_fisica,-1,3.7825870310557193,10.012317327952148,0.034160380893921705,0.20364312453959865,0.021687489613975153,-0.5408312468781595,28,-0.5789217873625963,1,FALSE,0.6829268292682927,0
z_bruto,8,8,full,r8q8·full,price_ipca,-1,3.7825870310557193,10.012317327952148,-0.06979506462057655,0.07012568749781811,-0.10369025478982052,-0.032149880852025664,5,0.14580082436057484,-1,TRUE,0.5365853658536586,0
z_bruto,8,8,full,r8q8·full,price_core_ipca_ex0,-1,3.7825870310557193,10.012317327952148,0.030805219503993723,0.07584148377448267,0.019834398054832534,-0.017184501491182346,5,0.10677480855211326,1,FALSE,0.34146341463414637,1
z_bruto,8,8,full,r8q8·full,cds_5y,-1,3.7825870310557193,10.012317327952148,3194.239802475044,1899.4278948876727,3.877721311979496,-1257.6548330345006,1,3777.4167817107905,1,FALSE,0.5853658536585366,5
z_bruto,8,8,pre_covid,r8q8·pre_covid,asset_ibov,-1,5.779637901873906,7.587179415197819,0.08077884406494269,-0.0013546310036563185,-0.010418075804303102,-0.014987801041171344,2,0.08626379795949075,1,FALSE,0.6341463414634146,0
z_bruto,8,8,pre_covid,r8q8·pre_covid,cambio_usd,-1,5.779637901873906,7.587179415197819,-0.053057278533462704,-0.05486725324839375,0.17780961187710603,0.18545713737549613,14,0.23565707833030594,-1,TRUE,0.4878048780487805,0
z_bruto,8,8,pre_covid,r8q8·pre_covid,yield_6m,1,5.779637901873906,7.587179415197819,0.005,0.006433709606112956,0.015402940078954897,0.010744889877209245,40,-0.019233764549764425,1,TRUE,0.7317073170731707,1
z_bruto,8,8,pre_covid,r8q8·pre_covid,yield_5y,1,5.779637901873906,7.587179415197819,-0.0016723497557634998,7.997968385190616e-4,0.012692148589963792,0.0058173882314036295,40,-0.020024818356712576,-1,FALSE,0.5121951219512195,0
z_bruto,8,8,pre_covid,r8q8·pre_covid,spread_icc_juridica,1,5.779637901873906,7.587179415197819,0.030420295718586825,-0.049299809939614754,-0.008053196614737967,0.2379239525461859,34,0.34318827697666193,1,TRUE,0.7317073170731707,0
z_bruto,8,8,pre_covid,r8q8·pre_covid,spread_icc_fisica,1,5.779637901873906,7.587179415197819,0.07072257236732218,0.028146009161233287,0.2214042325059233,0.8866639059704946,29,0.9917777399217913,1,TRUE,0.975609756097561,0
z_bruto,8,8,pre_covid,r8q8·pre_covid,credit_outstanding,-1,5.779637901873906,7.587179415197819,-0.14521910067873955,0.18501349992592342,-0.010504978589498393,-2.1171454248841703,33,-3.1451068862045295,-1,TRUE,0.8292682926829268,0
z_bruto,8,8,pre_covid,r8q8·pre_covid,credito_pessoa_fisica,-1,5.779637901873906,7.587179415197819,0.23388724670092564,0.544596046330148,0.6713671710939062,-0.8639519209477475,38,-2.451093735222376,1,FALSE,0.5365853658536586,0
z_bruto,8,8,pre_covid,r8q8·pre_covid,price_ipca,-1,5.779637901873906,7.587179415197819,-0.23964573258080019,-0.15067952039240562,-0.28071403549803053,-0.41527743630201996,23,-0.433624463554593,-1,TRUE,0.9512195121951219,0
z_bruto,8,8,pre_covid,r8q8·pre_covid,price_core_ipca_ex0,-1,5.779637901873906,7.587179415197819,-0.0423068759427919,-0.15316560436171447,-0.0911306603532259,-0.09929458977518209,1,-0.27367589372413936,-1,TRUE,0.8780487804878049,0
z_bruto,8,8,pre_covid,r8q8·pre_covid,cds_5y,-1,5.779637901873906,7.587179415197819,-481.3828523961767,316.7909118635974,7464.004675091434,7746.793360004562,18,9406.867326112188,-1,TRUE,0.3902439024390244,0
z_jk,6,5,full,r6q5·full,asset_ibov,-1,8.270692938202027,5.473533304545747,-0.0751407193864746,-2.048546490944007e-4,0.010799018825478022,0.007440653018829674,0,-0.0751407193864746,-1,TRUE,0.07317073170731707,1
z_jk,6,5,full,r6q5·full,cambio_usd,-1,8.270692938202027,5.473533304545747,0.2335806167715691,0.2070033164436081,0.06019532749860666,-0.06530337844296864,1,0.3140293032672225,1,FALSE,0.6097560975609756,8
z_jk,6,5,full,r6q5·full,yield_6m,1,8.270692938202027,5.473533304545747,0.005,0.004249649296520812,6.73324780155179e-4,-0.0022485320054340986,40,-0.00694956671545252,1,TRUE,0.34146341463414637,3
z_jk,6,5,full,r6q5·full,yield_5y,1,8.270692938202027,5.473533304545747,0.011505506685651359,0.008446668172091852,0.002057067125652103,-0.0026419384969004417,1,0.012895678329802618,1,TRUE,0.3902439024390244,8
z_jk,6,5,full,r6q5·full,spread_icc_juridica,1,8.270692938202027,5.473533304545747,-0.02869972432669049,-0.05500975552413968,0.006542280178379278,0.0769042509415855,25,0.07703944336244628,-1,FALSE,0.7073170731707317,2
z_jk,6,5,full,r6q5·full,spread_icc_fisica,1,8.270692938202027,5.473533304545747,-0.0012498602627435869,-0.052186225766839,0.034345827520263515,0.11626558479169312,24,0.11626558479169312,-1,FALSE,0.7317073170731707,0
z_jk,6,5,full,r6q5·full,credit_outstanding,-1,8.270692938202027,5.473533304545747,0.39078936105132467,0.3268928656678938,-0.11633301463647161,-0.683477244566566,37,-0.8889324796373166,1,FALSE,0.7317073170731707,2
z_jk,6,5,full,r6q5·full,credito_pessoa_fisica,-1,8.270692938202027,5.473533304545747,0.024984352363399687,0.027975236397348446,-0.14150764357918622,-0.3565034713839288,40,-0.7246631823570548,1,FALSE,0.8780487804878049,0
z_jk,6,5,full,r6q5·full,price_ipca,-1,8.270692938202027,5.473533304545747,0.09355212045164624,0.14763183675386982,0.013651147501047544,-0.020301096898870764,4,0.1893107308721989,1,FALSE,0.5365853658536586,0
z_jk,6,5,full,r6q5·full,price_core_ipca_ex0,-1,8.270692938202027,5.473533304545747,0.06136605195617545,0.08547793205428522,0.054053828563039065,0.06690957370305106,5,0.10383621801587578,1,FALSE,0,0
z_jk,6,5,full,r6q5·full,cds_5y,-1,8.270692938202027,5.473533304545747,5112.242889628663,3483.4144353047013,937.1621452520401,-1389.5335319713804,1,5470.998487013584,1,FALSE,0.6097560975609756,8
z_jk,6,5,pre_covid,r6q5·pre_covid,asset_ibov,-1,15.17164547988407,12.718135399213438,-0.14232978378062888,-0.005216591740260176,-0.015081543627498445,-0.012752795328566309,0,-0.14232978378062888,-1,TRUE,0.8292682926829268,1
z_jk,6,5,pre_covid,r6q5·pre_covid,cambio_usd,-1,15.17164547988407,12.718135399213438,0.07044080233602791,-0.05334055867050533,0.026159763509393367,-0.017120098123396522,1,0.12758379399106956,1,FALSE,0.6829268292682927,0
z_jk,6,5,pre_covid,r6q5·pre_covid,yield_6m,1,15.17164547988407,12.718135399213438,0.005,0.004240633464890989,0.005127237296530858,0.0015988709335336383,3,0.005267374674641778,1,TRUE,0.6829268292682927,5
z_jk,6,5,pre_covid,r6q5·pre_covid,yield_5y,1,15.17164547988407,12.718135399213438,0.008648002694905574,-2.476533947852718e-5,0.0026281998852480787,-0.0016913057021095725,0,0.008648002694905574,1,TRUE,0.3902439024390244,2
z_jk,6,5,pre_covid,r6q5·pre_covid,spread_icc_juridica,1,15.17164547988407,12.718135399213438,-0.03401016681262602,0.04935936864891583,0.0767200129785172,0.14688705764658674,33,0.16207179675023356,-1,FALSE,0.9512195121951219,0
z_jk,6,5,pre_covid,r6q5·pre_covid,spread_icc_fisica,1,15.17164547988407,12.718135399213438,0.044619784472096455,0.21710507891014114,0.29342194273237743,0.45229606431887526,28,0.4631787412556831,1,TRUE,1,0
z_jk,6,5,pre_covid,r6q5·pre_covid,credit_outstanding,-1,15.17164547988407,12.718135399213438,0.12925313815763673,-0.48088101100328684,-0.6639845310421277,-1.257712711910286,33,-1.4221663522246741,1,FALSE,0.926829268292683,0
z_jk,6,5,pre_covid,r6q5·pre_covid,credito_pessoa_fisica,-1,15.17164547988407,12.718135399213438,0.13664858023096915,-0.052911295557489524,-0.18969327373422606,-0.704383011924592,36,-0.964269806008422,1,FALSE,0.8780487804878049,3
z_jk,6,5,pre_covid,r6q5·pre_covid,price_ipca,-1,15.17164547988407,12.718135399213438,-0.09407094472832023,-0.17234575397717128,-0.1562952655945125,-0.14463424796401766,9,-0.20199978783237807,-1,TRUE,0.926829268292683,0
z_jk,6,5,pre_covid,r6q5·pre_covid,price_core_ipca_ex0,-1,15.17164547988407,12.718135399213438,-0.05894971627196695,-0.0489609438582188,-0.03294481693808022,-0.019908680979218437,2,0.09012657751328504,-1,TRUE,0.8048780487804879,0
z_jk,6,5,pre_covid,r6q5·pre_covid,cds_5y,-1,15.17164547988407,12.718135399213438,4149.427558355613,921.4979816108062,2944.041580675685,1636.1011208691582,1,4463.12156124298,1,FALSE,0.21951219512195122,2
z_jk,7,6,full,r7q6·full,asset_ibov,-1,8.407040573489137,5.332252738925228,-0.08159895848673615,0.006126909471601686,0.011577195413120587,1.1700695102542395e-4,0,-0.08159895848673615,-1,TRUE,0.43902439024390244,1
z_jk,7,6,full,r7q6·full,cambio_usd,-1,8.407040573489137,5.332252738925228,0.2361600975574682,0.21698828193086736,0.06188511902960328,-0.05912036072588818,1,0.3218710580584998,1,FALSE,0.5853658536585366,8
z_jk,7,6,full,r7q6·full,yield_6m,1,8.407040573489137,5.332252738925228,0.005,0.0026520900016729436,-0.0011636688805136061,-0.004371945363622958,1,0.006458048465231736,1,TRUE,0.24390243902439024,3
z_jk,7,6,full,r7q6·full,yield_5y,1,8.407040573489137,5.332252738925228,0.011873133958253075,0.006806026570735792,3.8736954888341564e-4,-0.003214321050944651,1,0.013446464193948775,1,TRUE,0.3170731707317073,6
z_jk,7,6,full,r7q6·full,spread_icc_juridica,1,8.407040573489137,5.332252738925228,-0.020856485358911145,-0.049719406016860104,0.012180875175305193,0.049589840458107,3,-0.057546094153252146,-1,FALSE,0.6585365853658537,1
z_jk,7,6,full,r7q6·full,spread_icc_fisica,1,8.407040573489137,5.332252738925228,0.009781906106711114,-0.036830322630497514,0.048097853724689686,0.05327365647154231,21,0.05895497022054817,1,TRUE,0.6585365853658537,0
z_jk,7,6,full,r7q6·full,credit_outstanding,-1,8.407040573489137,5.332252738925228,0.3053984875099891,0.2646475872335685,-0.23404320941839973,-0.9550906541366477,27,-0.9737254156376385,1,FALSE,0.7560975609756098,2
z_jk,7,6,full,r7q6·full,credito_pessoa_fisica,-1,8.407040573489137,5.332252738925228,-0.0276203599011704,-0.06386016624001511,-0.2719043963199108,-0.6069047557321294,34,-0.6629413107683946,-1,TRUE,1,0
z_jk,7,6,full,r7q6·full,price_ipca,-1,8.407040573489137,5.332252738925228,-0.009507655319286582,0.1626300608164733,-0.014752065935178556,-0.02386208626332823,5,0.22605273442178433,-1,TRUE,0.5609756097560976,3
z_jk,7,6,full,r7q6·full,price_core_ipca_ex0,-1,8.407040573489137,5.332252738925228,0.034550859815155203,0.10485166829945428,0.054024616427409654,0.04162072232601596,7,0.127640010714988,1,FALSE,0,1
z_jk,7,6,full,r7q6·full,cds_5y,-1,8.407040573489137,5.332252738925228,5205.559677855444,3203.802231225748,637.5319515944509,-1644.8724657890605,1,5673.663062956069,1,FALSE,0.6585365853658537,8
z_jk,7,6,pre_covid,r7q6·pre_covid,asset_ibov,-1,10.445599798577826,6.445181856962402,-0.1006407741230653,-0.06433974329749652,3.9530550981467044e-4,0.015364837976069136,2,0.2080412518980274,-1,TRUE,0.1951219512195122,0
z_jk,7,6,pre_covid,r7q6·pre_covid,cambio_usd,-1,10.445599798577826,6.445181856962402,0.13595478082222803,0.09378238403955302,0.09562030188516334,0.07180088997216548,7,0.25685478731784245,1,FALSE,0.2926829268292683,0
z_jk,7,6,pre_covid,r7q6·pre_covid,yield_6m,1,10.445599798577826,6.445181856962402,0.005,-0.005727352464132,-9.524977145442508e-4,6.801299472719599e-4,5,-0.008468247332260304,1,TRUE,0.4878048780487805,1
z_jk,7,6,pre_covid,r7q6·pre_covid,yield_5y,1,10.445599798577826,6.445181856962402,0.009591503157647271,0.0011562976425322272,0.004021943397798117,0.0036547625307702825,0,0.009591503157647271,1,TRUE,0.6829268292682927,0
z_jk,7,6,pre_covid,r7q6·pre_covid,spread_icc_juridica,1,10.445599798577826,6.445181856962402,0.024183329638492023,-0.016727456454605508,-0.13470571486425684,-0.09552032200057524,11,-0.14633037215041383,1,TRUE,0.14634146341463414,0
z_jk,7,6,pre_covid,r7q6·pre_covid,spread_icc_fisica,1,10.445599798577826,6.445181856962402,0.08293472165582907,-0.15473008345470207,-0.4540130973395659,-0.3144099581651741,10,-0.5022509012523122,1,TRUE,0.14634146341463414,0
z_jk,7,6,pre_covid,r7q6·pre_covid,credit_outstanding,-1,10.445599798577826,6.445181856962402,0.08159065855781744,0.13781207127867567,1.175114590107551,0.89837358383366706,11,1.404355003848723,1,FALSE,0.12195121951219512,0
z_jk,7,6,pre_covid,r7q6·pre_covid,credito_pessoa_fisica,-1,10.445599798577826,6.445181856962402,-0.10713639822181875,-0.3232062653976686,0.6350152043586021,0.5409790069906606,31,0.8574189240617924,-1,TRUE,0.1951219512195122,0
z_jk,7,6,pre_covid,r7q6·pre_covid,price_ipca,-1,10.445599798577826,6.445181856962402,0.1025099037637174,-8.810354936487387e-4,-0.011121878430643946,0.029554040275785773,3,-0.5121155096871015,1,FALSE,0.3170731707317073,0
z_jk,7,6,pre_covid,r7q6·pre_covid,price_core_ipca_ex0,-1,10.445599798577826,6.445181856962402,0.13784152370467712,-0.019347131309726255,-0.03760965781452826,0.012921702889022977,2,0.19338288842463316,1,FALSE,0.36585365853658536,0
z_jk,7,6,pre_covid,r7q6·pre_covid,cds_5y,-1,10.445599798577826,6.445181856962402,4570.752710943071,87.32495131704583,-32.21820554417836,294.5932014235041,1,4969.004262212128,1,FALSE,0.3902439024390244,0
z_jk,8,8,full,r8q8·full,asset_ibov,-1,10.249984438713552,5.746070269025472,-0.07684940560270186,0.007712309276749799,0.01629277589422431,-0.0037064514811320955,0,-0.07684940560270186,-1,TRUE,0.43902439024390244,1
z_jk,8,8,full,r8q8·full,cambio_usd,-1,10.249984438713552,5.746070269025472,0.2255960332256183,0.20565020515256585,0.030446900574454216,-0.05527932803704646,1,0.32537344334485263,1,FALSE,0.43902439024390244,7
z_jk,8,8,full,r8q8·full,yield_6m,1,10.249984438713552,5.746070269025472,0.005,0.003067634564247019,-7.629608759075234e-4,-0.004390021820240331,1,0.00596393274200196,1,TRUE,0.2682926829268293,3
z_jk,8,8,full,r8q8·full,yield_5y,1,10.249984438713552,5.746070269025472,0.011359233598438514,0.006475686344772216,-8.450409394297773e-4,-0.0030617401712040196,1,0.013185677787661318,1,TRUE,0.2682926829268293,6
z_jk,8,8,full,r8q8·full,spread_icc_juridica,1,10.249984438713552,5.746070269025472,-0.009198444216667993,-0.03673975158121444,0.017557574797082712,0.035618319172625576,21,0.03946631865751381,-1,FALSE,0.7560975609756098,0
z_jk,8,8,full,r8q8·full,spread_icc_fisica,1,10.249984438713552,5.746070269025472,0.034281505637318584,-0.009877062649046808,0.054554688393845086,0.03382067956654061,12,0.054554688393845086,1,TRUE,0.8292682926829268,0
z_jk,8,8,full,r8q8·full,credit_outstanding,-1,10.249984438713552,5.746070269025472,0.3280309820835381,0.3638437262425409,-0.08170201312935887,-0.8288619867089619,26,-0.8454599628062498,1,FALSE,0.7073170731707317,2
z_jk,8,8,full,r8q8·full,credito_pessoa_fisica,-1,10.249984438713552,5.746070269025472,0.006063789457400048,0.0324875060088603,-0.12258465171542943,-0.5455264346102551,29,-0.5860514554291485,1,FALSE,0.8292682926829268,0
z_jk,8,8,full,r8q8·full,price_ipca,-1,10.249984438713552,5.746070269025472,-7.363920222415853e-4,0.12344455772532094,-0.07987326629489201,-0.006824523049468914,5,0.19436359050467705,-1,TRUE,0.4146341463414634,0
z_jk,8,8,full,r8q8·full,price_core_ipca_ex0,-1,10.249984438713552,5.746070269025472,0.03987743136969791,0.09018415217463398,0.03930627947174049,0.011140360369126464,5,0.11823388555495687,1,FALSE,0,1
z_jk,8,8,full,r8q8·full,cds_5y,-1,10.249984438713552,5.746070269025472,5101.936504007145,3178.118485014627,39.62399389159107,-1331.3388135592943,1,6024.390905963387,1,FALSE,0.6829268292682927,6
z_jk,8,8,pre_covid,r8q8·pre_covid,asset_ibov,-1,7.98691501286772,4.7830949157001355,0.012038237754399826,-0.010455628973255344,-7.200607238172635e-4,-0.007029160481409308,2,0.17123526714463555,1,FALSE,0.5853658536585366,0
z_jk,8,8,pre_covid,r8q8·pre_covid,cambio_usd,-1,7.98691501286772,4.7830949157001355,-0.02656593648867907,-0.17072879501634566,0.0644306529956062,0.24997617321650295,3,-0.39211377322414304,-1,TRUE,0.4878048780487805,0
z_jk,8,8,pre_covid,r8q8·pre_covid,yield_6m,1,7.98691501286772,4.7830949157001355,0.005,-3.414402640833535e-4,0.00902060316437311,0.013796573779512688,21,0.015268553390733715,1,TRUE,0.7560975609756098,1
z_jk,8,8,pre_covid,r8q8·pre_covid,yield_5y,1,7.98691501286772,4.7830949157001355,-3.905645995295709e-4,-0.006399276451649269,0.007066027811010804,0.011859526701728268,3,-0.014545989730711901,-1,FALSE,0.5365853658536586,0
z_jk,8,8,pre_covid,r8q8·pre_covid,spread_icc_juridica,1,7.98691501286772,4.7830949157001355,0.032770155200369945,-0.03508710860040343,-0.06620273067896251,0.12057977350528853,37,0.27297144537212237,1,TRUE,0.7073170731707317,0
z_jk,8,8,pre_covid,r8q8·pre_covid,spread_icc_fisica,1,7.98691501286772,4.7830949157001355,0.1260778229893768,-0.019304420272273148,-0.045432511774787486,0.5575862362240639,34,0.8081108811729344,1,TRUE,0.8048780487804879,0
z_jk,8,8,pre_covid,r8q8·pre_covid,credit_outstanding,-1,7.98691501286772,4.7830949157001355,-0.17194498729633523,-0.04702406042432772,0.46877208915474533,-1.0080064378207965,36,-2.528426877631995,-1,TRUE,0.7073170731707317,0
z_jk,8,8,pre_covid,r8q8·pre_covid,credito_pessoa_fisica,-1,7.98691501286772,4.7830949157001355,0.06628678687166101,0.1746951564181698,0.7438196080761017,-0.10063934456305823,40,-1.910149102971792,1,FALSE,0.4634146341463415,0
z_jk,8,8,pre_covid,r8q8·pre_covid,price_ipca,-1,7.98691501286772,4.7830949157001355,-0.08166975365486596,-0.20915470242215453,-0.1665324404910951,-0.26189458424550915,3,-0.5715691301340791,-1,TRUE,0.8536585365853658,0
z_jk,8,8,pre_covid,r8q8·pre_covid,price_core_ipca_ex0,-1,7.98691501286772,4.7830949157001355,-0.03730635440928673,-0.214420967833411,-0.09056414355587229,-0.029038489537473008,3,-0.21899021163339888,-1,TRUE,0.7317073170731707,0
z_jk,8,8,pre_covid,r8q8·pre_covid,cds_5y,-1,7.98691501286772,4.7830949157001355,93.35884825640383,-3415.8905773162346,3320.848437944367,8987.481453196267,24,8987.481453196267,1,FALSE,0.34146341463414637,0
z_het_jk_3var,6,5,full,r6q5·full,asset_ibov,-1,2.367697540266038,4.247287198325289,0.020161984701033416,0.013482201878464222,0.018499047370871703,0.008130763845952505,2,0.03709620801101016,1,FALSE,0,0
z_het_jk_3var,6,5,full,r6q5·full,cambio_usd,-1,2.367697540266038,4.247287198325289,0.2214866440196324,0.1412407121668037,0.025547987583891013,-0.04772440113708026,1,0.24361549428988846,1,FALSE,0.5609756097560976,3
z_het_jk_3var,6,5,full,r6q5·full,yield_6m,1,2.367697540266038,4.247287198325289,0.005,0.00530439715869679,-4.178939164988532e-4,-0.006374596853774879,39,-0.00913793937976568,1,TRUE,0.2926829268292683,2
z_het_jk_3var,6,5,full,r6q5·full,yield_5y,1,2.367697540266038,4.247287198325289,0.008586176837206902,0.007454187299083141,4.942224115722914e-4,-0.00497749234114171,1,0.009551152061163137,1,TRUE,0.3170731707317073,5
z_het_jk_3var,6,5,full,r6q5·full,spread_icc_juridica,1,2.367697540266038,4.247287198325289,-0.02206837501892982,0.006007012907007166,0.037987474370460704,0.06886430137796572,23,0.06930131733333819,-1,FALSE,0.8292682926829268,0
z_het_jk_3var,6,5,full,r6q5·full,spread_icc_fisica,1,2.367697540266038,4.247287198325289,0.011810266021390164,0.04070634168172739,0.0874720065176364,0.09505917145377062,20,0.09976624213437679,1,TRUE,0.8780487804878049,0
z_het_jk_3var,6,5,full,r6q5·full,credit_outstanding,-1,2.367697540266038,4.247287198325289,0.22309502695734285,0.15703620686711162,-0.3776310031332386,-1.1571816507881971,32,-1.2639518440214714,1,FALSE,0.8048780487804879,0
z_het_jk_3var,6,5,full,r6q5·full,credito_pessoa_fisica,-1,2.367697540266038,4.247287198325289,0.0036826750776652872,0.09215480675919263,-0.28124244739470283,-0.7953373411757725,37,-1.0073765683369151,1,FALSE,0.8048780487804879,0
z_het_jk_3var,6,5,full,r6q5·full,price_ipca,-1,2.367697540266038,4.247287198325289,-0.04199662283934107,0.07350758792789874,-0.017001180688984083,-0.004110156891210118,5,0.1629063462835126,-1,TRUE,0.3902439024390244,0
z_het_jk_3var,6,5,full,r6q5·full,price_core_ipca_ex0,-1,2.367697540266038,4.247287198325289,0.07830765846437529,0.10638016347935939,0.07364885004991316,0.08381389884779028,5,0.13616474472828524,1,FALSE,0,0
z_het_jk_3var,6,5,full,r6q5·full,cds_5y,-1,2.367697540266038,4.247287198325289,3394.6195500919544,2505.048294207835,285.17459338582927,-1960.5025819755738,1,3492.087700551959,1,FALSE,0.6829268292682927,2
z_het_jk_3var,6,5,pre_covid,r6q5·pre_covid,asset_ibov,-1,11.127487075461756,9.272396430663564,-0.09862955629423611,-0.010388340103196272,-0.014613380218205121,-0.009504236683076402,0,-0.09862955629423611,-1,TRUE,0.7073170731707317,0
z_het_jk_3var,6,5,pre_covid,r6q5·pre_covid,cambio_usd,-1,11.127487075461756,9.272396430663564,0.055693226011253795,-0.07707746814604889,0.02626324815870303,6.664076328019377e-4,1,0.09482311274900879,1,FALSE,0.6585365853658537,0
z_het_jk_3var,6,5,pre_covid,r6q5·pre_covid,yield_6m,1,11.127487075461756,9.272396430663564,0.005,0.0026480596708321714,0.004365087592909356,0.0027788156098297696,0,0.005,1,TRUE,0.7804878048780488,3
z_het_jk_3var,6,5,pre_covid,r6q5·pre_covid,yield_5y,1,11.127487075461756,9.272396430663564,0.006968184801817058,-0.0012930301876118325,0.002654044896837356,5.756584388421813e-5,0,0.006968184801817058,1,TRUE,0.43902439024390244,0
z_het_jk_3var,6,5,pre_covid,r6q5·pre_covid,spread_icc_juridica,1,11.127487075461756,9.272396430663564,-0.027967241747770447,0.019693532070397236,0.04420121839159411,0.10823097118441188,34,0.13670828459319245,-1,FALSE,0.9512195121951219,0
z_het_jk_3var,6,5,pre_covid,r6q5·pre_covid,spread_icc_fisica,1,11.127487075461756,9.272396430663564,7.824122063616687e-5,0.13086934092629787,0.18577458037602626,0.3525227124751171,33,0.39542696180730935,1,TRUE,1,0
z_het_jk_3var,6,5,pre_covid,r6q5·pre_covid,credit_outstanding,-1,11.127487075461756,9.272396430663564,0.06095779196326756,-0.2663729230110823,-0.4025689814106559,-0.9203165599308116,34,-1.197654025164585,1,FALSE,0.926829268292683,0
z_het_jk_3var,6,5,pre_covid,r6q5·pre_covid,credito_pessoa_fisica,-1,11.127487075461756,9.272396430663564,0.1894694402007291,0.021649649780086655,-0.05604305546103028,-0.44743876549319106,40,-0.8066026791863301,1,FALSE,0.8292682926829268,1
z_het_jk_3var,6,5,pre_covid,r6q5·pre_covid,price_ipca,-1,11.127487075461756,9.272396430663564,-0.3785393657455503,-0.08769548645109708,-0.15577951656971686,-0.1299444720559017,0,-0.3785393657455503,-1,TRUE,0.926829268292683,0
z_het_jk_3var,6,5,pre_covid,r6q5·pre_covid,price_core_ipca_ex0,-1,11.127487075461756,9.272396430663564,-0.1287412196803588,-0.05900172625703052,-0.042997200086074924,-0.01602132896935413,0,-0.1287412196803588,-1,TRUE,0.7804878048780488,0
z_het_jk_3var,6,5,pre_covid,r6q5·pre_covid,cds_5y,-1,11.127487075461756,9.272396430663564,3283.5821654802103,-164.94944148570195,2392.6524252970635,1955.0348241016547,1,3393.580973169209,1,FALSE,0.1951219512195122,0
z_het_jk_3var,7,6,full,r7q6·full,asset_ibov,-1,2.7415999056222926,4.592176717949085,-0.004085450686980589,0.014115691637269213,0.017234378234716498,7.076345083864894e-4,2,0.021671622364146256,-1,TRUE,0.43902439024390244,0
z_het_jk_3var,7,6,full,r7q6·full,cambio_usd,-1,2.7415999056222926,4.592176717949085,0.1668584916301534,0.08603778432427699,-0.00889531532230058,-0.053772786014086534,1,0.20581850540611718,1,FALSE,0.4878048780487805,2
z_het_jk_3var,7,6,full,r7q6·full,yield_6m,1,2.7415999056222926,4.592176717949085,0.005,0.0030269177047988474,-0.0018957752332315356,-0.008656982601778612,28,-0.00901580078249387,1,TRUE,0.2682926829268293,2
z_het_jk_3var,7,6,full,r7q6·full,yield_5y,1,2.7415999056222926,4.592176717949085,0.009234232665726972,0.004660348580632938,-0.0012904704146868117,-0.005646782142010528,1,0.010428817659638793,1,TRUE,0.2682926829268293,4
z_het_jk_3var,7,6,full,r7q6·full,spread_icc_juridica,1,2.7415999056222926,4.592176717949085,-0.012384092005979147,0.03292742583082873,0.06794047364454989,0.039943298003435164,11,0.06944430922785894,-1,FALSE,0.7317073170731707,0
z_het_jk_3var,7,6,full,r7q6·full,spread_icc_fisica,1,2.7415999056222926,4.592176717949085,-0.005420411718136853,0.0679843988085649,0.13055308555092826,0.02477611293887762,11,0.13829984973484608,-1,FALSE,0.5853658536585366,0
z_het_jk_3var,7,6,full,r7q6·full,credit_outstanding,-1,2.7415999056222926,4.592176717949085,-0.1028063803013457,-0.18328407608965147,-0.6408741625766767,-1.4980634059070352,27,-1.5255278310220333,-1,TRUE,1,0
z_het_jk_3var,7,6,full,r7q6·full,credito_pessoa_fisica,-1,2.7415999056222926,4.592176717949085,-0.12085794906739888,-0.0887987972161941,-0.4253042084826686,-1.0816868248967104,29,-1.1465968919770475,-1,TRUE,1,0
z_het_jk_3var,7,6,full,r7q6·full,price_ipca,-1,2.7415999056222926,4.592176717949085,-0.1749197511839453,0.11187121464713679,-0.060933957031605764,-0.03429568864984036,5,0.20033983416530593,-1,TRUE,0.5121951219512195,0
z_het_jk_3var,7,6,full,r7q6·full,price_core_ipca_ex0,-1,2.7415999056222926,4.592176717949085,0.011995462575449197,0.12905868849727672,0.07973451251256389,0.04458272603993734,5,0.15176328553657803,1,FALSE,0,0
z_het_jk_3var,7,6,full,r7q6·full,cds_5y,-1,2.7415999056222926,4.592176717949085,2942.4832177139347,1276.463917095138,-442.50644085076203,-2364.4325499644083,1,3221.117248177714,1,FALSE,0.7317073170731707,2
z_het_jk_3var,7,6,pre_covid,r7q6·pre_covid,asset_ibov,-1,3.946965358266871,8.161888739992817,0.005596966921080653,-0.035433067693038243,-0.0051806053944004025,-0.005852933984907941,2,0.10589167031732569,1,FALSE,0.6829268292682927,0
z_het_jk_3var,7,6,pre_covid,r7q6·pre_covid,cambio_usd,-1,3.946965358266871,8.161888739992817,0.0899284861561832,0.015775603254851684,0.0694058587723098,0.040299999437641586,1,0.1535859134144835,1,FALSE,0.5121951219512195,0
z_het_jk_3var,7,6,pre_covid,r7q6·pre_covid,yield_6m,1,3.946965358266871,8.161888739992817,0.005,0.001240868134381251,0.005979519139990234,0.0034478663963632694,15,0.0059909020058056565,1,TRUE,0.7560975609756098,1
z_het_jk_3var,7,6,pre_covid,r7q6·pre_covid,yield_5y,1,3.946965358266871,8.161888739992817,0.0058505922646951624,0.0021873187286536224,0.006101685405584998,0.002497700821487682,11,0.006821323574443643,1,TRUE,0.6585365853658537,0
z_het_jk_3var,7,6,pre_covid,r7q6·pre_covid,spread_icc_juridica,1,3.946965358266871,8.161888739992817,0.0030683323623616906,-0.03469563316650601,-0.04794867975278672,0.053617705600655326,37,0.10214564719756572,1,TRUE,0.7317073170731707,0
z_het_jk_3var,7,6,pre_covid,r7q6·pre_covid,spread_icc_fisica,1,3.946965358266871,8.161888739992817,-0.03169552508242322,-0.06019823916491653,-0.07376159673897101,0.19662367835847505,36,0.28765680875195443,-1,FALSE,0.7317073170731707,0
z_het_jk_3var,7,6,pre_covid,r7q6·pre_covid,credit_outstanding,-1,3.946965358266871,8.161888739992817,0.14191881072469492,0.21800587575497854,0.3771883854772895,-0.47602976096293714,37,-0.9477965474247063,1,FALSE,0.6829268292682927,0
z_het_jk_3var,7,6,pre_covid,r7q6·pre_covid,credito_pessoa_fisica,-1,3.946965358266871,8.161888739992817,0.21005078715037317,0.17049565506499498,0.5079493824415637,-0.13489584946426714,40,-0.6794393200338589,1,FALSE,0.5365853658536586,0
z_het_jk_3var,7,6,pre_covid,r7q6·pre_covid,price_ipca,-1,3.946965358266871,8.161888739992817,-0.2809569173580853,-0.030970870357929,-0.1797161868873631,-0.16023891191950956,0,-0.2809569173580853,-1,TRUE,0.8292682926829268,0
z_het_jk_3var,7,6,pre_covid,r7q6·pre_covid,price_core_ipca_ex0,-1,3.946965358266871,8.161888739992817,0.015334282466437548,-0.046540013825622735,-0.05628932619147786,-0.02536202285450557,8,0.10588971935096098,1,FALSE,0.6585365853658537,0
z_het_jk_3var,7,6,pre_covid,r7q6·pre_covid,cds_5y,-1,3.946965358266871,8.161888739992817,2610.948111360184,779.8923465720773,2779.1201506248594,2424.997544554027,1,3677.4945083452203,1,FALSE,0.24390243902439024,0
z_het_jk_3var,8,8,full,r8q8·full,asset_ibov,-1,4.056864662104079,7.247293669666219,-0.007183910841410635,0.017214081862459214,0.01922232962521531,-0.002074998776648849,2,0.02235912517261193,-1,TRUE,0.4878048780487805,0
z_het_jk_3var,8,8,full,r8q8·full,cambio_usd,-1,4.056864662104079,7.247293669666219,0.08903559639332252,0.05760649445806181,-0.03442421464083329,-0.045932115542517686,1,0.1255316567068689,1,FALSE,0.4878048780487805,2
z_het_jk_3var,8,8,full,r8q8·full,yield_6m,1,4.056864662104079,7.247293669666219,0.005,0.005700771322761627,0.002250635235498572,-0.002748664355493142,3,0.006139819223559887,1,TRUE,0.4146341463414634,8
z_het_jk_3var,8,8,full,r8q8·full,yield_5y,1,4.056864662104079,7.247293669666219,0.006289010836486711,0.004327862895244011,-9.738462724217144e-4,-0.0028230650319792635,1,0.007265935727530331,1,TRUE,0.5121951219512195,5
z_het_jk_3var,8,8,full,r8q8·full,spread_icc_juridica,1,4.056864662104079,7.247293669666219,-0.001664399291918198,0.02877149786019007,0.055470614780766675,0.004885329586224977,12,0.055470614780766675,-1,FALSE,0.5853658536585366,0
z_het_jk_3var,8,8,full,r8q8·full,spread_icc_fisica,1,4.056864662104079,7.247293669666219,0.012016006719415724,0.08150521704566323,0.1311039063793092,-0.0033081118511859033,12,0.1311039063793092,1,TRUE,0.5853658536585366,0
z_het_jk_3var,8,8,full,r8q8·full,credit_outstanding,-1,4.056864662104079,7.247293669666219,0.2173593101832516,0.571794268191006,0.4212563061348096,-0.251412868678913,8,0.6001882738965625,1,FALSE,0.5365853658536586,0
z_het_jk_3var,8,8,full,r8q8·full,credito_pessoa_fisica,-1,4.056864662104079,7.247293669666219,0.16174669097936967,0.48088484032506873,0.38243141580613926,-0.17646369188073496,8,0.5424812138927981,1,FALSE,0.5365853658536586,0
z_het_jk_3var,8,8,full,r8q8·full,price_ipca,-1,4.056864662104079,7.247293669666219,-0.10204552736898564,0.06024693212919303,-0.1193512905636137,-0.052402787694820194,13,-0.12455309380990605,-1,TRUE,0.6097560975609756,0
z_het_jk_3var,8,8,full,r8q8·full,price_core_ipca_ex0,-1,4.056864662104079,7.247293669666219,0.028218805791856868,0.06651375341416169,-0.009260998452758544,-0.046005738116089684,5,0.08821221887172814,1,FALSE,0.5609756097560976,1
z_het_jk_3var,8,8,full,r8q8·full,cds_5y,-1,4.056864662104079,7.247293669666219,1862.329853184321,1532.5921662209507,69.46102964330201,-889.2784077338597,1,2442.9905853166783,1,FALSE,0.4634146341463415,4
z_het_jk_3var,8,8,pre_covid,r8q8·pre_covid,asset_ibov,-1,2.650464924866153,6.898473047564015,0.06328826694774001,-0.00900979784333166,-0.0023391324348601013,-0.012897984856489648,2,0.07940273191524186,1,FALSE,0.6341463414634146,0
z_het_jk_3var,8,8,pre_covid,r8q8·pre_covid,cambio_usd,-1,2.650464924866153,6.898473047564015,1.645360265549263e-4,-0.10175297527038447,0.12794329258731252,0.16766265375110675,18,0.23275571937638767,1,FALSE,0.5121951219512195,0
z_het_jk_3var,8,8,pre_covid,r8q8·pre_covid,yield_6m,1,2.650464924866153,6.898473047564015,0.005,0.006172367799853846,0.01365619922157531,0.00963276147496441,40,-0.01739935741922267,1,TRUE,0.7317073170731707,1
z_het_jk_3var,8,8,pre_covid,r8q8·pre_covid,yield_5y,1,2.650464924866153,6.898473047564015,8.229324590355239e-4,-4.283633424017577e-4,0.010057061033466295,0.005385404184503003,40,-0.018074823732072493,1,TRUE,0.5121951219512195,0
z_het_jk_3var,8,8,pre_covid,r8q8·pre_covid,spread_icc_juridica,1,2.650464924866153,6.898473047564015,0.007794064015217773,-0.05245473977093627,0.007012851982024496,0.20624010051247813,34,0.3100670563978419,1,TRUE,0.7317073170731707,0
z_het_jk_3var,8,8,pre_covid,r8q8·pre_covid,spread_icc_fisica,1,2.650464924866153,6.898473047564015,-0.01155648567662983,0.030001202291244332,0.233152990007682,0.7707829182933614,29,0.8965218900874521,-1,FALSE,0.926829268292683,0
z_het_jk_3var,8,8,pre_covid,r8q8·pre_covid,credit_outstanding,-1,2.650464924866153,6.898473047564015,0.007536120258344603,0.14695932273249834,-0.13346235188202993,-1.8378543101724265,33,-2.8452431679956924,1,FALSE,0.7317073170731707,0
z_het_jk_3var,8,8,pre_covid,r8q8·pre_covid,credito_pessoa_fisica,-1,2.650464924866153,6.898473047564015,0.30314887459157447,0.5516097656890206,0.5438584958649351,-0.7377046441254698,38,-2.20652683090643,1,FALSE,0.5365853658536586,0
z_het_jk_3var,8,8,pre_covid,r8q8·pre_covid,price_ipca,-1,2.650464924866153,6.898473047564015,-0.3988937258378455,-0.2050852761958943,-0.28365924971732503,-0.37896005436461816,0,-0.3988937258378455,-1,TRUE,0.975609756097561,0
z_het_jk_3var,8,8,pre_covid,r8q8·pre_covid,price_core_ipca_ex0,-1,2.650464924866153,6.898473047564015,-0.06924160583351338,-0.183084803768356,-0.0880325055527618,-0.08878706254079262,1,-0.23313790005639756,-1,TRUE,0.8292682926829268,0
z_het_jk_3var,8,8,pre_covid,r8q8·pre_covid,cds_5y,-1,2.650464924866153,6.898473047564015,313.70531014363536,-363.90436951487396,6184.659738732405,6885.808517971139,18,8777.459100980055,1,FALSE,0.36585365853658536,0
