tag,r,q,sample,mp_var,f_factor,wald_mp,dfm_max_eig,mp_impact,var,theory_sign,h0,sig90_h0,h_first_signflip,extreme_h,extreme_val,n_reversals,share_correct,verdict
r6q5_full_yield_6m,6,5,full,yield_6m,5.119522408160664,6.937943050774339,0.9801840973162619,0.005,yield_3m,1,0.0032250364803341415,TRUE,14,40,-0.006978886846128522,3,1,coerente_forte
r6q5_full_yield_6m,6,5,full,yield_6m,5.119522408160664,6.937943050774339,0.9801840973162619,0.005,yield_6m,NA,0.005,TRUE,14,40,-0.007178944293161288,1,NA,NA
r6q5_full_yield_6m,6,5,full,yield_6m,5.119522408160664,6.937943050774339,0.9801840973162619,0.005,yield_1y,1,0.006937531286206587,TRUE,14,3,0.008208754120364902,4,1,coerente_forte
r6q5_full_yield_6m,6,5,full,yield_6m,5.119522408160664,6.937943050774339,0.9801840973162619,0.005,yield_2y,1,0.008446105367231062,TRUE,14,1,0.009589038403526763,4,1,coerente_forte
r6q5_full_yield_6m,6,5,full,yield_6m,5.119522408160664,6.937943050774339,0.9801840973162619,0.005,yield_5y,1,0.008753908967703028,TRUE,14,1,0.00960538323572678,4,1,coerente_forte
r6q5_full_yield_6m,6,5,full,yield_6m,5.119522408160664,6.937943050774339,0.9801840973162619,0.005,yield_10y,1,0.007823626650111383,TRUE,14,1,0.00847695930524238,4,1,coerente_forte
r6q5_full_yield_6m,6,5,full,yield_6m,5.119522408160664,6.937943050774339,0.9801840973162619,0.005,price_ipca,-1,0.09793984910350284,FALSE,12,15,-0.03273943258159881,13,0.5945945945945946,parcial
r6q5_full_yield_6m,6,5,full,yield_6m,5.119522408160664,6.937943050774339,0.9801840973162619,0.005,price_core_ipca_ex0,-1,0.08477354776507508,FALSE,NA,40,0.04064897509991241,10,0,incoerente
r6q5_full_yield_6m,6,5,full,yield_6m,5.119522408160664,6.937943050774339,0.9801840973162619,0.005,price_core_ipca_ex1,-1,0.035880951691562205,FALSE,12,22,-0.032141108186737065,17,0.8648648648648649,coerente
r6q5_full_yield_6m,6,5,full,yield_6m,5.119522408160664,6.937943050774339,0.9801840973162619,0.005,price_core_ipca_dw,-1,0.06075952715680212,FALSE,14,18,-0.006193457538817144,11,0.4864864864864865,incoerente
r6q5_full_yield_6m,6,5,full,yield_6m,5.119522408160664,6.937943050774339,0.9801840973162619,0.005,pib,-1,-0.012668088013256806,FALSE,1,40,-0.5693370060704028,5,0.7727272727272727,parcial
r6q5_full_yield_6m,6,5,full,yield_6m,5.119522408160664,6.937943050774339,0.9801840973162619,0.005,ibc_br,-1,-0.5572155169091417,TRUE,2,11,-0.5620828511465087,8,1,coerente_forte
r6q5_full_yield_6m,6,5,full,yield_6m,5.119522408160664,6.937943050774339,0.9801840973162619,0.005,cambio_usd,-1,0.18516757891865593,TRUE,14,24,-0.050989609930773366,2,0,soft_depreciacao_fiscal_dom
r6q5_full_yield_6m,6,5,full,yield_6m,5.119522408160664,6.937943050774339,0.9801840973162619,0.005,cds_5y,-1,3401.0840767315126,TRUE,14,30,-1652.168777905923,4,0,soft_risco_abre_fiscal_dom
r6q5_full_yield_6m,6,5,full,yield_6m,5.119522408160664,6.937943050774339,0.9801840973162619,0.005,embi_perc,-1,0.250466766350897,TRUE,14,29,-0.16737352016932305,3,0,soft_risco_abre_fiscal_dom
r6q5_pre_covid_yield_6m,6,5,pre_covid,yield_6m,11.658939965686008,12.486667913216092,0.9894543448006934,0.005,yield_3m,1,0.004044329650970525,TRUE,33,12,0.005011134072451635,6,1,coerente_forte
r6q5_pre_covid_yield_6m,6,5,pre_covid,yield_6m,11.658939965686008,12.486667913216092,0.9894543448006934,0.005,yield_6m,NA,0.005,TRUE,31,12,0.005486586800477045,8,NA,NA
r6q5_pre_covid_yield_6m,6,5,pre_covid,yield_6m,11.658939965686008,12.486667913216092,0.9894543448006934,0.005,yield_1y,1,0.006045250087663236,TRUE,28,0,0.006045250087663236,6,1,coerente_forte
r6q5_pre_covid_yield_6m,6,5,pre_covid,yield_6m,11.658939965686008,12.486667913216092,0.9894543448006934,0.005,yield_2y,1,0.007320411599576201,TRUE,27,0,0.007320411599576201,6,1,coerente_forte
r6q5_pre_covid_yield_6m,6,5,pre_covid,yield_6m,11.658939965686008,12.486667913216092,0.9894543448006934,0.005,yield_5y,1,0.008255006656855466,TRUE,4,0,0.008255006656855466,6,0.5714285714285714,parcial
r6q5_pre_covid_yield_6m,6,5,pre_covid,yield_6m,11.658939965686008,12.486667913216092,0.9894543448006934,0.005,yield_10y,1,0.007101211187024085,FALSE,4,0,0.007101211187024085,6,0.5714285714285714,parcial
r6q5_pre_covid_yield_6m,6,5,pre_covid,yield_6m,11.658939965686008,12.486667913216092,0.9894543448006934,0.005,price_ipca,-1,-0.2531873684888411,FALSE,1,0,-0.2531873684888411,17,1,coerente
r6q5_pre_covid_yield_6m,6,5,pre_covid,yield_6m,11.658939965686008,12.486667913216092,0.9894543448006934,0.005,price_core_ipca_ex0,-1,-0.10460926690920204,FALSE,2,0,-0.10460926690920204,21,0.8108108108108109,coerente
r6q5_pre_covid_yield_6m,6,5,pre_covid,yield_6m,11.658939965686008,12.486667913216092,0.9894543448006934,0.005,price_core_ipca_ex1,-1,-0.06625991377510367,FALSE,1,9,-0.15583659817065262,10,1,coerente
r6q5_pre_covid_yield_6m,6,5,pre_covid,yield_6m,11.658939965686008,12.486667913216092,0.9894543448006934,0.005,price_core_ipca_dw,-1,-0.08896456952222408,FALSE,2,9,-0.11135759013086521,18,1,coerente
r6q5_pre_covid_yield_6m,6,5,pre_covid,yield_6m,11.658939965686008,12.486667913216092,0.9894543448006934,0.005,pib,-1,0.25195733633456285,FALSE,14,40,-0.5489073104677056,11,0.5,parcial
r6q5_pre_covid_yield_6m,6,5,pre_covid,yield_6m,11.658939965686008,12.486667913216092,0.9894543448006934,0.005,ibc_br,-1,-0.35104816023726904,FALSE,1,25,-0.9090715061201772,12,1,coerente
r6q5_pre_covid_yield_6m,6,5,pre_covid,yield_6m,11.658939965686008,12.486667913216092,0.9894543448006934,0.005,cambio_usd,-1,0.08994952717353352,FALSE,3,5,-0.07279221106877592,13,0.5714285714285714,soft_depreciacao_fiscal_dom
r6q5_pre_covid_yield_6m,6,5,pre_covid,yield_6m,11.658939965686008,12.486667913216092,0.9894543448006934,0.005,cds_5y,-1,4083.21850423877,TRUE,5,40,-655.933061031218,10,0.14285714285714285,soft_risco_abre_fiscal_dom
r6q5_pre_covid_yield_6m,6,5,pre_covid,yield_6m,11.658939965686008,12.486667913216092,0.9894543448006934,0.005,embi_perc,-1,0.39046376411380856,TRUE,33,40,-0.10600126131345007,10,0,soft_risco_abre_fiscal_dom
r8q8_full_yield_6m,8,8,full,yield_6m,5.27028232509031,13.12831927597384,0.9800073730917406,0.005,yield_3m,1,0.003272282743431127,TRUE,14,27,-0.004434444790330115,4,1,coerente_forte
r8q8_full_yield_6m,8,8,full,yield_6m,5.27028232509031,13.12831927597384,0.9800073730917406,0.005,yield_6m,NA,0.005,TRUE,13,3,0.005558834780720188,6,NA,NA
r8q8_full_yield_6m,8,8,full,yield_6m,5.27028232509031,13.12831927597384,0.9800073730917406,0.005,yield_1y,1,0.006756131662003152,TRUE,12,1,0.007485953486217697,6,1,coerente_forte
r8q8_full_yield_6m,8,8,full,yield_6m,5.27028232509031,13.12831927597384,0.9800073730917406,0.005,yield_2y,1,0.00802700739545289,TRUE,12,1,0.00902934200350644,6,1,coerente_forte
r8q8_full_yield_6m,8,8,full,yield_6m,5.27028232509031,13.12831927597384,0.9800073730917406,0.005,yield_5y,1,0.007980534676952762,TRUE,12,1,0.00894662614231471,8,1,coerente_forte
r8q8_full_yield_6m,8,8,full,yield_6m,5.27028232509031,13.12831927597384,0.9800073730917406,0.005,yield_10y,1,0.006951406379337591,TRUE,12,1,0.007790767365980439,6,1,coerente_forte
r8q8_full_yield_6m,8,8,full,yield_6m,5.27028232509031,13.12831927597384,0.9800073730917406,0.005,price_ipca,-1,-0.06597012173074433,FALSE,2,12,-0.09997241713752346,10,0.4864864864864865,incoerente
r8q8_full_yield_6m,8,8,full,yield_6m,5.27028232509031,13.12831927597384,0.9800073730917406,0.005,price_core_ipca_ex0,-1,0.01951257413959246,FALSE,16,23,-0.024055345591789918,8,0.4594594594594595,incoerente
r8q8_full_yield_6m,8,8,full,yield_6m,5.27028232509031,13.12831927597384,0.9800073730917406,0.005,price_core_ipca_ex1,-1,-0.04148519882991322,FALSE,4,12,-0.056946288539861306,10,0.6756756756756757,parcial
r8q8_full_yield_6m,8,8,full,yield_6m,5.27028232509031,13.12831927597384,0.9800073730917406,0.005,price_core_ipca_dw,-1,-7.568821789297964e-4,FALSE,1,21,-0.03288304886611808,10,0.5405405405405406,parcial
r8q8_full_yield_6m,8,8,full,yield_6m,5.27028232509031,13.12831927597384,0.9800073730917406,0.005,pib,-1,0.2755351610282508,FALSE,12,29,-0.30390801643240817,7,0.5909090909090909,parcial
r8q8_full_yield_6m,8,8,full,yield_6m,5.27028232509031,13.12831927597384,0.9800073730917406,0.005,ibc_br,-1,-0.4161101469976402,FALSE,NA,0,-0.4161101469976402,12,1,coerente
r8q8_full_yield_6m,8,8,full,yield_6m,5.27028232509031,13.12831927597384,0.9800073730917406,0.005,cambio_usd,-1,0.12004472417067609,TRUE,11,19,-0.06595018605184758,3,0,soft_depreciacao_fiscal_dom
r8q8_full_yield_6m,8,8,full,yield_6m,5.27028232509031,13.12831927597384,0.9800073730917406,0.005,cds_5y,-1,2589.893883818414,TRUE,13,21,-1283.9875135241496,6,0,soft_risco_abre_fiscal_dom
r8q8_full_yield_6m,8,8,full,yield_6m,5.27028232509031,13.12831927597384,0.9800073730917406,0.005,embi_perc,-1,0.18503395569948097,TRUE,12,21,-0.10358946173884183,6,0,soft_risco_abre_fiscal_dom
r8q8_pre_covid_yield_6m,8,8,pre_covid,yield_6m,3.3685053940206773,5.1427257375949935,1.0005636406944047,0.005,yield_3m,1,0.0034274848816380366,FALSE,34,20,0.016262301899616777,10,1,coerente_forte
r8q8_pre_covid_yield_6m,8,8,pre_covid,yield_6m,3.3685053940206773,5.1427257375949935,1.0005636406944047,0.005,yield_6m,NA,0.005,TRUE,32,18,0.016306398790819517,10,NA,NA
r8q8_pre_covid_yield_6m,8,8,pre_covid,yield_6m,3.3685053940206773,5.1427257375949935,1.0005636406944047,0.005,yield_1y,1,0.006279141824603073,FALSE,3,40,-0.018246938197687548,8,0.7142857142857143,parcial
r8q8_pre_covid_yield_6m,8,8,pre_covid,yield_6m,3.3685053940206773,5.1427257375949935,1.0005636406944047,0.005,yield_2y,1,0.005825363995811861,FALSE,1,40,-0.01966776657029123,10,0.14285714285714285,incoerente
r8q8_pre_covid_yield_6m,8,8,pre_covid,yield_6m,3.3685053940206773,5.1427257375949935,1.0005636406944047,0.005,yield_5y,1,0.0013306302980548132,FALSE,1,40,-0.01703876976158462,12,0.14285714285714285,incoerente
r8q8_pre_covid_yield_6m,8,8,pre_covid,yield_6m,3.3685053940206773,5.1427257375949935,1.0005636406944047,0.005,yield_10y,1,-1.6830635515749538e-4,FALSE,8,40,-0.01526827249778052,12,0,incoerente
r8q8_pre_covid_yield_6m,8,8,pre_covid,yield_6m,3.3685053940206773,5.1427257375949935,1.0005636406944047,0.005,price_ipca,-1,-0.35628808195819067,FALSE,4,33,-0.4521499274700293,14,0.8648648648648649,coerente
r8q8_pre_covid_yield_6m,8,8,pre_covid,yield_6m,3.3685053940206773,5.1427257375949935,1.0005636406944047,0.005,price_core_ipca_ex0,-1,-0.08618480517757898,FALSE,2,1,-0.2261280550039828,23,0.7837837837837838,parcial
r8q8_pre_covid_yield_6m,8,8,pre_covid,yield_6m,3.3685053940206773,5.1427257375949935,1.0005636406944047,0.005,price_core_ipca_ex1,-1,-0.27801619978421505,FALSE,5,3,-0.3081882983302638,16,0.918918918918919,coerente
r8q8_pre_covid_yield_6m,8,8,pre_covid,yield_6m,3.3685053940206773,5.1427257375949935,1.0005636406944047,0.005,price_core_ipca_dw,-1,-0.20171748547785623,FALSE,5,0,-0.20171748547785623,16,0.8918918918918919,coerente
r8q8_pre_covid_yield_6m,8,8,pre_covid,yield_6m,3.3685053940206773,5.1427257375949935,1.0005636406944047,0.005,pib,-1,0.796299078945184,FALSE,5,39,-1.5296045929007684,13,0.36363636363636365,incoerente
r8q8_pre_covid_yield_6m,8,8,pre_covid,yield_6m,3.3685053940206773,5.1427257375949935,1.0005636406944047,0.005,ibc_br,-1,-0.13083086759984777,FALSE,1,28,-2.1205271274166506,10,0.7727272727272727,parcial
r8q8_pre_covid_yield_6m,8,8,pre_covid,yield_6m,3.3685053940206773,5.1427257375949935,1.0005636406944047,0.005,cambio_usd,-1,0.05599920374946014,FALSE,2,3,-0.29252380517742493,10,0.7142857142857143,soft_depreciacao_fiscal_dom
r8q8_pre_covid_yield_6m,8,8,pre_covid,yield_6m,3.3685053940206773,5.1427257375949935,1.0005636406944047,0.005,cds_5y,-1,1462.9853734417095,FALSE,1,3,-5086.664072093463,12,0.8571428571428571,soft_risco_abre_fiscal_dom
r8q8_pre_covid_yield_6m,8,8,pre_covid,yield_6m,3.3685053940206773,5.1427257375949935,1.0005636406944047,0.005,embi_perc,-1,0.17028572453085414,FALSE,1,40,-0.5534026642080874,12,0.8571428571428571,soft_risco_abre_fiscal_dom
r6q5_full_yield_2y,6,5,full,yield_2y,5.119522408160664,6.937943050774339,0.9801840973162619,0.005,yield_3m,1,0.0019091855595636648,TRUE,14,40,-0.004131423030314654,3,1,coerente_forte
r6q5_full_yield_2y,6,5,full,yield_2y,5.119522408160664,6.937943050774339,0.9801840973162619,0.005,yield_6m,NA,0.0029599441296333136,TRUE,14,40,-0.004249854803501466,1,NA,NA
r6q5_full_yield_2y,6,5,full,yield_2y,5.119522408160664,6.937943050774339,0.9801840973162619,0.005,yield_1y,1,0.004106941000950927,TRUE,14,3,0.004859490714035472,4,1,coerente_forte
r6q5_full_yield_2y,6,5,full,yield_2y,5.119522408160664,6.937943050774339,0.9801840973162619,0.005,yield_2y,1,0.005,TRUE,14,1,0.005676603586269488,4,1,coerente_forte
r6q5_full_yield_2y,6,5,full,yield_2y,5.119522408160664,6.937943050774339,0.9801840973162619,0.005,yield_5y,1,0.0051822162920594,TRUE,14,1,0.005686279544293544,4,1,coerente_forte
r6q5_full_yield_2y,6,5,full,yield_2y,5.119522408160664,6.937943050774339,0.9801840973162619,0.005,yield_10y,1,0.004631499555087986,TRUE,14,1,0.005018265186538533,4,1,coerente_forte
r6q5_full_yield_2y,6,5,full,yield_2y,5.119522408160664,6.937943050774339,0.9801840973162619,0.005,price_ipca,-1,0.057979296282217145,FALSE,12,15,-0.019381378255485804,13,0.5945945945945946,parcial
r6q5_full_yield_2y,6,5,full,yield_2y,5.119522408160664,6.937943050774339,0.9801840973162619,0.005,price_core_ipca_ex0,-1,0.050184993011084644,FALSE,NA,40,0.02406373904451929,10,0,incoerente
r6q5_full_yield_2y,6,5,full,yield_2y,5.119522408160664,6.937943050774339,0.9801840973162619,0.005,price_core_ipca_ex1,-1,0.021241122465019215,FALSE,12,22,-0.01902717689944832,17,0.8648648648648649,coerente
r6q5_full_yield_2y,6,5,full,yield_2y,5.119522408160664,6.937943050774339,0.9801840973162619,0.005,price_core_ipca_dw,-1,0.035968961145414466,FALSE,14,18,-0.0036664576568309986,11,0.4864864864864865,incoerente
r6q5_full_yield_2y,6,5,full,yield_2y,5.119522408160664,6.937943050774339,0.9801840973162619,0.005,pib,-1,-0.007499560371915237,FALSE,1,40,-0.3374336617348539,5,0.7727272727272727,parcial
r6q5_full_yield_2y,6,5,full,yield_2y,5.119522408160664,6.937943050774339,0.9801840973162619,0.005,ibc_br,-1,-0.32986535964316127,TRUE,2,11,-0.3327467671237328,8,1,coerente_forte
r6q5_full_yield_2y,6,5,full,yield_2y,5.119522408160664,6.937943050774339,0.9801840973162619,0.005,cambio_usd,-1,0.10961713764373776,TRUE,14,24,-0.030185279317377026,2,0,soft_depreciacao_fiscal_dom
r6q5_full_yield_2y,6,5,full,yield_2y,5.119522408160664,6.937943050774339,0.9801840973162619,0.005,cds_5y,-1,2013.4037694621552,TRUE,14,30,-978.0654550652164,4,0,soft_risco_abre_fiscal_dom
r6q5_full_yield_2y,6,5,full,yield_2y,5.119522408160664,6.937943050774339,0.9801840973162619,0.005,embi_perc,-1,0.14827352694571524,TRUE,14,29,-0.09908325369625015,3,0,soft_risco_abre_fiscal_dom
