ref.date,expect_focus_fiscal_dlsp_ny,expect_focus_fiscal_primary_balance_ny,expect_focus_fiscal_nominal_balance_ny,expect_focus_fiscal_dlsp_ny_reference,expect_focus_fiscal_primary_balance_ny_reference,expect_focus_fiscal_nominal_balance_ny_reference,expect_focus_fiscal_dlsp_ny_difference,expect_focus_fiscal_primary_balance_ny_difference,expect_focus_fiscal_nominal_balance_ny_difference
2013-01-01,33.1,2.5,-2,33.1,2.5,-2,0,0,0
2013-02-01,33.2,2.4,-2.05,33.2,2.4,-2.05,0,0,0
2013-03-01,33.1,2.3,-2.05,33.1,2.3,-2.05,0,0,0
2013-04-01,34,2,-2.5,34,2,-2.5,0,0,0
2013-05-01,34.9,1.55,-2.9,34.9,1.55,-2.9,0,0,0
2013-06-01,35,1.58,-3.1,35,1.58,-3.1,0,0,0
2013-07-01,34.9,1.45,-3,34.9,1.45,-3,0,0,0
2013-08-01,34.85,1.4,-3.17,34.85,1.4,-3.17,0,0,0
2013-09-01,34.5,1.5,-3.2,34.5,1.5,-3.2,0,0,0
2013-10-01,34.55,1.5,-3.4,34.55,1.5,-3.4,0,0,0
2013-11-01,34.5,1.5,-3.5,34.5,1.5,-3.5,0,0,0
2013-12-01,35,1.4,-3.5,35,1.4,-3.5,0,0,0
2014-01-01,35,2,-3,35,2,-3,0,0,0
2014-02-01,35,2,-3.25,35,2,-3.25,0,0,0
2014-03-01,35,2,-3.4,35,2,-3.4,0,0,0
2014-04-01,35,2,-3.48,35,2,-3.48,0,0,0
2014-05-01,35.1,2,-3.55,35.1,2,-3.55,0,0,0
2014-06-01,35,1.9,-3.6,35,1.9,-3.6,0,0,0
2014-07-01,35,1.9,-3.55,35,1.9,-3.55,0,0,0
2014-08-01,35,1.9,-3.6,35,1.9,-3.6,0,0,0
2014-09-01,35.45,1.8,-3.6,35.45,1.8,-3.6,0,0,0
2014-10-01,35.8,1.5,-3.8,35.8,1.5,-3.8,0,0,0
2014-11-01,36.2,1,-4.5,36.2,1,-4.5,0,0,0
2014-12-01,37.3,1,-4.5,37.3,1,-4.5,0,0,0
2015-01-01,37,2,-3.8,37,2,-3.8,0,0,0
2015-02-01,38.9,1.9,-4.2,38.9,1.9,-4.2,0,0,0
2015-03-01,38.9,1.8,-4.4,38.9,1.8,-4.4,0,0,0
2015-04-01,38.7,1.7,-4.45,38.7,1.7,-4.45,0,0,0
2015-05-01,38.5,1.7,-4.55,38.5,1.7,-4.55,0,0,0
2015-06-01,38.05,1.5,-4.8,38.05,1.5,-4.8,0,0,0
2015-07-01,38.5,1.2,-5.2,38.5,1.2,-5.2,0,0,0
2015-08-01,38.85,0.5,-6,38.85,0.5,-6,0,0,0
2015-09-01,39.35,-0.2,-7,39.35,-0.2,-7,0,0,0
2015-10-01,39.3,-0.4,-7.2,39.3,-0.4,-7.2,0,0,0
2015-11-01,39.9,-0.7,-7.6,39.9,-0.7,-7.6,0,0,0
2015-12-01,40,-0.95,-8.3,40,-0.95,-8.3,0,0,0
2016-01-01,43,0,-6.18,43,0,-6.18,0,0,0
2016-02-01,44.9,-0.5,-7.3,44.9,-0.5,-7.3,0,0,0
2016-03-01,46.2,-1.05,-7.5,46.2,-1.05,-7.5,0,0,0
2016-04-01,46.15,-1.1,-8.5,46.15,-1.1,-8.5,0,0,0
2016-05-01,47,-1.02,-8.1,47,-1.02,-8.1,0,0,0
2016-06-01,48,-1.5,-8.5,48,-1.5,-8.5,0,0,0
2016-07-01,49,-2,-8.5,49,-2,-8.5,0,0,0
2016-08-01,49.05,-2.1,-8.67,49.05,-2.1,-8.67,0,0,0
2016-09-01,49.5,-2.2,-8.97,49.5,-2.2,-8.97,0,0,0
2016-10-01,50,-2.2,-8.89,50,-2.2,-8.89,0,0,0
2016-11-01,50.55,-2.2,-9,50.55,-2.2,-9,0,0,0
2016-12-01,50.74,-2.2,-9.05,50.74,-2.2,-9.05,0,0,0
2017-01-01,55,-1.68,-8,55,-1.68,-8,0,0,0
2017-02-01,55,-1.64,-7.85,55,-1.64,-7.85,0,0,0
2017-03-01,55,-1.7,-7.85,55,-1.7,-7.85,0,0,0
2017-04-01,55,-1.8,-7.5,55,-1.8,-7.5,0,0,0
2017-05-01,55.1,-1.8,-7.8,55.1,-1.8,-7.8,0,0,0
2017-06-01,55.17,-1.8,-7.54,55.17,-1.8,-7.54,0,0,0
2017-07-01,55.1,-1.84,-7.65,55.1,-1.84,-7.65,0,0,0
2017-08-01,55.65,-2.17,-7.5,55.65,-2.17,-7.5,0,0,0
2017-09-01,55.7,-2.21,-7.7,55.7,-2.21,-7.7,0,0,0
2017-10-01,55.81,-2.2,-7.55,55.81,-2.2,-7.55,0,0,0
2017-11-01,55.55,-2.2,-7.58,55.55,-2.2,-7.58,0,0,0
2017-12-01,55.7,-2.2,-7.4,55.7,-2.2,-7.4,0,0,0
2018-01-01,57.6,-1.5,-7,57.6,-1.5,-7,0,0,0
2018-02-01,57.8,-1.42,-6.75,57.8,-1.42,-6.75,0,0,0
2018-03-01,57.4,-1.3,-6.7,57.4,-1.3,-6.7,0,0,0
2018-04-01,57,-1.3,-6.6,57,-1.3,-6.6,0,0,0
2018-05-01,57,-1.35,-6.7,57,-1.35,-6.7,0,0,0
2018-06-01,58,-1.5,-6.8,58,-1.5,-6.8,0,0,0
2018-07-01,58,-1.5,-6.9,58,-1.5,-6.9,0,0,0
2018-08-01,57.6,-1.55,-6.85,57.6,-1.55,-6.85,0,0,0
2018-09-01,57.95,-1.5,-6.8,57.95,-1.5,-6.8,0,0,0
2018-10-01,56.85,-1.5,-6.8,56.85,-1.5,-6.8,0,0,0
2018-11-01,57.03,-1.5,-6.5,57.03,-1.5,-6.5,0,0,0
2018-12-01,56.4,-1.4,-6.5,56.4,-1.4,-6.5,0,0,0
2019-01-01,57.88,-0.68,-5.95,57.88,-0.68,-5.95,0,0,0
2019-02-01,58.35,-0.7,-5.98,58.35,-0.7,-5.98,0,0,0
2019-03-01,58.2,-0.76,-6.05,58.2,-0.76,-6.05,0,0,0
2019-04-01,58.3,-0.8,-6.2,58.3,-0.8,-6.2,0,0,0
2019-05-01,58.55,-0.9,-6.1,58.55,-0.9,-6.1,0,0,0
2019-06-01,58.55,-1,-6,58.55,-1,-6,0,0,0
2019-07-01,58.7,-1,-6.05,58.7,-1,-6.05,0,0,0
2019-08-01,58.5,-1,-5.99,58.5,-1,-5.99,0,0,0
2019-09-01,58.15,-1.13,-5.95,58.15,-1.13,-5.95,0,0,0
2019-10-01,58.15,-1,-5.8,58.15,-1,-5.8,0,0,0
2019-11-01,58.3,-1.1,-5.89,58.3,-1.1,-5.89,0,0,0
2019-12-01,58,-1.1,-5.6,58,-1.1,-5.6,0,0,0
2020-01-01,58,-0.5,-5.05,58,-0.5,-5.05,0,0,0
2020-02-01,57.82,-0.5,-5,57.82,-0.5,-5,0,0,0
2020-03-01,58.72,-0.79,-5.4,58.72,-0.79,-5.4,0,0,0
2020-04-01,64.98,-1.9,-5.7,64.98,-1.9,-5.7,0,0,0
2020-05-01,65.2,-2.06,-6,65.2,-2.06,-6,0,0,0
2020-06-01,68.06,-2.3,-6.5,68.06,-2.3,-6.5,0,0,0
2020-07-01,69.83,-2.84,-6.5,69.83,-2.84,-6.5,0,0,0
2020-08-01,69.65,-2.5,-6.2,69.65,-2.5,-6.2,0,0,0
2020-09-01,70,-2.8,-6.5,70,-2.8,-6.5,0,0,0
2020-10-01,70,-3,-6.75,70,-3,-6.75,0,0,0
2020-11-01,68.44,-2.9,-6.8,68.44,-2.9,-6.8,0,0,0
2020-12-01,66.3,-3,-7,66.3,-3,-7,0,0,0
2021-01-01,65.8,-2.08,-6.4,65.8,-2.08,-6.4,0,0,0
2021-02-01,65.65,-2,-6.6,65.65,-2,-6.6,0,0,0
2021-03-01,66.2,-2.15,-6.8,66.2,-2.15,-6.8,0,0,0
2021-04-01,66.3,-2,-6.6,66.3,-2,-6.6,0,0,0
2021-05-01,65.5,-2,-6.6,65.5,-2,-6.6,0,0,0
2021-06-01,63.6,-1.7,-6.3,63.6,-1.7,-6.3,0,0,0
2021-07-01,63.3,-1.5,-6.0978,63.3,-1.5,-6.0978,0,0,0
2021-08-01,63.073,-1.1,-6.185,63.073,-1.1,-6.185,0,0,0
2021-09-01,62.973,-1,-6.4,62.973,-1,-6.4,0,0,0
2021-10-01,63,-1.2,-6.5,63,-1.2,-6.5,0,0,0
2021-11-01,63.2,-1.2,-6.7,63.2,-1.2,-6.7,0,0,0
2021-12-01,63,-1.05,-7.4,63,-1.05,-7.4,0,0,0
2022-01-01,66.2123,-0.6,-7.3,66.2123,-0.6,-7.3,0,0,0
2022-02-01,63.925,-0.5,-7.15,63.925,-0.5,-7.15,0,0,0
2022-03-01,63.525,-0.5,-7.15,63.525,-0.5,-7.15,0,0,0
2022-04-01,64.0736,-0.45,-7.3,64.0736,-0.45,-7.3,0,0,0
2022-05-01,63.95,-0.35,-7.35,63.95,-0.35,-7.35,0,0,0
2022-06-01,62,-0.1,-7.6,62,-0.1,-7.6,0,0,0
2022-07-01,63.8,-0.3,-7.7,63.8,-0.3,-7.7,0,0,0
2022-08-01,63.5,-0.5,-7.7,63.5,-0.5,-7.7,0,0,0
2022-09-01,63.2321,-0.5,-7.7,63.2321,-0.5,-7.7,0,0,0
2022-10-01,63,-0.5,-7.7,63,-0.5,-7.7,0,0,0
2022-11-01,61.4967,-0.8,-8.3912,61.4967,-0.8,-8.3912,0,0,0
2022-12-01,61.95,-1.2,-8.6,61.95,-1.2,-8.6,0,0,0
2023-01-01,64.39,-1,-7.1,64.39,-1,-7.1,0,0,0
2023-02-01,64,-0.775,-7.35,64,-0.775,-7.35,0,0,0
2023-03-01,64.5,-0.8,-7.1,64.5,-0.8,-7.1,0,0,0
2023-04-01,64,-0.8,-7,64,-0.8,-7,0,0,0
2023-05-01,64.45,-0.7,-7,64.45,-0.7,-7,0,0,0
2023-06-01,64,-0.8001,-7,64,-0.8001,-7,0,0,0
2023-07-01,63.95,-0.8,-6.9,63.95,-0.8,-6.9,0,0,0
2023-08-01,63.95,-0.71,-6.8,63.95,-0.71,-6.8,0,0,0
2023-09-01,63.9,-0.75,-6.57,63.9,-0.75,-6.57,0,0,0
2023-10-01,63.8,-0.8,-6.81,63.8,-0.8,-6.81,0,0,0
2023-11-01,63.89,-0.8,-6.8,63.89,-0.8,-6.8,0,0,0
2023-12-01,64.45,-0.8,-6.8,64.45,-0.8,-6.8,0,0,0
2024-01-01,66,-0.6,-6.335,66,-0.6,-6.335,0,0,0
2024-02-01,66.5,-0.6,-6.3,66.5,-0.6,-6.3,0,0,0
2024-03-01,66.415,-0.6,-6.285,66.415,-0.6,-6.285,0,0,0
2024-04-01,66.4008,-0.675,-6.2588,66.4008,-0.675,-6.2588,0,0,0
2024-05-01,66.5,-0.6,-6.3,66.5,-0.6,-6.3,0,0,0
2024-06-01,66.4,-0.637,-6.5,66.4,-0.637,-6.5,0,0,0
2024-07-01,66,-0.67,-6.5,66,-0.67,-6.5,0,0,0
2024-08-01,66.45,-0.755,-6.79,66.45,-0.755,-6.79,0,0,0
2024-09-01,66.5,-0.73,-7.3,66.5,-0.73,-7.3,0,0,0
2024-10-01,66.64,-0.7,-7.2,66.64,-0.7,-7.2,0,0,0
2024-11-01,67,-0.7,-8.0865,67,-0.7,-8.0865,0,0,0
2024-12-01,66.95,-0.6,-8.38,66.95,-0.6,-8.38,0,0,0
2025-01-01,70.8,-0.6001,-8.33,70.8,-0.6001,-8.33,0,0,0
2025-02-01,70.331,-0.6,-8.5,70.331,-0.6,-8.5,0,0,0
2025-03-01,70.01,-0.7,-8.5,70.01,-0.7,-8.5,0,0,0
2025-04-01,70.35,-0.67,-8.535,70.35,-0.67,-8.535,0,0,0
2025-05-01,70.125,-0.66,-8.5,70.125,-0.66,-8.5,0,0,0
2025-06-01,70.003,-0.66,-8.5,70.003,-0.66,-8.5,0,0,0
2025-07-01,70.2,-0.62,-8.5,70.2,-0.62,-8.5,0,0,0
2025-08-01,70.05,-0.6,-8.4,70.05,-0.6,-8.4,0,0,0
2025-09-01,70.0825,-0.6,-8.45,70.0825,-0.6,-8.45,0,0,0
