var,transf,k,cor,n
sp500_vix,nivel,-6,0.03348966686836745,147
sp500_vix,nivel,-5,0.01851682395482168,148
sp500_vix,nivel,-4,-0.07897231977010964,149
sp500_vix,nivel,-3,0.021745778607818345,150
sp500_vix,nivel,-2,0.06854430047194218,151
sp500_vix,nivel,-1,0.033268232338709715,152
sp500_vix,nivel,0,-0.011468085241795734,153
sp500_vix,nivel,1,0.022126728402496493,152
sp500_vix,nivel,2,-0.06895590263952239,151
sp500_vix,nivel,3,0.022085038939225796,150
sp500_vix,nivel,4,0.08021714366740201,149
sp500_vix,nivel,5,0.08678828932730585,148
sp500_vix,nivel,6,0.1547117483239215,147
sp500_vix,retorno,-6,0.062339517217778584,146
sp500_vix,retorno,-5,-0.03842306621635022,147
sp500_vix,retorno,-4,-0.10998693828937757,148
sp500_vix,retorno,-3,0.12170933818791461,149
sp500_vix,retorno,-2,0.055431823432840005,150
sp500_vix,retorno,-1,-0.06977785533407828,151
sp500_vix,retorno,0,-0.025959276863593526,152
sp500_vix,retorno,1,0.0076731792646301845,152
sp500_vix,retorno,2,-0.09787063342638497,151
sp500_vix,retorno,3,0.12849541759325395,150
sp500_vix,retorno,4,0.0345149975889626,149
sp500_vix,retorno,5,0.014791370331260548,148
sp500_vix,retorno,6,0.11675258606593783,147
msci,nivel,-6,0.13140173848323328,147
msci,nivel,-5,0.12037223714122705,148
msci,nivel,-4,0.14160281390355448,149
msci,nivel,-3,0.1672626195778955,150
msci,nivel,-2,0.1742073338461041,151
msci,nivel,-1,0.1744596718406242,152
msci,nivel,0,0.19616665654899493,153
msci,nivel,1,0.1909528765303373,152
msci,nivel,2,0.1934707227543527,151
msci,nivel,3,0.1813273261241671,150
msci,nivel,4,0.18271379045403915,149
msci,nivel,5,0.18701267793785806,148
msci,nivel,6,0.1774211196088411,147
msci,retorno,-6,0.07859758635061367,146
msci,retorno,-5,-0.08273112218313687,147
msci,retorno,-4,0.12576789596933294,148
msci,retorno,-3,-0.06440805621285924,149
msci,retorno,-2,0.05131559493377769,150
msci,retorno,-1,0.0167130891464482,151
msci,retorno,0,0.11683487529202143,152
msci,retorno,1,-0.0028815464675979894,152
msci,retorno,2,-0.011843376998703303,151
msci,retorno,3,-0.09688244930671022,150
msci,retorno,4,-0.04706527134812662,149
msci,retorno,5,-0.06342863015466169,148
msci,retorno,6,-0.1248409063472041,147
commodity_metal,nivel,-6,0.12997892845190098,147
commodity_metal,nivel,-5,0.14472728684280714,148
commodity_metal,nivel,-4,0.13986309932346852,149
commodity_metal,nivel,-3,0.16893112711922587,150
commodity_metal,nivel,-2,0.18033889950516804,151
commodity_metal,nivel,-1,0.18387612225552807,152
commodity_metal,nivel,0,0.20177614371426758,153
commodity_metal,nivel,1,0.20275849083527175,152
commodity_metal,nivel,2,0.20184970464115568,151
commodity_metal,nivel,3,0.2047711305203652,150
commodity_metal,nivel,4,0.19677354763734806,149
commodity_metal,nivel,5,0.19685474344357418,148
commodity_metal,nivel,6,0.19689242745772262,147
commodity_metal,retorno,-6,-0.004819050725131227,146
commodity_metal,retorno,-5,0.10362064532050141,147
commodity_metal,retorno,-4,-0.08222510384961686,148
commodity_metal,retorno,-3,0.048500437840678035,149
commodity_metal,retorno,-2,0.09427398395698727,150
commodity_metal,retorno,-1,0.06011008388015671,151
commodity_metal,retorno,0,0.17521286136946831,152
commodity_metal,retorno,1,0.022252470945949406,152
commodity_metal,retorno,2,-0.075240316727532,151
commodity_metal,retorno,3,-0.01522758968839679,150
commodity_metal,retorno,4,-0.13470573053425786,149
commodity_metal,retorno,5,-0.008986263750325517,148
commodity_metal,retorno,6,0.01952559490653987,147
epu_us,nivel,-6,0.006341185615690574,147
epu_us,nivel,-5,0.025871101709337017,148
epu_us,nivel,-4,0.029478449460256056,149
epu_us,nivel,-3,0.010352511757354816,150
epu_us,nivel,-2,-0.016150214555087274,151
epu_us,nivel,-1,0.0019358037983893894,152
epu_us,nivel,0,-0.011706202657027532,153
epu_us,nivel,1,0.027540946978956794,152
epu_us,nivel,2,0.06653538404043902,151
epu_us,nivel,3,0.0022959527202568203,150
epu_us,nivel,4,0.08717170339108482,149
epu_us,nivel,5,0.084890779345165,148
epu_us,nivel,6,0.03760005817718877,147
epu_us,retorno,-6,-0.05335853289742044,146
epu_us,retorno,-5,0.0660866653610104,147
epu_us,retorno,-4,0.012725952177764132,148
epu_us,retorno,-3,0.0025631912246090694,149
epu_us,retorno,-2,-0.07341464311885684,150
epu_us,retorno,-1,0.04800540930313663,151
epu_us,retorno,0,-0.052046518969947,152
epu_us,retorno,1,0.06076901081606661,152
epu_us,retorno,2,0.0896680561925806,151
epu_us,retorno,3,-0.08295951862376666,150
epu_us,retorno,4,0.06196883978298016,149
epu_us,retorno,5,-0.04539504093873577,148
epu_us,retorno,6,-0.035464590058961507,147
cambio_usd,nivel,-6,0.1362969734737359,147
cambio_usd,nivel,-5,0.13810246102564788,148
cambio_usd,nivel,-4,0.1061817054187545,149
cambio_usd,nivel,-3,0.13780715507884408,150
cambio_usd,nivel,-2,0.13432783753153724,151
cambio_usd,nivel,-1,0.1255743995438956,152
cambio_usd,nivel,0,0.14769995286556692,153
cambio_usd,nivel,1,0.1563243687638643,152
cambio_usd,nivel,2,0.1493288186712646,151
cambio_usd,nivel,3,0.13324461869611967,150
cambio_usd,nivel,4,0.12834656694954605,149
cambio_usd,nivel,5,0.12854716702217803,148
cambio_usd,nivel,6,0.13748810465399244,147
cambio_usd,retorno,-6,0.01242077809968782,146
cambio_usd,retorno,-5,0.010784532936809092,147
cambio_usd,retorno,-4,-0.25591453886107873,148
cambio_usd,retorno,-3,-0.10275996025959279,149
cambio_usd,retorno,-2,-0.015538862772291285,150
cambio_usd,retorno,-1,-0.06395464246577011,151
cambio_usd,retorno,0,0.14842454249555312,152
cambio_usd,retorno,1,0.05924192908461069,152
cambio_usd,retorno,2,-0.09331198203987644,151
cambio_usd,retorno,3,-0.1406085089215966,150
cambio_usd,retorno,4,-0.05893530067035521,149
cambio_usd,retorno,5,0.021501777901951687,148
cambio_usd,retorno,6,0.0907410670405788,147
commodity_agro,nivel,-6,0.10618203919970297,147
commodity_agro,nivel,-5,0.11435516714575826,148
commodity_agro,nivel,-4,0.09990204069402935,149
commodity_agro,nivel,-3,0.12782126668258484,150
commodity_agro,nivel,-2,0.13633092334287983,151
commodity_agro,nivel,-1,0.13560155801634693,152
commodity_agro,nivel,0,0.15215326352361686,153
commodity_agro,nivel,1,0.1662580650051741,152
commodity_agro,nivel,2,0.1648169706724738,151
commodity_agro,nivel,3,0.15598407516439217,150
commodity_agro,nivel,4,0.15853561865751967,149
commodity_agro,nivel,5,0.15892509890750406,148
commodity_agro,nivel,6,0.16113079197670932,147
commodity_agro,retorno,-6,0.14508761479218116,146
commodity_agro,retorno,-5,0.08490700649095037,147
commodity_agro,retorno,-4,-0.16557294203543607,148
commodity_agro,retorno,-3,-0.02272542080170436,149
commodity_agro,retorno,-2,0.08507411743310307,150
commodity_agro,retorno,-1,-4.123189415513707e-5,151
commodity_agro,retorno,0,0.16275265087075433,152
commodity_agro,retorno,1,0.16579660112493882,152
commodity_agro,retorno,2,-0.04649590444194217,151
commodity_agro,retorno,3,-0.11088599603523813,150
commodity_agro,retorno,4,-0.019854431405861028,149
commodity_agro,retorno,5,0.02723902348633241,148
commodity_agro,retorno,6,0.08625640887213551,147
commodity_energia,nivel,-6,0.06875233710010785,147
commodity_energia,nivel,-5,0.06527442124251535,148
commodity_energia,nivel,-4,0.061131164183324024,149
commodity_energia,nivel,-3,0.08359882033860162,150
commodity_energia,nivel,-2,0.09986624599573843,151
commodity_energia,nivel,-1,0.11207221260696983,152
commodity_energia,nivel,0,0.13910744825114327,153
commodity_energia,nivel,1,0.14965347305765414,152
commodity_energia,nivel,2,0.1485568033160479,151
commodity_energia,nivel,3,0.16398114099971578,150
commodity_energia,nivel,4,0.17444425846465272,149
commodity_energia,nivel,5,0.19401036498610175,148
commodity_energia,nivel,6,0.20596996096361506,147
commodity_energia,retorno,-6,0.03904373211283479,146
commodity_energia,retorno,-5,0.018369500603647657,147
commodity_energia,retorno,-4,-0.06949019351152591,148
commodity_energia,retorno,-3,-0.03877708073208208,149
commodity_energia,retorno,-2,0.10927837078945683,150
commodity_energia,retorno,-1,0.08448494695119786,151
commodity_energia,retorno,0,0.14064552746510706,152
commodity_energia,retorno,1,0.08168673884740081,152
commodity_energia,retorno,2,0.004704608424287078,151
commodity_energia,retorno,3,0.04353930342646758,150
commodity_energia,retorno,4,0.034377337017837684,149
commodity_energia,retorno,5,0.05272367984996173,148
commodity_energia,retorno,6,0.05255594666792192,147
embi_perc,nivel,-6,-0.039591230855540414,147
embi_perc,nivel,-5,-0.07587550665343615,148
embi_perc,nivel,-4,-0.14934124455497066,149
embi_perc,nivel,-3,-0.07970304591767835,150
embi_perc,nivel,-2,-0.09216826157151504,151
embi_perc,nivel,-1,-0.14536238829580195,152
embi_perc,nivel,0,-0.05703184505221232,153
embi_perc,nivel,1,-0.05380634204397914,152
embi_perc,nivel,2,-0.0909723920033751,151
embi_perc,nivel,3,-0.07654247404587097,150
embi_perc,nivel,4,-0.09395518056076042,149
embi_perc,nivel,5,-0.04784360674017096,148
embi_perc,nivel,6,0.004210038699083838,147
embi_perc,retorno,-6,0.0670697261185986,146
embi_perc,retorno,-5,-0.08569195967297095,147
embi_perc,retorno,-4,-0.16925907303163437,148
embi_perc,retorno,-3,0.02020197076916416,149
embi_perc,retorno,-2,-0.03930156598644789,150
embi_perc,retorno,-1,-0.09410571575588972,151
embi_perc,retorno,0,0.23309639230825474,152
embi_perc,retorno,1,-0.03126655792534707,152
embi_perc,retorno,2,-0.09509200918775522,151
embi_perc,retorno,3,0.039542077376828924,150
embi_perc,retorno,4,-0.04727698602157265,149
embi_perc,retorno,5,0.08230441538109974,148
embi_perc,retorno,6,0.11501286290652876,147
cds_5y,nivel,-6,-0.02596874387954485,147
cds_5y,nivel,-5,-0.07301929283193352,148
cds_5y,nivel,-4,-0.17825023137701843,149
cds_5y,nivel,-3,-0.13316737055599373,150
cds_5y,nivel,-2,-0.1509442830157295,151
cds_5y,nivel,-1,-0.17395129108352173,152
cds_5y,nivel,0,-0.07774045512575313,153
cds_5y,nivel,1,-0.07489046762460959,152
cds_5y,nivel,2,-0.12666083897193608,151
cds_5y,nivel,3,-0.08490864549552855,150
cds_5y,nivel,4,-0.11041144421913518,149
cds_5y,nivel,5,-0.06323554274623622,148
cds_5y,nivel,6,-0.017268577096623224,147
cds_5y,retorno,-6,0.057588627952224025,146
cds_5y,retorno,-5,-0.10899867013901797,147
cds_5y,retorno,-4,-0.23932639531140157,148
cds_5y,retorno,-3,-0.00751394643020167,149
cds_5y,retorno,-2,-0.01932020295261725,150
cds_5y,retorno,-1,-0.0034774234442171924,151
cds_5y,retorno,0,0.2520505635258387,152
cds_5y,retorno,1,-0.03692847832390937,152
cds_5y,retorno,2,-0.14679238886024862,151
cds_5y,retorno,3,0.0885802656024493,150
cds_5y,retorno,4,-0.05327238911490407,149
cds_5y,retorno,5,0.08349372078916345,148
cds_5y,retorno,6,0.09753567669224442,147
epu_brazil,nivel,-6,-0.036686157707142744,147
epu_brazil,nivel,-5,-0.02976006933522429,148
epu_brazil,nivel,-4,-0.09823702889517053,149
epu_brazil,nivel,-3,-0.038898692080015014,150
epu_brazil,nivel,-2,-0.04342094004731166,151
epu_brazil,nivel,-1,-0.043775088783562885,152
epu_brazil,nivel,0,0.006422009337928013,153
epu_brazil,nivel,1,0.012411139060278374,152
epu_brazil,nivel,2,-0.134240335805737,151
epu_brazil,nivel,3,-0.08171980995866138,150
epu_brazil,nivel,4,-0.013207919731978799,149
epu_brazil,nivel,5,0.05377502228192036,148
epu_brazil,nivel,6,-0.049479348488729605,147
epu_brazil,retorno,-6,-0.018256556400939518,146
epu_brazil,retorno,-5,0.022608966000061174,147
epu_brazil,retorno,-4,-0.02498796757371544,148
epu_brazil,retorno,-3,-0.0883595997444848,149
epu_brazil,retorno,-2,0.08409408236985896,150
epu_brazil,retorno,-1,-0.04310377026051704,151
epu_brazil,retorno,0,0.07194309886845926,152
epu_brazil,retorno,1,-0.015393845105385055,152
epu_brazil,retorno,2,-0.10325357677096474,151
epu_brazil,retorno,3,0.04850516568623532,150
epu_brazil,retorno,4,-0.0846280708785267,149
epu_brazil,retorno,5,0.20404154468545496,148
epu_brazil,retorno,6,-0.09826775386650394,147
