month,z,yield_6m,embi_perc,dbgg,s_embi_ma12,I_embi_ma12,s_embi_ma6,I_embi_ma6,s_embi_ma1,I_embi_ma1,s_cds_ma12,I_cds_ma12,s_cds_ma6,I_cds_ma6,s_dbgg_lvl,I_dbgg_lvl,s_dbgg_d12,I_dbgg_d12
2013-01-01,-0.6639581132420214,0.07,1.54,53.98,NA,NA,NA,NA,NA,NA,NA,NA,NA,NA,NA,NA,NA,NA
2013-02-01,0,0.075,1.78,54.03,NA,NA,NA,NA,1.54,0,NA,NA,NA,NA,53.98,0,NA,NA
2013-03-01,0,0.075,1.9,54.05,NA,NA,NA,NA,1.78,0,NA,NA,NA,NA,54.03,0,NA,NA
2013-04-01,-35.48742454773016,0.078,1.73,53.78,NA,NA,NA,NA,1.9,0,NA,NA,NA,NA,54.05,0,NA,NA
2013-05-01,0,0.084,2.08,53.92,NA,NA,NA,NA,1.73,0,NA,NA,NA,NA,53.78,0,NA,NA
2013-06-01,0,0.089,2.43,53.61,NA,NA,NA,NA,2.08,0,NA,NA,NA,NA,53.92,0,NA,NA
2013-07-01,-2.975413485879002,0.089,2.41,53.7,NA,NA,1.9100000000000001,0,2.43,0,NA,NA,137.44666666666666,0,53.61,0,NA,NA
2013-08-01,10.612751536156027,0.096,2.57,53.44,NA,NA,2.055,0,2.41,0,NA,NA,148.69166666666666,0,53.7,0,NA,NA
2013-09-01,0,0.096,2.45,52.95,NA,NA,2.1866666666666665,0,2.57,1,NA,NA,161.17166666666665,0,53.44,0,NA,NA
2013-10-01,0,0.101,2.29,53.1,NA,NA,2.2783333333333333,0,2.45,0,NA,NA,167.80833333333334,0,52.95,0,NA,NA
2013-11-01,0,0.102,2.56,52.73,NA,NA,2.3716666666666666,0,2.29,0,NA,NA,178.51666666666665,0,53.1,0,NA,NA
2013-12-01,0,0.103,2.3,51.54,NA,NA,2.4516666666666667,0,2.56,0,NA,NA,188.605,0,52.73,0,NA,NA
2014-01-01,18.8927707648865,0.112,2.78,52.63,2.17,0,2.43,0,2.3,0,163.605,0,189.76333333333332,0,51.54,0,NA,NA
2014-02-01,-8.42900769868851,0.108,2.51,51.84,2.2733333333333334,0,2.4916666666666667,0,2.78,1,170.64,0,192.58833333333334,1,52.63,0,-1.3499999999999943,0
2014-03-01,0,0.109,2.3,51.79,2.3341666666666665,0,2.4816666666666665,0,2.51,0,173.81083333333333,0,186.45,0,51.84,0,-2.1899999999999977,0
2014-04-01,0,0.109,2.17,52,2.3675,0,2.4566666666666666,0,2.3,0,176.60833333333332,0,185.40833333333333,0,51.79,0,-2.259999999999998,0
2014-05-01,0,0.109,2.14,52.18,2.404166666666667,0,2.4366666666666665,0,2.17,0,179.38833333333332,0,180.26,0,52,0,-1.7800000000000011,0
2014-06-01,0,0.108,2.11,52.75,2.4091666666666667,0,2.3666666666666667,0,2.14,0,179.125,0,169.64499999999998,0,52.18,0,-1.740000000000002,0
2014-07-01,0,0.108,2.14,53.17,2.3825,0,2.335,0,2.11,0,175.39083333333332,0,161.01833333333332,0,52.75,0,-0.8599999999999994,0
2014-08-01,0,0.11,2.08,53.81,2.36,0,2.2283333333333335,0,2.14,0,172.26166666666666,0,151.935,0,53.17,0,-0.5300000000000011,0
2014-09-01,3.399903305196183,0.113,2.41,55.11,2.319166666666667,0,2.1566666666666667,0,2.08,0,165.69166666666666,0,144.93333333333334,0,53.81,0,0.37000000000000455,0
2014-10-01,0,0.118,2.36,55.43,2.3158333333333334,0,2.175,0,2.41,0,165.61083333333335,0,145.81333333333333,0,55.11,0,2.1599999999999966,0
2014-11-01,0,0.123,2.43,56.01,2.3216666666666668,0,2.2066666666666666,0,2.36,0,163.9675,0,147.675,0,55.43,0,2.3299999999999983,0
2014-12-01,0,0.127,2.7,56.28,2.310833333333333,0,2.255,0,2.43,0,159.64333333333335,0,149.64166666666668,0,56.01,0,3.280000000000001,1
2015-01-01,0,0.127,3.31,57.16,2.3441666666666667,0,2.3533333333333335,0,2.7,1,160.4075,0,159.79666666666668,0,56.28,0,4.740000000000002,1
2015-02-01,0,0.13,3.28,58.28,2.388333333333333,0,2.5483333333333333,0,3.31,1,161.01916666666668,0,170.10333333333335,0,57.16,0,4.529999999999994,1
2015-03-01,4.283340366729309,0.133,3.31,59.49,2.4525,0,2.7483333333333335,1,3.28,1,166.47666666666666,0,188.02,0,58.28,0,6.439999999999998,1
2015-04-01,0,0.137,2.97,59.11,2.5366666666666666,0,2.8983333333333334,1,3.31,1,175.54166666666666,0,205.27,1,59.49,0,7.700000000000003,1
2015-05-01,0,0.139,2.97,60.21,2.6033333333333335,0,3,1,2.97,1,183.14416666666668,0,218.61333333333334,1,59.11,0,7.109999999999999,1
2015-06-01,0,0.143,3.09,60.75,2.6725,0,3.09,1,2.97,1,190.74666666666667,0,231.85166666666666,1,60.21,0,8.030000000000001,1
2015-07-01,0,0.143,3.25,62.17,2.754166666666667,1,3.1550000000000002,1,3.09,1,200.57,1,241.34333333333333,1,60.75,0,8,1
2015-08-01,0,0.144,3.63,62.97,2.8466666666666667,1,3.145,1,3.25,1,212.065,1,254.02666666666667,1,62.17,0,9,1
2015-09-01,-5.757945668738006,0.149,4.91,63.65,2.9758333333333336,1,3.203333333333333,1,3.63,1,230.05333333333334,1,272.08666666666664,1,62.97,0,9.159999999999997,1
2015-10-01,-16.618654038694164,0.148,4.39,63.94,3.1841666666666666,1,3.47,1,4.91,1,254.75,1,304.23,1,63.65,0,8.54,1
2015-11-01,0,0.15,4.5,64.29,3.3533333333333335,1,3.7066666666666666,1,4.39,1,277.8425,1,337.07166666666666,1,63.94,0,8.509999999999998,1
2015-12-01,0,0.151,5.48,65.5,3.5258333333333334,1,3.9616666666666664,1,4.5,1,301.7608333333333,1,371.67,1,64.29,0,8.280000000000008,1
2016-01-01,-23.797310665484822,0.142,5.4,66.5,3.7575,1,4.36,1,5.48,1,325.755,1,410.1666666666667,1,65.5,0,9.219999999999999,1
2016-02-01,0,0.141,5.3,66.66,3.9316666666666666,1,4.718333333333334,1,5.4,1,346.57666666666665,1,439.12666666666667,1,66.5,0,9.340000000000003,1
2016-03-01,-1.2867073065872363,0.139,4.26,66.33,4.1,1,4.996666666666667,1,5.3,1,364.07,1,456.05333333333334,1,66.66,0,8.379999999999995,1
2016-04-01,9.990524241053665,0.138,4.01,66.62,4.179166666666667,1,4.888333333333334,1,4.26,1,370.67333333333335,1,437.1166666666667,1,66.33,0,6.839999999999996,1
2016-05-01,0,0.138,4.18,67.58,4.265833333333333,1,4.825,1,4.01,1,378.8566666666667,1,420.64166666666665,1,66.62,0,7.510000000000005,1
2016-06-01,6.6418937199375145,0.139,3.66,67.51,4.366666666666666,1,4.7716666666666665,1,4.18,1,389.1725,1,406.675,1,67.58,0,7.3699999999999974,1
2016-07-01,0,0.139,3.46,68.7,4.414166666666667,1,4.468333333333334,1,3.66,1,393.18916666666667,1,376.21166666666664,1,67.51,0,6.760000000000005,1
2016-08-01,0,0.138,3.15,69.34,4.431666666666667,1,4.145,1,3.46,1,392.7325,1,346.3383333333333,1,68.7,0,6.530000000000001,1
2016-09-01,-8.15706645445767,0.133,3.24,69.98,4.391666666666667,1,3.7866666666666666,1,3.15,1,385.3325,1,314.6116666666667,1,69.34,0,6.3700000000000045,1
2016-10-01,0,0.132,3.16,69.78,4.2525,1,3.6166666666666667,1,3.24,1,368.2708333333333,1,299.425,1,69.98,0,6.330000000000005,1
2016-11-01,0,0.13,3.38,70.84,4.15,1,3.475,1,3.16,1,354.67333333333335,1,288.705,1,69.78,0,5.840000000000003,1
2016-12-01,11.281860013971592,0.124,3.3,69.84,4.056666666666667,1,3.341666666666667,1,3.38,1,342.235,1,277.79499999999996,1,70.84,0,6.549999999999997,1
2017-01-01,-28.010796177211613,0.116,2.91,69.82,3.875,1,3.2816666666666667,1,3.3,1,324.34916666666663,1,272.4866666666667,1,69.84,0,4.340000000000003,1
2017-02-01,0,0.109,2.8,70.39,3.6675,1,3.19,1,2.91,1,306.39666666666665,1,266.455,1,69.82,0,3.319999999999993,1
2017-03-01,0,0.102,2.64,71.24,3.4591666666666665,1,3.131666666666667,1,2.8,1,287.5958333333333,1,260.58,1,70.39,0,3.730000000000004,1
2017-04-01,1.6484414217184846,0.097,2.59,71.37,3.3241666666666667,1,3.0316666666666667,1,2.64,1,276.165,1,252.905,1,71.24,0,4.909999999999997,1
2017-05-01,0,0.094,2.82,72.34,3.2058333333333335,1,2.9366666666666665,1,2.59,1,266.3875,1,244.07,1,71.37,0,4.75,1
2017-06-01,10.153282284157076,0.089,2.84,72.74,3.0925,1,2.8433333333333333,1,2.82,1,256.09749999999997,1,234.4,1,72.34,0,4.760000000000005,1
2017-07-01,-22.34058595088137,0.081,2.63,73.18,3.0241666666666664,1,2.7666666666666666,1,2.84,1,250.33249999999998,1,228.17833333333334,1,72.74,0,5.22999999999999,1
2017-08-01,0,0.076,2.65,73.61,2.955,1,2.7199999999999998,1,2.63,1,243.9175,1,221.38,1,73.18,0,4.480000000000004,1
2017-09-01,0,0.071,2.4,73.71,2.913333333333333,1,2.695,1,2.65,1,238.71,1,216.84,1,73.61,0,4.269999999999996,1
2017-10-01,3.1328391780045486,0.069,2.37,74.11,2.8433333333333333,1,2.655,1,2.4,0,232.54083333333332,1,212.17666666666668,1,73.71,0,3.7299999999999898,1
2017-11-01,0,0.067,2.34,74.02,2.7775,1,2.618333333333333,0,2.37,0,224.4525,1,204.835,1,74.11,0,4.329999999999998,1
2017-12-01,0,0.066,2.32,73.72,2.6908333333333334,0,2.538333333333333,0,2.34,0,214.52916666666667,1,194.65833333333333,1,74.02,0,3.1799999999999926,1
2018-01-01,0,0.065,2.17,74.04,2.6091666666666664,0,2.4516666666666667,0,2.32,0,205.02166666666668,1,181.865,0,73.72,0,3.8799999999999955,1
2018-02-01,0,0.064,2.26,74.5,2.5475,0,2.375,0,2.17,0,196.42333333333335,0,171.46666666666667,0,74.04,0,4.220000000000013,1
2018-03-01,0,0.061,2.38,74.6,2.5025,0,2.31,0,2.26,0,191.03916666666666,0,165.23833333333334,0,74.5,1,4.109999999999999,1
2018-04-01,0,0.061,2.42,74.96,2.480833333333333,0,2.3066666666666666,0,2.38,0,186.18,0,160.18333333333334,0,74.6,1,3.3599999999999994,1
2018-05-01,20.692701438441546,0.067,2.99,76.12,2.466666666666667,0,2.315,0,2.42,0,182.765,0,160.695,0,74.96,1,3.589999999999989,1
2018-06-01,0,0.068,3.26,76.13,2.4808333333333334,0,2.4233333333333333,0,2.99,1,182.51166666666666,0,170.365,0,76.12,1,3.780000000000001,1
2018-07-01,0,0.067,2.63,75.95,2.515833333333333,0,2.58,0,3.26,1,185.09083333333334,0,188.31666666666666,0,76.13,1,3.3900000000000006,1
2018-08-01,-0.2181083901877847,0.073,3.37,76.02,2.515833333333333,0,2.6566666666666667,1,2.63,1,185.44416666666666,0,199.42166666666668,1,75.95,1,2.769999999999996,1
2018-09-01,-6.246668067878309,0.071,2.89,75.99,2.575833333333333,0,2.841666666666667,1,3.37,1,194.27916666666667,0,223.32,1,76.02,1,2.4099999999999966,1
2018-10-01,0,0.065,2.56,75.29,2.6166666666666667,0,2.9266666666666667,1,2.89,1,199.55,1,238.91666666666669,1,75.99,1,2.280000000000001,0
2018-11-01,-0.5594409037203341,0.065,2.65,75.69,2.6325,0,2.95,1,2.56,0,202.215,1,243.735,1,75.29,1,1.1800000000000068,0
2018-12-01,-1.6850123662886334,0.064,2.73,75.27,2.658333333333333,0,2.8933333333333335,1,2.65,1,205.315,1,240.26500000000001,1,75.69,1,1.6700000000000017,0
2019-01-01,0,0.063,2.35,75.44,2.6925,0,2.805,1,2.73,1,209.07083333333333,1,229.82500000000002,1,75.27,1,1.5499999999999972,0
2019-02-01,3.133051291464253,0.064,2.3,75.52,2.7075,1,2.7583333333333333,1,2.35,0,210.74416666666667,1,222.06666666666666,1,75.44,1,1.3999999999999915,0
2019-03-01,1.4931952027117237,0.063,2.48,76.71,2.7108333333333334,1,2.58,0,2.3,0,210.55833333333334,1,197.79666666666668,1,75.52,1,1.019999999999996,0
2019-04-01,0,0.064,2.45,77.12,2.7191666666666667,1,2.5116666666666667,0,2.48,0,211.64166666666668,1,184.36666666666667,0,76.71,1,2.1099999999999994,0
2019-05-01,0,0.062,2.67,76.55,2.7216666666666667,1,2.493333333333333,0,2.45,0,211.555,1,179.375,0,77.12,1,2.160000000000011,0
2019-06-01,0,0.06,2.32,76.67,2.695,0,2.4966666666666666,0,2.67,1,207.38,1,174.495,0,76.55,1,0.4299999999999926,0
2019-07-01,0,0.056,2.06,76.83,2.6166666666666667,0,2.4283333333333332,0,2.32,0,197.48000000000002,0,165.135,0,76.67,1,0.5400000000000063,0
2019-08-01,-5.858292941278073,0.053,2.41,77.55,2.569166666666667,0,2.38,0,2.06,0,190.4425,0,158.81833333333333,0,76.83,1,0.8799999999999955,0
2019-09-01,0,0.049,2.39,76.6,2.4891666666666667,0,2.3983333333333334,0,2.41,0,176.66833333333332,0,155.54,0,77.55,1,1.5300000000000011,0
2019-10-01,9.30722935224879,0.045,2.33,75.79,2.4475,0,2.3833333333333333,0,2.39,0,166.76166666666666,0,149.15666666666667,0,76.6,1,0.6099999999999994,0
2019-11-01,0,0.045,2.36,76.2,2.4283333333333332,0,2.3633333333333333,0,2.33,0,160.08583333333334,0,140.79666666666668,0,75.79,1,0.5,0
2019-12-01,-4.632060147583633,0.043,2.12,74.44,2.404166666666667,0,2.3116666666666665,0,2.36,0,153.1425,0,131.79,0,76.2,1,0.5100000000000051,0
2020-01-01,0,0.042,2.24,74.75,2.3533333333333335,0,2.2783333333333333,0,2.12,0,144.29,0,123.445,0,74.44,1,-0.8299999999999983,0
2020-02-01,1.152233134454416,0.041,2.51,75.15,2.3441666666666667,0,2.3083333333333336,0,2.24,0,139.32833333333335,0,119.83833333333334,0,74.75,1,-0.6899999999999977,0
2020-03-01,0,0.032,3.89,76.78,2.361666666666667,0,2.325,0,2.51,0,137.77083333333334,0,120.00166666666667,0,75.15,1,-0.36999999999999034,0
2020-04-01,0,0.028,4.2,78.03,2.4791666666666665,0,2.575,0,3.89,1,145.2975,0,141.43833333333333,0,76.78,1,0.07000000000000739,0
2020-05-01,0,0.023,3.88,79.95,2.625,0,2.8866666666666667,1,4.2,1,155.91750000000002,0,171.03833333333336,0,78.03,1,0.9099999999999966,0
2020-06-01,-5.605728638876105,0.02,3.73,82.87,2.7258333333333336,1,3.14,1,3.88,1,164.80166666666668,0,197.81333333333333,1,79.95,1,3.4000000000000057,1
2020-07-01,0,0.02,3.28,83.5,2.8433333333333333,1,3.408333333333333,1,3.73,1,173.31666666666666,0,223.18833333333333,1,82.87,1,6.200000000000003,1
2020-08-01,-10.885611237551688,0.021,3.14,85.83,2.945,1,3.5816666666666666,1,3.28,1,180.735,0,241.6316666666667,1,83.5,1,6.670000000000002,1
2020-09-01,-1.6180761798247458,0.022,3.34,87.42,3.0058333333333334,1,3.6866666666666665,1,3.14,1,187.26250000000002,0,254.52333333333334,1,85.83,1,8.280000000000001,1
2020-10-01,-6.209524120863767,0.023,3.09,87.66,3.085,1,3.5949999999999998,1,3.34,1,196.4875,0,251.5366666666667,1,87.42,1,10.820000000000007,1
2020-11-01,0,0.023,2.68,86.96,3.1483333333333334,1,3.41,1,3.09,1,204.32250000000002,1,237.60666666666668,1,87.66,1,11.86999999999999,1
2020-12-01,0,0.021,2.5,86.94,3.175,1,3.21,1,2.68,1,207.76833333333335,1,217.72333333333333,1,86.96,1,10.759999999999991,1
2021-01-01,2.406401937504502,0.025,2.7,86.91,3.2066666666666666,1,3.005,1,2.5,0,211.30916666666667,1,199.43,1,86.94,1,12.5,1
2021-02-01,0,0.03,2.75,86.87,3.245,1,2.908333333333333,1,2.7,1,216.90166666666667,1,192.17166666666668,1,86.91,1,12.159999999999997,1
2021-03-01,34.93629103167819,0.04,2.72,85.1,3.265,1,2.8433333333333333,1,2.75,1,221.83583333333334,1,189.14833333333334,0,86.87,1,11.719999999999999,1
2021-04-01,0,0.043,2.6,82.62,3.1675,1,2.74,1,2.72,1,218.22333333333333,1,184.91,0,85.1,1,8.319999999999993,1
2021-05-01,0,0.049,2.45,81.44,3.0341666666666667,1,2.658333333333333,1,2.6,1,209.11083333333335,1,180.615,0,82.62,1,4.590000000000003,1
2021-06-01,12.543700239847626,0.056,2.56,80.6,2.915,1,2.62,0,2.45,0,199.6125,1,181.50166666666667,0,81.44,1,1.4899999999999949,0
2021-07-01,0,0.065,2.8,80.25,2.8175,1,2.63,1,2.56,0,192.37166666666667,0,185.31333333333333,0,80.6,1,-2.2700000000000102,0
2021-08-01,13.166467036469736,0.072,2.82,79.64,2.7775,1,2.6466666666666665,1,2.8,1,188.99,0,185.80833333333334,0,80.25,1,-3.25,0
2021-09-01,-2.683902719031768,0.08,3.04,79.62,2.7508333333333335,1,2.658333333333333,1,2.82,1,185.87916666666666,0,182.61,0,79.64,1,-6.189999999999998,0
2021-10-01,36.9951538486364,0.105,3.38,79.52,2.7258333333333336,1,2.711666666666667,1,3.04,1,182.21833333333333,0,179.52666666666667,0,79.62,1,-7.799999999999997,0
2021-11-01,0,0.109,3.44,78.22,2.75,1,2.841666666666667,1,3.38,1,184.62166666666667,0,188.62833333333333,0,79.52,1,-8.14,0
2021-12-01,5.7916857257286445,0.113,3.06,77.31,2.8133333333333335,1,3.006666666666667,1,3.44,1,192.01916666666665,0,202.53666666666666,1,78.22,1,-8.739999999999995,0
2022-01-01,0,0.12,3.16,77,2.86,1,3.09,1,3.06,1,197.00833333333333,0,208.70333333333332,1,77.31,1,-9.629999999999995,0
2022-02-01,0,0.123,3.21,76.92,2.8983333333333334,1,3.15,1,3.16,1,201.60333333333332,1,217.39833333333334,1,77,1,-9.909999999999997,0
2022-03-01,-9.347346721534905,0.127,2.8,76.4,2.9366666666666665,1,3.215,1,3.21,1,203.62833333333333,1,224.64666666666665,1,76.92,1,-9.950000000000003,0
2022-04-01,0,0.131,2.91,76.33,2.9433333333333334,1,3.175,1,2.8,1,202.15583333333333,1,224.785,1,76.4,1,-8.699999999999989,0
2022-05-01,12.96042425473976,0.135,2.91,75.68,2.9691666666666667,1,3.0966666666666667,1,2.91,1,204.61583333333334,1,220.60333333333332,1,76.33,1,-6.290000000000006,0
2022-06-01,0,0.138,3.57,75.61,3.0075,1,3.0083333333333333,1,2.91,1,208.7575,1,214.97833333333332,1,75.68,1,-5.759999999999991,0
2022-07-01,0,0.139,3.09,75.24,3.091666666666667,1,3.0933333333333333,1,3.57,1,219.38666666666666,1,230.07,1,75.61,1,-4.989999999999995,0
2022-08-01,-5.140599619641044,0.139,2.95,74.57,3.1158333333333332,1,3.0816666666666666,1,3.09,1,227.76333333333332,1,238.12833333333333,1,75.24,1,-5.010000000000005,0
2022-09-01,-9.67685656789957,0.138,2.95,74.15,3.1266666666666665,1,3.038333333333333,1,2.95,1,234.66916666666665,1,244.69166666666666,1,74.57,1,-5.070000000000007,0
2022-10-01,-0.9294992339153004,0.138,2.69,73.7,3.1191666666666666,1,3.0633333333333335,1,2.95,1,243.29916666666668,1,261.81333333333333,1,74.15,1,-5.469999999999999,0
2022-11-01,0,0.14,2.49,72.95,3.0616666666666665,1,3.026666666666667,1,2.69,1,245.685,1,270.76666666666665,1,73.7,0,-5.819999999999993,0
2022-12-01,0,0.137,2.58,71.68,2.9825,1,2.9566666666666666,1,2.49,0,245.59916666666666,1,276.22,1,72.95,0,-5.269999999999996,0
2023-01-01,0,0.109,2.57,71.38,2.9425,1,2.791666666666667,1,2.58,1,249.665,1,269.26,1,71.68,0,-5.6299999999999955,0
2023-02-01,0,0.125,2.44,71.77,2.8933333333333335,1,2.705,1,2.57,1,249.75,1,261.37166666666667,1,71.38,0,-5.6200000000000045,0
2023-03-01,10.633220511977052,0.114,2.54,71.54,2.8291666666666666,1,2.62,0,2.44,0,250.6625,1,256.6333333333333,1,71.77,0,-5.150000000000006,0
2023-04-01,0,0.109,2.58,71.57,2.8075,1,2.5516666666666667,0,2.54,0,252.34666666666666,1,242.88,1,71.54,0,-4.859999999999999,0
2023-05-01,-4.029792752762017,0.109,2.48,72.11,2.7800000000000002,1,2.533333333333333,0,2.58,1,252.22416666666666,1,233.68166666666667,1,71.57,0,-4.760000000000005,0
2023-06-01,5.593707087799102,0.109,2.3,71.97,2.7441666666666666,1,2.5316666666666667,0,2.48,0,251.17333333333335,1,226.12666666666667,1,72.11,0,-3.5700000000000074,0
2023-07-01,0,0.109,1.97,72.48,2.638333333333333,0,2.485,0,2.3,0,241.50083333333333,1,213.74166666666667,1,71.97,0,-3.6400000000000006,0
2023-08-01,0,0.109,2.11,72.89,2.545,0,2.385,0,1.97,0,232.16416666666666,1,202.95666666666668,1,72.48,0,-2.759999999999991,0
2023-09-01,0,0.113,2.06,73.01,2.475,0,2.33,0,2.11,0,224.67416666666668,1,192.715,1,72.89,0,-1.6799999999999926,0
2023-10-01,0,0.113,2,73.32,2.4008333333333334,0,2.25,0,2.06,0,214.63583333333332,1,186.39166666666665,0,73.01,0,-1.1400000000000006,0
2023-11-01,0,0.109,1.96,73.32,2.3433333333333333,0,2.1533333333333333,0,2,0,207.09333333333333,1,180.505,0,73.32,0,-0.38000000000000966,0
2023-12-01,0,0.105,2,73.83,2.299166666666667,0,2.0666666666666664,0,1.96,0,198.1775,0,170.22833333333332,0,73.32,0,0.36999999999999034,0
2024-01-01,0,0.099,2.24,74.47,2.2508333333333335,0,2.0166666666666666,0,2,0,188.27833333333334,0,162.815,0,73.83,0,2.1499999999999915,0
2024-02-01,-2.0726419093812884,0.101,2.02,74.81,2.223333333333333,0,2.0616666666666665,0,2.24,0,180.90083333333334,0,158.845,0,74.47,1,3.0900000000000034,1
2024-03-01,0.12508870096847813,0.101,2.01,75.02,2.1883333333333335,0,2.046666666666667,0,2.02,0,172.19583333333333,0,151.67666666666668,0,74.81,1,3.0400000000000063,1
2024-04-01,0,0.102,2.02,75.15,2.1441666666666666,0,2.038333333333333,0,2.01,0,165.06083333333333,0,143.73,0,75.02,1,3.4799999999999898,1
2024-05-01,3.783048927416543,0.103,2.02,75.67,2.0975,0,2.0416666666666665,0,2.02,0,159.37,0,138.235,0,75.15,1,3.5800000000000125,1
2024-06-01,-6.4498502800473965,0.106,2.2,76.68,2.0591666666666666,0,2.0516666666666667,0,2.02,0,153.99083333333334,0,137.75333333333333,0,75.67,1,3.5600000000000023,1
2024-07-01,0,0.107,2.22,77.21,2.0508333333333333,0,2.085,0,2.2,0,153.4925,0,144.17,0,76.68,1,4.710000000000008,1
2024-08-01,-5.868100009291255,0.111,2.14,77.36,2.0716666666666668,0,2.0816666666666666,0,2.22,0,153.06666666666666,0,147.28833333333333,0,77.21,1,4.72999999999999,1
2024-09-01,11.95381744973174,0.114,2.11,77.09,2.0741666666666667,0,2.1016666666666666,0,2.14,0,151.53666666666666,0,151.39666666666665,0,77.36,1,4.469999999999999,1
2024-10-01,0,0.119,2.01,77.38,2.078333333333333,0,2.118333333333333,0,2.11,0,148.25416666666666,0,152.77833333333334,0,77.09,1,4.079999999999998,1
2024-11-01,2.280599522945073,0.13,2.18,77.5,2.0791666666666666,0,2.1166666666666667,0,2.01,0,146.00833333333333,0,153.78166666666667,0,77.38,1,4.060000000000002,1
2024-12-01,25.164266158297952,0.143,2.46,76.27,2.0975,0,2.1433333333333335,0,2.18,0,147.27666666666667,0,156.8,0,77.5,1,4.180000000000007,1
2025-01-01,-11.754046403816217,0.144,2.24,75.48,2.1358333333333333,0,2.1866666666666665,0,2.46,0,154.18,0,164.19,0,76.27,1,2.4399999999999977,1
2025-02-01,0,0.144,2.35,75.78,2.1358333333333333,0,2.19,0,2.24,0,157.215,0,167.14166666666668,0,75.48,1,1.0100000000000051,0
2025-03-01,11.522453091372451,0.144,2.31,75.55,2.1633333333333336,0,2.225,0,2.35,0,161.4675,0,171.53833333333333,0,75.78,1,0.9699999999999989,0
2025-04-01,0,0.144,2.3,75.62,2.1883333333333335,0,2.2583333333333333,0,2.31,0,165.62916666666666,0,178.48000000000002,0,75.55,1,0.5300000000000011,0
2025-05-01,0,0.145,2.2,75.75,2.211666666666667,0,2.3066666666666666,0,2.3,0,168.345,0,182.90833333333333,0,75.62,1,0.46999999999999886,0
2025-06-01,0,0.147,2.14,76.3,2.2266666666666666,0,2.31,0,2.2,0,169.76916666666668,0,182.73833333333334,0,75.75,1,0.0799999999999983,0
2025-07-01,0,0.147,2.04,77.18,2.2216666666666667,0,2.256666666666667,0,2.14,0,167.91333333333333,0,171.63666666666666,0,76.3,1,-0.38000000000000966,0
2025-08-01,0,0.145,1.93,77.31,2.2066666666666666,0,2.2233333333333336,0,2.04,0,167.05833333333334,0,166.975,0,77.18,1,-0.029999999999986926,0
2025-09-01,1.7430949038010293,0.144,1.84,77.84,2.1891666666666665,0,2.1533333333333333,0,1.93,0,165.905,0,160.27166666666668,0,77.31,1,-0.04999999999999716,0
