var,grupo,tcode,adf_rejeita_RU_5pct,kpss_p,kpss_rejeita_estac_5pct,veredito_adf_kpss,pp_stat,pp_cv5,pp_rejeita_RU_5pct,tres_concordam
cambio_eur,cambio,1,FALSE,0.01,TRUE,I(1) — os dois concordam,-1.1878746909097493,-2.8804749999999997,FALSE,TRUE
cambio_cny,cambio,1,FALSE,0.01,TRUE,I(1) — os dois concordam,-1.5923744264654112,-2.8804749999999997,FALSE,TRUE
cambio_ars,cambio,1,FALSE,0.01,TRUE,I(1) — os dois concordam,-1.6962327042872345,-2.8804749999999997,FALSE,TRUE
cambio_inr,cambio,1,FALSE,0.01,TRUE,I(1) — os dois concordam,-1.7458292275429905,-2.8804749999999997,FALSE,TRUE
cambio_usd,cambio,1,FALSE,0.01,TRUE,I(1) — os dois concordam,-1.4356481143045543,-2.8804749999999997,FALSE,TRUE
juros_selic,juros,1,FALSE,0.06568555618484093,FALSE,ambiguo,-0.9289180417686156,-2.8804749999999997,FALSE,FALSE
juros_cdi,juros,1,FALSE,0.06732499575954179,FALSE,ambiguo,-0.9391809509215148,-2.8804749999999997,FALSE,FALSE
yield_3m,juros,1,FALSE,0.05764495906572266,FALSE,ambiguo,-1.0209880524847348,-2.8804749999999997,FALSE,FALSE
yield_6m,juros,1,FALSE,0.05750330964820378,FALSE,ambiguo,-1.116131648877323,-2.8804749999999997,FALSE,FALSE
yield_1y,juros,1,FALSE,0.05245457565156161,FALSE,ambiguo,-1.2359422317745934,-2.8804749999999997,FALSE,FALSE
yield_2y,juros,1,FALSE,0.04332733084328403,TRUE,I(1) — os dois concordam,-1.439736864092519,-2.8804749999999997,FALSE,TRUE
yield_5y,juros,1,FALSE,0.04352073564444119,TRUE,I(1) — os dois concordam,-1.7143556503853836,-2.8804749999999997,FALSE,TRUE
yield_10y,juros,1,FALSE,0.05469045501093667,FALSE,ambiguo,-1.902853261416914,-2.8804749999999997,FALSE,FALSE
base_monetary_base,base,4,FALSE,0.01,TRUE,I(1) — os dois concordam,-0.7631771624451777,-2.8804749999999997,FALSE,TRUE
base_money_supply,base,4,FALSE,0.01,TRUE,I(1) — os dois concordam,-1.126673206714279,-2.8804749999999997,FALSE,TRUE
base_demand_deposit,base,4,FALSE,0.01,TRUE,I(1) — os dois concordam,-0.37824952999420464,-2.8804749999999997,FALSE,TRUE
base_savings_deposit,base,4,FALSE,0.01,TRUE,I(1) — os dois concordam,-2.752348978287243,-2.8804749999999997,FALSE,TRUE
base_m1,base,4,FALSE,0.01,TRUE,I(1) — os dois concordam,-0.6064802708349042,-2.8804749999999997,FALSE,TRUE
base_m2,base,4,FALSE,0.01,TRUE,I(1) — os dois concordam,1.5564413770036454,-2.8804749999999997,FALSE,TRUE
base_m3,base,4,FALSE,0.01,TRUE,I(1) — os dois concordam,0.71300265565014,-2.8804749999999997,FALSE,TRUE
credito_agro,credito,4,FALSE,0.01,TRUE,I(1) — os dois concordam,0.5122516908662861,-2.8804749999999997,FALSE,TRUE
credito_industria_total,credito,4,FALSE,0.01,TRUE,I(1) — os dois concordam,-0.31123457988456527,-2.8804749999999997,FALSE,TRUE
credito_construcao,credito,4,FALSE,0.0159776648185856,TRUE,I(1) — os dois concordam,0.8498850513772561,-2.8804749999999997,FALSE,TRUE
credito_comercio,credito,4,FALSE,0.01,TRUE,I(1) — os dois concordam,0.8516907745243687,-2.8804749999999997,FALSE,TRUE
credito_transporte,credito,4,FALSE,0.01,TRUE,I(1) — os dois concordam,-0.050638642197842504,-2.8804749999999997,FALSE,TRUE
credito_pessoa_fisica,credito,4,FALSE,0.01,TRUE,I(1) — os dois concordam,1.3619728804782505,-2.8804749999999997,FALSE,TRUE
spread_icc_juridica,credito,1,FALSE,0.01,TRUE,I(1) — os dois concordam,-2.0560632473080505,-2.8804749999999997,FALSE,TRUE
spread_icc_fisica,credito,1,FALSE,0.09537254388980353,FALSE,ambiguo,-1.468881040006976,-2.8804749999999997,FALSE,FALSE
credit_outstanding,credito,4,FALSE,0.01,TRUE,I(1) — os dois concordam,2.1244936791181983,-2.8804749999999997,FALSE,TRUE
fin_inst_reserve_req,outros,4,FALSE,0.01,TRUE,I(1) — os dois concordam,0.2914181251756116,-2.8804749999999997,FALSE,TRUE
consumo_gasolina,consumo,1,FALSE,0.04301249333843127,TRUE,I(1) — os dois concordam,-2.4890238388864327,-2.8804749999999997,FALSE,TRUE
consumo_glp,consumo,1,TRUE,0.01,TRUE,ambiguo,-11.707875624222554,-2.8804749999999997,TRUE,FALSE
consumo_oleo_combustivel,consumo,1,FALSE,0.01,TRUE,I(1) — os dois concordam,-2.694174990370317,-2.8804749999999997,FALSE,TRUE
consumo_oleo_diesel,consumo,1,FALSE,0.01,TRUE,I(1) — os dois concordam,-1.7834781230003465,-2.8804749999999997,FALSE,TRUE
consumo_demais_derivados,consumo,1,FALSE,0.01658037319812548,TRUE,I(1) — os dois concordam,-2.1556157187674083,-2.8804749999999997,FALSE,TRUE
consumo_alcool,consumo,1,FALSE,0.01,TRUE,I(1) — os dois concordam,-2.50953004078122,-2.8804749999999997,FALSE,TRUE
capacidade_instalada_industria,industria,1,FALSE,0.04178494813439813,TRUE,I(1) — os dois concordam,-2.3794648290602005,-2.8804749999999997,FALSE,TRUE
vendas_varejo,consumo,1,FALSE,0.01,TRUE,I(1) — os dois concordam,-2.250266674612486,-2.8804749999999997,FALSE,TRUE
vendas_servicos,consumo,1,FALSE,0.01,TRUE,I(1) — os dois concordam,-0.6970363877732894,-2.8804749999999997,FALSE,TRUE
ind_automoveis,industria,1,FALSE,0.01,TRUE,I(1) — os dois concordam,-2.8638899500873705,-2.8804749999999997,FALSE,TRUE
ind_leves,industria,1,FALSE,0.03201066839533331,TRUE,I(1) — os dois concordam,-2.718726744886976,-2.8804749999999997,FALSE,TRUE
ind_caminhoes,industria,1,FALSE,0.03715040314295925,TRUE,I(1) — os dois concordam,-2.0000216520124767,-2.8804749999999997,FALSE,TRUE
ind_onibus,industria,1,FALSE,0.0748810114156198,FALSE,ambiguo,-3.512900722173028,-2.8804749999999997,TRUE,FALSE
ind_bens_consumo,industria,1,TRUE,0.01,TRUE,ambiguo,-3.3282819521832625,-2.8804749999999997,TRUE,FALSE
ind_bens_duraveis,industria,1,TRUE,0.01,TRUE,ambiguo,-3.6602226943371967,-2.8804749999999997,TRUE,FALSE
ind_bens_nao_duraveis,industria,1,TRUE,0.01,TRUE,ambiguo,-3.3313843483082093,-2.8804749999999997,TRUE,FALSE
ind_bens_capital,industria,1,FALSE,0.03541462254290303,TRUE,I(1) — os dois concordam,-2.5326834326344927,-2.8804749999999997,FALSE,TRUE
ind_transformacao,industria,1,TRUE,0.01,TRUE,ambiguo,-3.0286371784980832,-2.8804749999999997,TRUE,FALSE
ind_min_extr,industria,1,FALSE,0.01,TRUE,I(1) — os dois concordam,-2.6014156706405047,-2.8804749999999997,FALSE,TRUE
ind_uti_cap_instalada,industria,1,TRUE,0.01075830990878529,TRUE,ambiguo,-2.645033677382581,-2.8804749999999997,FALSE,FALSE
energia_comercial,energia,1,FALSE,0.01,TRUE,I(1) — os dois concordam,-1.9993968630449963,-2.8804749999999997,FALSE,TRUE
energia_residencial,energia,1,FALSE,0.01,TRUE,I(1) — os dois concordam,-0.22020118628924534,-2.8804749999999997,FALSE,TRUE
energia_industrial,energia,1,FALSE,0.01,TRUE,I(1) — os dois concordam,-1.0795265357546548,-2.8804749999999997,FALSE,TRUE
energia_outros,energia,1,FALSE,0.01,TRUE,I(1) — os dois concordam,-2.3992819265925602,-2.8804749999999997,FALSE,TRUE
pib,atividade,4,FALSE,0.01,TRUE,I(1) — os dois concordam,0.9001637467160708,-2.8804749999999997,FALSE,TRUE
ibc_br,atividade,1,FALSE,0.01,TRUE,I(1) — os dois concordam,-1.1971072020271443,-2.8804749999999997,FALSE,TRUE
icc,atividade,1,TRUE,0.1,FALSE,I(0) — os dois concordam,-3.0080288271599382,-2.8804749999999997,TRUE,FALSE
ics,atividade,1,TRUE,0.04310465560530441,TRUE,ambiguo,-2.8608528566439473,-2.8804749999999997,FALSE,FALSE
trab_employment_southest,trabalho,1,TRUE,0.01,TRUE,ambiguo,-4.3085486095129735,-2.8804749999999997,TRUE,FALSE
trab_employment_south,trabalho,1,TRUE,0.01,TRUE,ambiguo,-5.475684845048496,-2.8804749999999997,TRUE,FALSE
trab_employment_northeast,trabalho,1,TRUE,0.01,TRUE,ambiguo,-3.995257579851813,-2.8804749999999997,TRUE,FALSE
trab_employment_north,trabalho,1,TRUE,0.01,TRUE,ambiguo,-3.205199842281117,-2.8804749999999997,TRUE,FALSE
trab_employment_central_west,trabalho,1,TRUE,0.01,TRUE,ambiguo,-4.642984416757273,-2.8804749999999997,TRUE,FALSE
trab_min_wage,trabalho,1,FALSE,0.01,TRUE,I(1) — os dois concordam,0.667590386629669,-2.8804749999999997,FALSE,TRUE
trab_pop_forca_trab,trabalho,1,TRUE,0.01,TRUE,ambiguo,-1.6030102923886416,-2.8804749999999997,FALSE,FALSE
trab_pop_ocupada,trabalho,1,FALSE,0.01,TRUE,I(1) — os dois concordam,-0.523277089420247,-2.8804749999999997,FALSE,TRUE
trab_tx_desemprego,trabalho,1,FALSE,0.01352951371485659,TRUE,I(1) — os dois concordam,-0.5320336525242231,-2.8804749999999997,FALSE,TRUE
trab_hrs_trabalhadas_industria,trabalho,1,FALSE,0.01,TRUE,I(1) — os dois concordam,-2.2707690553882287,-2.8804749999999997,FALSE,TRUE
trab_menos_de_1_mes,trabalho,1,FALSE,0.01,TRUE,I(1) — os dois concordam,-1.4282589709906521,-2.8804749999999997,FALSE,TRUE
trab_de_1_mes_a_menos_de_1_ano,trabalho,1,FALSE,0.01267996034284896,TRUE,I(1) — os dois concordam,-1.0029357517728494,-2.8804749999999997,FALSE,TRUE
trab_de_1_ano_a_menos_de_2_anos,trabalho,1,FALSE,0.01069695084258657,TRUE,I(1) — os dois concordam,-1.2146420777915663,-2.8804749999999997,FALSE,TRUE
trab_x2_anos_ou_mais,trabalho,1,FALSE,0.01,TRUE,I(1) — os dois concordam,-0.8975377739537114,-2.8804749999999997,FALSE,TRUE
price_ipca,precos,1,TRUE,0.1,FALSE,I(0) — os dois concordam,-6.88225467271912,-2.8804749999999997,TRUE,FALSE
price_ipca_difusao,precos,1,TRUE,0.09061115881054392,FALSE,I(0) — os dois concordam,-3.706240729181739,-2.8804749999999997,TRUE,FALSE
price_core_ipca_ex0,precos,1,TRUE,0.1,FALSE,I(0) — os dois concordam,-6.024318036204804,-2.8804749999999997,TRUE,FALSE
price_core_ipca_ex1,precos,1,TRUE,0.1,FALSE,I(0) — os dois concordam,-7.857149937621567,-2.8804749999999997,TRUE,FALSE
price_core_ipca_dw,precos,1,TRUE,0.1,FALSE,I(0) — os dois concordam,-4.147820974702997,-2.8804749999999997,TRUE,FALSE
price_igp_m,precos,1,TRUE,0.1,FALSE,I(0) — os dois concordam,-5.467678118713439,-2.8804749999999997,TRUE,FALSE
price_ipc,precos,1,TRUE,0.1,FALSE,I(0) — os dois concordam,-8.517693531700171,-2.8804749999999997,TRUE,FALSE
price_core_ipc,precos,1,TRUE,0.01688041786491854,TRUE,ambiguo,-3.7143268171444905,-2.8804749999999997,TRUE,FALSE
price_incc,precos,1,TRUE,0.1,FALSE,I(0) — os dois concordam,-7.708796123087462,-2.8804749999999997,TRUE,FALSE
price_inpc,precos,1,TRUE,0.1,FALSE,I(0) — os dois concordam,-7.01081901057898,-2.8804749999999997,TRUE,FALSE
price_ipp,precos,1,TRUE,0.1,FALSE,I(0) — os dois concordam,-5.353132156390217,-2.8804749999999997,TRUE,FALSE
commodity_agro,commodity,1,FALSE,0.01,TRUE,I(1) — os dois concordam,0.11600794069607423,-2.8804749999999997,FALSE,TRUE
commodity_metal,commodity,1,FALSE,0.01,TRUE,I(1) — os dois concordam,-0.25523651356145216,-2.8804749999999997,FALSE,TRUE
commodity_energia,commodity,1,FALSE,0.01,TRUE,I(1) — os dois concordam,-1.4556438763504569,-2.8804749999999997,FALSE,TRUE
asset_ibov,ativos,2,TRUE,0.1,FALSE,I(0) — os dois concordam,-11.357969997574417,-2.8804749999999997,TRUE,FALSE
asset_idiv,ativos,2,TRUE,0.1,FALSE,I(0) — os dois concordam,-11.221532960730478,-2.8804749999999997,TRUE,FALSE
asset_ifix,ativos,2,TRUE,0.1,FALSE,I(0) — os dois concordam,-10.162037501283898,-2.8804749999999997,TRUE,FALSE
asset_ifnc,ativos,2,TRUE,0.1,FALSE,I(0) — os dois concordam,-12.07509681528147,-2.8804749999999997,TRUE,FALSE
asset_imat,ativos,2,TRUE,0.1,FALSE,I(0) — os dois concordam,-10.595781686292254,-2.8804749999999997,TRUE,FALSE
asset_imob,ativos,2,TRUE,0.1,FALSE,I(0) — os dois concordam,-10.486119036426018,-2.8804749999999997,TRUE,FALSE
asset_mlcx,ativos,2,TRUE,0.1,FALSE,I(0) — os dois concordam,-11.473596073553393,-2.8804749999999997,TRUE,FALSE
asset_smll,ativos,2,TRUE,0.1,FALSE,I(0) — os dois concordam,-10.788868935443816,-2.8804749999999997,TRUE,FALSE
embi_perc,risco_ext,1,FALSE,0.06272600981336285,FALSE,ambiguo,-2.9424938480394407,-2.8804749999999997,TRUE,FALSE
cds_5y,risco_ext,1,FALSE,0.09942274001584976,FALSE,ambiguo,-2.861978686559226,-2.8804749999999997,FALSE,FALSE
msci,risco_ext,1,FALSE,0.01,TRUE,I(1) — os dois concordam,-0.4956433933290888,-2.8804749999999997,FALSE,TRUE
sp500_vix,risco_ext,1,TRUE,0.02048534435128691,TRUE,ambiguo,-5.337698524969784,-2.8804749999999997,TRUE,FALSE
epu_brazil,incerteza,1,TRUE,0.1,FALSE,I(0) — os dois concordam,-5.190408988010091,-2.8804749999999997,TRUE,FALSE
epu_canada,incerteza,1,FALSE,0.01,TRUE,I(1) — os dois concordam,-2.791633210907554,-2.8804749999999997,FALSE,TRUE
epu_chile,incerteza,1,TRUE,0.01,TRUE,ambiguo,-2.709339802978413,-2.8804749999999997,FALSE,FALSE
epu_china,incerteza,1,TRUE,0.01,TRUE,ambiguo,-3.539193717020497,-2.8804749999999997,TRUE,FALSE
epu_germany,incerteza,1,FALSE,0.01,TRUE,I(1) — os dois concordam,-1.3388584919148685,-2.8804749999999997,FALSE,TRUE
epu_india,incerteza,1,TRUE,0.04827911511484632,TRUE,ambiguo,-5.870004945778268,-2.8804749999999997,TRUE,FALSE
epu_russia,incerteza,1,TRUE,0.01,TRUE,ambiguo,-6.431279573603183,-2.8804749999999997,TRUE,FALSE
epu_us,incerteza,1,TRUE,0.01,TRUE,ambiguo,-3.8384283847824157,-2.8804749999999997,TRUE,FALSE
