sample,r,q,p,status,max_eig,break_date,design,placebo_type,instrument_free,n_C,n_NC,lambda_1,lambda_1_lo,lambda_1_hi,lambda_min,rank1_share,eig_gap,ratio_dir,p_placebo,prop_LR,prop_p_chi2,prop_p_boot,sys_min_rel_gap,p_placebo_holm,prop_p_holm,passes_cell,n_windows,replicates,verdict,eig_distinct
full,7,5,5,ok,0.9583573280722406,NA,episodio_s2,rotate,TRUE,69,79,1.2462315578507273,0.8483383735517644,2.7321071231388947,-0.4225895778454194,0.4128649294508034,1.2864427555613753,4.039833336674409,0.08691308691308691,41.08226643284116,1.7264850014303708e-4,0.041916167664670656,0.3142858289089598,1,1,FALSE,NA,FALSE,fails,TRUE
full,7,5,5,ok,0.9583573280722406,NA,intensidade_z,permute,FALSE,49,99,1.0201861770454757,0.6337995009392403,2.117093861542261,-0.8731641844669582,0.35105020399695624,1.8503542020027703,2.564176591785592,0.3866133866133866,38.85138072012293,3.8451859246907004e-4,0.031936127744510975,0.3481030791592987,1,1,FALSE,NA,FALSE,fails,TRUE
full,7,5,5,ok,0.9583573280722406,2020-02-01,quebra_livre,rotate,TRUE,68,80,1.2727059543280297,0.8526403089962149,2.888922051982229,-0.396292168630479,0.4169244078101432,1.2763967377959715,4.121373872657085,0.08291708291708291,40.808760133487255,1.9062155120961837e-4,0.03592814371257485,0.31050230909431187,1,1,FALSE,NA,FALSE,fails,TRUE
full,7,5,6,ok,0.9767937023956682,NA,intensidade_z,permute,FALSE,49,98,0.9542534128665149,0.599084403439065,1.902185497781042,-0.8841267573633916,0.31871907000988614,1.697563083907661,2.4075645167766524,0.3936063936063936,39.66363767001093,2.8782027585824325e-4,0.021956087824351298,0.3003892544863565,1,1,FALSE,NA,FALSE,fails,TRUE
full,7,5,7,ok,0.981175446921563,NA,intensidade_z,permute,FALSE,49,97,0.9736385764161284,0.5765463880031669,1.8542616527901417,-0.8989444392547113,0.3249602223487561,1.96545210522947,2.4367685290416685,0.3806193806193806,39.161584443554275,3.443416401146784e-4,0.017964071856287425,0.29006505714486536,1,1,FALSE,NA,FALSE,fails,TRUE
full,7,5,7,ok,0.981175446921563,2022-10-01,quebra_livre,rotate,TRUE,36,110,1.1979122932857853,0.5230871128547909,2.36134843524957,-0.728398797225682,0.4198797201491195,4.003447497054127,2.6792568918395636,0.27472527472527475,32.37989600486789,0.0035364456154368656,0.03992015968063872,0.2921004332986186,1,1,FALSE,NA,FALSE,fails,TRUE
full,7,5,8,ok,0.9844869083898405,NA,intensidade_z,permute,FALSE,48,97,0.8473908135784736,0.4773383964331035,1.7943484591272996,-0.9185607685784857,0.2960985075963011,1.7790790685592912,2.1640779843757354,0.45054945054945056,37.53014889782861,6.129438894312424e-4,0.01996007984031936,0.27841336286340884,1,1,FALSE,NA,FALSE,fails,TRUE
full,7,5,8,ok,0.9844869083898405,2022-10-01,quebra_livre,rotate,TRUE,36,109,1.269478467556776,0.618722281721853,2.29966522999991,-0.6607455701052977,0.44670061413976125,5.426231210928513,2.8267061805213642,0.23976023976023977,31.5232095827519,0.004679995745043893,0.04590818363273453,0.25706242759826203,1,1,FALSE,NA,FALSE,fails,TRUE
full,7,6,5,ok,0.9583573280722406,NA,episodio_s2,rotate,TRUE,69,79,1.2465253310872226,0.893329026335282,2.76415451112677,-0.6325327358964785,0.35043586647328345,1.2846106926111522,4.03788125649373,0.09090909090909091,49.095316268339566,2.9802753155812317e-4,0.031936127744510975,0.21679974601514335,1,1,FALSE,NA,FALSE,fails,TRUE
full,8,5,5,ok,0.9804083490210781,NA,episodio_s2,rotate,TRUE,69,79,1.2568961465373791,0.8909333702414598,2.6154238309760753,-0.5746210152144897,0.3736056761281004,1.4471939141451355,4.0494661278720745,9.99000999000999e-4,45.54764284687465,3.323099144172565e-5,0.013972055888223553,0.3427325778776646,0.2517482517482518,1,FALSE,NA,FALSE,fails,TRUE
full,8,5,5,ok,0.9804083490210781,NA,intensidade_z,permute,FALSE,49,99,0.9980828393219444,0.5760173117951448,2.109827220807829,-0.8635084773745287,0.3404391016802949,1.8474446259466775,2.488520512098294,0.37462537462537465,36.86210396795722,7.74047092039208e-4,0.03992015968063872,0.3133641982042508,1,1,FALSE,NA,FALSE,fails,TRUE
full,8,5,5,ok,0.9804083490210781,2021-10-01,quebra_livre,rotate,TRUE,48,100,1.3733689185989424,0.8498633477783053,2.2299786766530376,-0.8142458237592344,0.41711746712195263,3.590593658892098,3.435304409078243,0.07392607392607392,54.510303428229264,1.0505755960442608e-6,0.005988023952095809,0.2531445979023781,1,1,FALSE,NA,FALSE,fails,TRUE
full,8,5,6,ok,0.9764370706395482,NA,episodio_s2,rotate,TRUE,69,78,1.1211255523346948,0.7979830014773411,2.5849353761747054,-0.7188187082267934,0.36136284008898795,1.4152007134281999,3.3837417464770367,0.005994005994005994,38.825260216772854,3.8810260082098447e-4,0.0499001996007984,0.3182023292039155,1,1,FALSE,NA,FALSE,fails,TRUE
full,8,5,6,ok,0.9764370706395482,NA,intensidade_z,permute,FALSE,49,98,0.9753281202710765,0.58141853288575,1.9957768975642305,-0.8889613398268393,0.31386667919808914,1.7453683584793067,2.436278528029515,0.37662337662337664,38.857307364706834,3.8370988701594033e-4,0.011976047904191617,0.2732780436659785,1,1,FALSE,NA,FALSE,fails,TRUE
full,8,5,6,ok,0.9764370706395482,2021-11-01,quebra_livre,rotate,TRUE,47,100,1.3197295264255149,0.7798974198491999,2.1890874555515074,-0.8564849796999988,0.43399049236619686,4.450584821041762,3.24480395887851,0.027972027972027972,48.46373067083709,1.101335186638092e-5,0.007984031936127744,0.32393753933937613,1,1,FALSE,NA,FALSE,fails,TRUE
full,8,5,8,ok,0.981143605907411,NA,episodio_s2,rotate,TRUE,69,76,1.1129280545571132,0.628569557917545,2.519100990831845,-0.7282077596198822,0.41560654925908647,2.1687820033136647,3.4211060640539546,9.99000999000999e-4,39.74336443234537,2.797192066621307e-4,0.031936127744510975,0.27616935041924123,0.2517482517482518,1,FALSE,NA,FALSE,fails,TRUE
full,8,5,8,ok,0.981143605907411,2022-10-01,quebra_livre,rotate,TRUE,36,109,1.247338098704996,0.695605243378342,2.294580802210532,-0.6412955644709228,0.42227014669601737,2.8291660655764312,2.7807726005770337,0.26673326673326675,30.629229631413924,0.00624498166316662,0.031936127744510975,0.21213330159744961,1,1,FALSE,NA,FALSE,fails,TRUE
full,8,6,5,ok,0.9804083490210781,2021-10-01,quebra_livre,rotate,TRUE,48,100,1.3812848171079755,0.8822686645518896,2.276183142369331,-0.8268685847059895,0.37902356856600966,3.6082229101430108,3.460201741240782,0.0989010989010989,60.246839373016996,6.521624977772051e-6,0.007984031936127744,0.2636549420824934,1,1,FALSE,NA,FALSE,fails,TRUE
full,8,6,7,ok,0.9770192401191725,2021-10-01,quebra_livre,rotate,TRUE,48,98,1.2316377559319123,0.8468918991059344,2.1649939803624942,-0.8769347887784283,0.34390485744681815,2.1331968972799484,3.0359295150498165,0.1068931068931069,51.50628238730106,1.3433480010005975e-4,0.021956087824351298,0.2279387851870813,1,1,FALSE,NA,FALSE,fails,TRUE
full,8,7,6,ok,0.9764370706395482,NA,intensidade_z,permute,FALSE,49,98,1.1895742645417244,0.8093305046339655,3.1486477324589677,-0.9863120291625942,0.2573000557219086,1.3852123501131468,2.940243479480807,0.3516483516483517,64.53205034488586,6.518003747803059e-5,0.027944111776447105,0.2508583278630053,1,1,FALSE,NA,FALSE,fails,TRUE
pre_covid,8,5,5,ok,1.0012398235443114,2018-05-01,quebra_livre,rotate,TRUE,20,59,1.254091870955769,0.2390770538215819,3.3223227632747125,-1.1252129808517222,0.3371031679182183,7.892735616087075,2.839835962495768,0.5944055944055944,37.7088548809694,5.756902777479112e-4,0.021956087824351298,0.4334430423210604,1,1,FALSE,NA,FALSE,fails,TRUE
