sample,r,q,p,status,max_eig,break_date,design,placebo_type,instrument_free,n_C,n_NC,lambda_1,lambda_1_lo,lambda_1_hi,lambda_min,rank1_share,eig_gap,ratio_dir,p_placebo,prop_LR,prop_p_chi2,prop_p_boot,sys_min_rel_gap
full,7,5,5,ok,0.9583573280722406,NA,calendario,permute,TRUE,98,50,0.6655307384495119,0.49085362767668494,1.7968997420299848,-0.5220375649530632,0.3819169807338931,2.055005567251919,2.180222141654656,0.6183816183816184,15.800807955945315,0.32568953171936615,0.7485029940119761,0.20304921714740765
full,7,5,5,ok,0.9583573280722406,NA,episodio_s2,rotate,TRUE,69,79,1.2462315578507273,0.8483383735517644,2.7321071231388947,-0.4225895778454194,0.4128649294508034,1.2864427555613753,4.039833336674409,0.08691308691308691,41.08226643284116,1.7264850014303708e-4,0.041916167664670656,0.3142858289089598
full,7,5,5,ok,0.9583573280722406,NA,intensidade_z,permute,FALSE,49,99,1.0201861770454757,0.6337995009392403,2.117093861542261,-0.8731641844669582,0.35105020399695624,1.8503542020027703,2.564176591785592,0.3866133866133866,38.85138072012293,3.8451859246907004e-4,0.031936127744510975,0.3481030791592987
full,7,5,5,ok,0.9583573280722406,NA,volatilidade_juros,permute,TRUE,37,111,1.978981492100493,0.8236140475187197,5.592582459292032,-0.6019036622846934,0.454960597646899,2.28044675641838,4.866761105041178,0.008991008991008992,35.87760586849323,0.001088383814624251,0.20359281437125748,0.19423423285231492
full,7,5,5,ok,0.9583573280722406,2020-02-01,quebra_livre,rotate,TRUE,68,80,1.2727059543280297,0.8526403089962149,2.888922051982229,-0.396292168630479,0.4169244078101432,1.2763967377959715,4.121373872657085,0.08291708291708291,40.808760133487255,1.9062155120961837e-4,0.03592814371257485,0.31050230909431187
full,7,5,6,ok,0.9767937023956682,NA,calendario,permute,TRUE,98,49,0.7592561311612167,0.4834824315044156,1.7861388887389475,-0.6140699089005537,0.3844758527778337,2.9064633666749518,2.532475232714541,0.3886113886113886,21.21361007464896,0.09628246004768465,0.46706586826347307,0.13150288635872165
full,7,5,6,ok,0.9767937023956682,NA,episodio_s2,rotate,TRUE,69,78,1.124544087234856,0.8026625070242441,2.6751918213537413,-0.6080397020311401,0.36775310427231983,1.2936248342326437,3.4132417187056334,0.0919080919080919,35.54283275475442,0.0012210626205938356,0.08782435129740519,0.2652267499659854
full,7,5,6,ok,0.9767937023956682,NA,intensidade_z,permute,FALSE,49,98,0.9542534128665149,0.599084403439065,1.902185497781042,-0.8841267573633916,0.31871907000988614,1.697563083907661,2.4075645167766524,0.3936063936063936,39.66363767001093,2.8782027585824325e-4,0.021956087824351298,0.3003892544863565
full,7,5,6,ok,0.9767937023956682,NA,volatilidade_juros,permute,TRUE,37,110,1.9157917736674863,0.9443482556946673,4.922052335265626,-0.5353474813117143,0.43070253204283326,2.0874013440210435,4.6805762485361155,0.024975024975024976,31.13222874418304,0.005311976944678008,0.3093812375249501,0.15320884948542363
full,7,5,6,ok,0.9767937023956682,2020-02-01,quebra_livre,rotate,TRUE,68,79,1.146824168272485,0.8203721289767308,2.779943810454812,-0.5822755551348131,0.36603887166963167,1.2787811014696762,3.4638035061315398,0.08391608391608392,35.09810640253439,0.0014216665540892617,0.10778443113772455,0.26622921468594635
full,7,5,7,ok,0.981175446921563,NA,calendario,permute,TRUE,97,49,0.6553002389812926,0.4514240178728258,1.6775229553053057,-0.7248022101235801,0.32730474556790673,2.1095067698029926,2.149814953346857,0.6073926073926074,17.373531432951417,0.23681823072978295,0.6027944111776448,0.11097590378298754
full,7,5,7,ok,0.981175446921563,NA,episodio_s2,rotate,TRUE,69,77,1.0492313431327225,0.6624139766173699,2.5275601283836058,-0.6400363267865106,0.3998298299154101,1.5516270226704512,3.1228410397213144,0.026973026973026972,32.06026163332835,0.003927773415327067,0.1437125748502994,0.07098802269201032
full,7,5,7,ok,0.981175446921563,NA,intensidade_z,permute,FALSE,49,97,0.9736385764161284,0.5765463880031669,1.8542616527901417,-0.8989444392547113,0.3249602223487561,1.96545210522947,2.4367685290416685,0.3806193806193806,39.161584443554275,3.443416401146784e-4,0.017964071856287425,0.29006505714486536
full,7,5,7,ok,0.981175446921563,NA,volatilidade_juros,permute,TRUE,37,109,1.74218281131041,0.8598144635092864,4.489549264675676,-0.569495470057837,0.39660318025260194,1.8758079728109434,4.126405116443855,0.04995004995004995,27.78970696199176,0.015170231490950063,0.33532934131736525,0.06939216407141649
full,7,5,7,ok,0.981175446921563,2022-10-01,quebra_livre,rotate,TRUE,36,110,1.1979122932857853,0.5230871128547909,2.36134843524957,-0.728398797225682,0.4198797201491195,4.003447497054127,2.6792568918395636,0.27472527472527475,32.37989600486789,0.0035364456154368656,0.03992015968063872,0.2921004332986186
full,7,5,8,ok,0.9844869083898405,NA,calendario,permute,TRUE,96,49,0.7304740286206675,0.5578927264313476,1.7914279326618798,-0.7165336458450835,0.3384452417184172,2.157724771099832,2.4009632105972583,0.43156843156843155,21.28874864648242,0.09445861806507291,0.4411177644710579,0.1764877159340231
full,7,5,8,ok,0.9844869083898405,NA,episodio_s2,rotate,TRUE,69,76,1.0410239038196083,0.6498635136324753,2.457499227797869,-0.7036201340982793,0.4041461606635363,1.3976636430155887,3.095151886725629,9.99000999000999e-4,37.37228529115912,6.477902033645872e-4,0.05189620758483034,0.08292882850461585
full,7,5,8,ok,0.9844869083898405,NA,intensidade_z,permute,FALSE,48,97,0.8473908135784736,0.4773383964331035,1.7943484591272996,-0.9185607685784857,0.2960985075963011,1.7790790685592912,2.1640779843757354,0.45054945054945056,37.53014889782861,6.129438894312424e-4,0.01996007984031936,0.27841336286340884
full,7,5,8,ok,0.9844869083898405,NA,volatilidade_juros,permute,TRUE,36,109,1.759871386523308,0.9723477604768143,4.718014230872162,-0.6162532578093045,0.39126826638359374,1.8441728919406826,4.104419383163792,0.059940059940059943,28.766180470654866,0.011238118611999312,0.27345309381237526,0.16770428272375887
full,7,5,8,ok,0.9844869083898405,2022-10-01,quebra_livre,rotate,TRUE,36,109,1.269478467556776,0.618722281721853,2.29966522999991,-0.6607455701052977,0.44670061413976125,5.426231210928513,2.8267061805213642,0.23976023976023977,31.5232095827519,0.004679995745043893,0.04590818363273453,0.25706242759826203
full,7,6,5,ok,0.9583573280722406,NA,calendario,permute,TRUE,98,50,0.7402970396824137,0.6102260703761432,1.8326807089910409,-0.7025576784169605,0.2942187215917017,1.4013389807744612,2.4374615242433295,0.5714285714285714,26.24028067781431,0.15802200205991218,0.5688622754491018,0.14594106582853578
full,7,6,5,ok,0.9583573280722406,NA,episodio_s2,rotate,TRUE,69,79,1.2465253310872226,0.893329026335282,2.76415451112677,-0.6325327358964785,0.35043586647328345,1.2846106926111522,4.03788125649373,0.09090909090909091,49.095316268339566,2.9802753155812317e-4,0.031936127744510975,0.21679974601514335
full,7,6,5,ok,0.9583573280722406,NA,intensidade_z,permute,FALSE,49,99,1.020249224056054,0.7076889613430547,2.2496468666150156,-0.9194020590967242,0.307963707963419,1.45665462222984,2.5640888983682157,0.4485514485514486,47.20757052411388,5.489042389782147e-4,0.0499001996007984,0.10301237185209572
full,7,6,5,ok,0.9583573280722406,NA,volatilidade_juros,permute,TRUE,37,111,1.9941014758984967,0.9294835886756261,5.730997267849606,-0.7132014449003693,0.38304132729452567,1.8508716219697736,4.9134713030739805,0.01098901098901099,53.37123605067406,7.165881314105352e-5,0.09381237524950099,0.21268767311902056
full,7,6,5,ok,0.9583573280722406,2020-02-01,quebra_livre,rotate,TRUE,68,80,1.2739553420855645,0.9195345887314312,2.920200293034949,-0.6457456710573928,0.3564908631707246,1.2768663360373214,4.123791809276343,0.08291708291708291,51.03872042584322,1.57005104947498e-4,0.033932135728542916,0.19161266020447512
full,7,6,6,ok,0.9767937023956682,NA,calendario,permute,TRUE,98,49,0.8355686314048324,0.6021287796776275,1.8391218446851174,-0.70154787301903,0.31552266358333486,1.5959977496308708,2.874337545037779,0.2997002997002997,32.28125420998215,0.04039206271027553,0.3592814371257485,0.2138255036103725
full,7,6,6,ok,0.9767937023956682,NA,episodio_s2,rotate,TRUE,69,78,1.1251696171782837,0.8092100229230939,2.7169975253535643,-0.7862716254580817,0.32636236657509854,1.291511542565749,3.4186678794012257,0.0919080919080919,43.362932570154,0.0018300847390269159,0.09780439121756487,0.11823602968404451
full,7,6,6,ok,0.9767937023956682,NA,intensidade_z,permute,FALSE,49,98,1.0628529029639562,0.7387895690917061,2.1316441757110414,-0.9263228528842655,0.3138588521145085,1.6427677536032996,2.636089964317349,0.38161838161838163,49.17865033950225,2.9002019996068315e-4,0.023952095808383235,0.11429018881654446
full,7,6,6,ok,0.9767937023956682,NA,volatilidade_juros,permute,TRUE,37,110,1.9339892208507778,1.0320416090955344,4.955331996860098,-0.7322954798387747,0.3695656849366424,1.775434484566486,4.731961636128106,0.024975024975024976,48.93330385012829,3.142126143275874e-4,0.12974051896207583,0.12461145610705877
full,7,6,6,ok,0.9767937023956682,2021-12-01,quebra_livre,rotate,TRUE,46,101,1.1739876910390186,0.7080478816874124,2.3106249059812063,-0.8120279478850484,0.3688589743642168,3.4319741344760852,2.8280992669581067,0.2997002997002997,44.07299399093236,0.0014714245987296664,0.06786427145708583,0.2288766717960165
full,7,6,7,ok,0.981175446921563,NA,calendario,permute,TRUE,97,49,0.7855220552923352,0.606792141958661,1.7902566397733275,-0.7397815671632569,0.32645828695844786,1.9498696791859838,2.6257992499468017,0.4195804195804196,25.791596355700747,0.17280566723354826,0.5588822355289421,0.07202215851862576
full,7,6,7,ok,0.981175446921563,NA,episodio_s2,rotate,TRUE,69,77,1.0576271207222472,0.7421428440933121,2.5321233487818877,-0.7911701003322567,0.34784863094693097,1.5119350670924592,3.16222377842893,0.03696303696303696,39.046761729193236,0.00657868435468699,0.16966067864271456,0.15040841221821558
full,7,6,7,ok,0.981175446921563,NA,intensidade_z,permute,FALSE,49,97,1.021694187778895,0.6915909728042121,2.0338434536343906,-0.9396161832051482,0.3008750911642228,1.3858677161154227,2.5381204269588054,0.3986013986013986,47.13844431851639,5.611882817625039e-4,0.03992015968063872,0.14245193752962934
full,7,6,7,ok,0.981175446921563,NA,volatilidade_juros,permute,TRUE,37,109,1.7491822284314698,0.9339939610249466,4.533952819442339,-0.767029366681492,0.3546452513896307,1.5387151315248206,4.139342370549616,0.056943056943056944,41.56815906572522,0.003146924869256758,0.18762475049900199,0.04126567118211961
full,7,6,7,ok,0.981175446921563,2022-10-01,quebra_livre,rotate,TRUE,36,110,1.2812187368845467,0.668890862739079,2.498802142284535,-0.7286200498305373,0.3955839661946996,3.6420086086914254,2.843516301420266,0.2727272727272727,36.717905192593555,0.012647145480491954,0.1217564870259481,0.16690769852527254
full,7,6,8,ok,0.9844869083898405,NA,calendario,permute,TRUE,96,49,0.7644295709196627,0.6383039938691901,1.83439629829028,-0.7248633290704004,0.3172633652418436,2.001882726683313,2.5325819827159983,0.4835164835164835,24.11164318104448,0.23754937053649477,0.6427145708582834,0.08220029244165915
full,7,6,8,ok,0.9844869083898405,NA,episodio_s2,rotate,TRUE,69,76,1.0435777545459213,0.6970503561095447,2.4667858238494365,-0.8274508623938104,0.3524412509208019,1.3725084263472536,3.1062145716110643,9.99000999000999e-4,45.005782810631516,0.0011014786334488105,0.05588822355289421,0.0805469896354534
full,7,6,8,ok,0.9844869083898405,NA,intensidade_z,permute,FALSE,48,97,0.9758447866213125,0.6716974210258273,2.05424274164337,-0.9414838509498619,0.3058515222944567,1.6486103527908722,2.4220545468433357,0.4305694305694306,43.89604854807594,0.0015539152202343528,0.043912175648702596,0.07192446351375001
full,7,6,8,ok,0.9844869083898405,NA,volatilidade_juros,permute,TRUE,36,109,1.7609405078732667,1.0478813742064705,4.783644823249924,-0.7560706293167114,0.3608877723517549,1.582601863448472,4.109648610864463,0.07592407592407592,39.14497549615857,0.006395984225909706,0.19161676646706588,0.16453847475151417
full,7,6,8,ok,0.9844869083898405,2022-10-01,quebra_livre,rotate,TRUE,36,109,1.284292616152373,0.726270191561833,2.403464493132484,-0.6668181677344024,0.3963748842825577,4.542014814497746,2.8566729056594418,0.25674325674325676,34.58016645166972,0.022457724421589494,0.13373253493013973,0.0770098023023285
full,7,7,5,ok,0.9583573280722406,NA,calendario,permute,TRUE,98,50,4.886792169845886,2.372928462697627,11.486024031136019,-3.2069397581496677,0.4328387376382539,4.135931933784116,2.087013188680648,0.13186813186813187,35.25137630091702,0.13261186105222034,0.6766467065868264,0.12162384281265032
full,7,7,5,ok,0.9583573280722406,NA,episodio_s2,rotate,TRUE,69,79,4.409513595559822,2.768157798378234,12.730165080748822,-1.9929152616223966,0.35945286819056355,1.463750315881415,2.7170893337486786,0.4305694305694306,56.179762364704985,8.164351334258719e-4,0.08782435129740519,0.22702019679974636
full,7,7,5,ok,0.9583573280722406,NA,intensidade_z,permute,FALSE,49,99,4.830544730616877,2.4053546119572107,10.434904902251581,-4.476383760629896,0.32843281765616666,2.861515176863084,2.231450888568915,0.4205794205794206,59.874224227334096,2.7399315128743304e-4,0.043912175648702596,0.14919590002430086
full,7,7,5,ok,0.9583573280722406,NA,volatilidade_juros,permute,TRUE,37,111,9.097910813345436,3.2703749432382265,27.852230899995952,-1.623638704567519,0.45424852068349003,1.9799509616952926,3.5467709817681703,0.08891108891108891,63.5086322639406,8.983188605202532e-5,0.14171656686626746,0.17818136678659174
full,7,7,5,ok,0.9583573280722406,2017-12-01,quebra_livre,rotate,TRUE,94,54,4.825617570704599,2.799207961002287,11.823718733377564,-1.0470409918160497,0.43652411228528903,1.9112615797751864,2.7302328997578718,0.24775224775224775,49.10288867570643,0.005766637447470126,0.18962075848303392,0.057694063727221336
full,7,7,6,ok,0.9767937023956682,NA,calendario,permute,TRUE,98,49,5.255480953758897,2.566532161151006,11.776884486857544,-3.305567638158929,0.45538878209711053,5.017613322565277,2.4293565681582883,0.07792207792207792,39.25856318454553,0.06000909399308434,0.5149700598802395,0.2069370875930941
full,7,7,6,ok,0.9767937023956682,NA,episodio_s2,rotate,TRUE,69,78,4.017108847118001,2.289750482177717,13.010353167954738,-2.563416711587993,0.3325598924453006,1.4271443762463913,2.3312624565335613,0.4225774225774226,51.9176865095584,0.002712596075457368,0.16167664670658682,0.07793766962986969
full,7,7,6,ok,0.9767937023956682,NA,intensidade_z,permute,FALSE,49,98,4.514095961318312,2.184902603511594,9.387660277616328,-4.286735558612926,0.3202057896722872,3.4671722683825745,2.245250946315512,0.3856143856143856,60.32100880459798,2.3939611430772074e-4,0.041916167664670656,0.1400090391388038
full,7,7,6,ok,0.9767937023956682,NA,volatilidade_juros,permute,TRUE,37,110,9.533434091377258,4.066577870075278,25.942515628079036,-1.6028903220039963,0.471893766534126,2.0814196701260883,3.4408055217372744,0.06793206793206794,56.32091549665045,7.83728442547396e-4,0.1996007984031936,0.18393340561892135
full,7,7,6,ok,0.9767937023956682,2018-04-01,quebra_livre,rotate,TRUE,90,57,4.2309676635387135,2.669105038397209,12.499847269834333,-0.658310664216907,0.41517275651318386,1.7908389884036002,2.51952930033794,0.26073926073926074,44.85784031750345,0.016830897172010084,0.25349301397205587,0.07106394060154539
full,7,7,7,ok,0.981175446921563,NA,calendario,permute,TRUE,97,49,4.189168592676387,1.7873297792589655,9.50510416543606,-3.559773021200228,0.40012047764229874,4.956430024495047,2.110827269457546,0.18581418581418582,36.815948036742135,0.0985544435465475,0.5429141716566867,0.11211022680094865
full,7,7,7,ok,0.981175446921563,NA,episodio_s2,rotate,TRUE,69,77,3.0701971578444875,1.9570067850391712,11.187279961473918,-2.263908305457633,0.3213039939121311,1.407823762247095,2.148812442422962,0.4405594405594406,48.496052036462025,0.006754991988413181,0.18562874251497005,0.1627676610104041
full,7,7,7,ok,0.981175446921563,NA,intensidade_z,permute,FALSE,49,97,4.166992492080308,1.9028685444716893,8.424088376893394,-3.9524897460583133,0.3228362549694779,3.286482906685967,2.219163141539479,0.37962037962037964,58.58536208246712,4.030359024477782e-4,0.0499001996007984,0.11998500737846905
full,7,7,7,ok,0.981175446921563,NA,volatilidade_juros,permute,TRUE,37,109,8.325285954451132,3.629067681832212,22.419133972841532,-1.6144911884933062,0.44700690262296294,1.683634387611278,3.15792740719867,0.0959040959040959,50.17722982595514,0.004341079927133215,0.2055888223552894,0.09507348378291923
full,7,7,7,ok,0.981175446921563,2022-10-01,quebra_livre,rotate,TRUE,36,110,3.7866281251504135,1.723410334745735,7.8383898397913105,-3.669078937213881,0.3244450720300056,3.6673891925864357,2.357861124081395,0.3206793206793207,48.52922065620578,0.006697117044607292,0.15169660678642716,0.09700640386003709
full,7,7,8,ok,0.9844869083898405,NA,calendario,permute,TRUE,96,49,4.02620414219104,1.8237725856800893,9.655841556453458,-3.1670899966346013,0.42240682191818413,5.375273354296224,2.132836364264633,0.1928071928071928,31.947425940064612,0.2340369603861173,0.6946107784431138,0.0457451331497123
full,7,7,8,ok,0.9844869083898405,NA,episodio_s2,rotate,TRUE,69,76,3.0714160914242727,1.8049927615411205,10.188410520966471,-2.2830028265727966,0.3488599806413471,1.3718078100266213,2.209839748655825,0.42657342657342656,52.054177419828754,0.0026130423740970453,0.10978043912175649,0.11498501752177005
full,7,7,8,ok,0.9844869083898405,NA,intensidade_z,permute,FALSE,48,97,3.4753879746416794,1.6760635543064577,7.914098841266625,-3.905473326819336,0.3024519836290963,3.098926933725467,1.9964099676438707,0.4125874125874126,54.51679004593748,0.0013147124150749614,0.05788423153692615,0.033360830750440065
full,7,7,8,ok,0.9844869083898405,NA,volatilidade_juros,permute,TRUE,36,109,8.210777616390839,3.2261143750845083,22.61805535818913,-1.4925543854629735,0.47526803319293165,2.1015317699424236,3.1184183972846644,0.08891108891108891,46.198081574718024,0.012112389396586364,0.249500998003992,0.019490587522304034
full,7,7,8,ok,0.9844869083898405,2022-10-01,quebra_livre,rotate,TRUE,36,109,3.550014214154238,1.9863731291198947,6.943761617687752,-3.26296772903594,0.3274803817269033,4.187906522088995,2.501028130649797,0.2887112887112887,45.44771367981273,0.014577956023029187,0.1656686626746507,0.09257034689378403
full,8,5,5,ok,0.9804083490210781,NA,calendario,permute,TRUE,98,50,0.5277020752002715,0.4479372699868802,1.5467672072955643,-0.6886805558659985,0.2769743606237978,1.7196676487532951,1.8042700155197227,0.8291708291708292,14.898796277021777,0.38510769931504363,0.7544910179640718,0.2144040655221896
full,8,5,5,ok,0.9804083490210781,NA,episodio_s2,rotate,TRUE,69,79,1.2568961465373791,0.8909333702414598,2.6154238309760753,-0.5746210152144897,0.3736056761281004,1.4471939141451355,4.0494661278720745,9.99000999000999e-4,45.54764284687465,3.323099144172565e-5,0.013972055888223553,0.3427325778776646
full,8,5,5,ok,0.9804083490210781,NA,intensidade_z,permute,FALSE,49,99,0.9980828393219444,0.5760173117951448,2.109827220807829,-0.8635084773745287,0.3404391016802949,1.8474446259466775,2.488520512098294,0.37462537462537465,36.86210396795722,7.74047092039208e-4,0.03992015968063872,0.3133641982042508
full,8,5,5,ok,0.9804083490210781,NA,volatilidade_juros,permute,TRUE,37,111,1.8395009265887599,0.7603549242869474,5.176251396295625,-0.6227230840760778,0.4791900585404996,2.0696402156392444,4.397837458437326,0.013986013986013986,35.96142155591578,0.0010574127782139767,0.1596806387225549,0.2035551302136903
full,8,5,5,ok,0.9804083490210781,2021-10-01,quebra_livre,rotate,TRUE,48,100,1.3733689185989424,0.8498633477783053,2.2299786766530376,-0.8142458237592344,0.41711746712195263,3.590593658892098,3.435304409078243,0.07392607392607392,54.510303428229264,1.0505755960442608e-6,0.005988023952095809,0.2531445979023781
full,8,5,6,ok,0.9764370706395482,NA,calendario,permute,TRUE,98,49,0.6448187319471772,0.4644291600712577,1.6053519866309052,-0.7580356506126148,0.2805473871466566,1.8585161142603381,2.1285689756684736,0.6373626373626373,20.55487837122175,0.11359535614793495,0.46107784431137727,0.16136074086726954
full,8,5,6,ok,0.9764370706395482,NA,episodio_s2,rotate,TRUE,69,78,1.1211255523346948,0.7979830014773411,2.5849353761747054,-0.7188187082267934,0.36136284008898795,1.4152007134281999,3.3837417464770367,0.005994005994005994,38.825260216772854,3.8810260082098447e-4,0.0499001996007984,0.3182023292039155
full,8,5,6,ok,0.9764370706395482,NA,intensidade_z,permute,FALSE,49,98,0.9753281202710765,0.58141853288575,1.9957768975642305,-0.8889613398268393,0.31386667919808914,1.7453683584793067,2.436278528029515,0.37662337662337664,38.857307364706834,3.8370988701594033e-4,0.011976047904191617,0.2732780436659785
full,8,5,6,ok,0.9764370706395482,NA,volatilidade_juros,permute,TRUE,37,110,1.7992403863547535,0.8374846953928713,4.688913569027939,-0.5398609344839302,0.44419321360761177,1.7845425189581745,4.298204677577599,0.03196803196803197,31.140387085370946,0.005297997213260299,0.25948103792415167,0.19941691961300004
full,8,5,6,ok,0.9764370706395482,2021-11-01,quebra_livre,rotate,TRUE,47,100,1.3197295264255149,0.7798974198491999,2.1890874555515074,-0.8564849796999988,0.43399049236619686,4.450584821041762,3.24480395887851,0.027972027972027972,48.46373067083709,1.101335186638092e-5,0.007984031936127744,0.32393753933937613
full,8,5,7,ok,0.9770192401191725,NA,calendario,permute,TRUE,97,49,0.6190146485743577,0.46802273987557996,1.5362448871489272,-0.7824525094017247,0.27760475406325397,1.941611336613903,2.0422396937427294,0.6503496503496503,18.751324033105103,0.17467055553235658,0.5109780439121756,0.08000904706122251
full,8,5,7,ok,0.9770192401191725,NA,episodio_s2,rotate,TRUE,69,77,1.0569329218441685,0.6310005296593539,2.503559242005224,-0.7306186715610443,0.3757113572121889,1.8627264322740467,3.16793522249805,9.99000999000999e-4,36.78599627346307,7.948175455038178e-4,0.06187624750499002,0.23774861143935436
full,8,5,7,ok,0.9770192401191725,NA,intensidade_z,permute,FALSE,49,97,0.97081351885451594,0.5884395260458195,2.0241768697950695,-0.9692802830749003,0.302279977615404,1.7473767659681654,2.4220615842996582,0.35864135864135865,40.90299720230499,1.8423178795787506e-4,0.013972055888223553,0.19487170303428625
full,8,5,7,ok,0.9770192401191725,NA,volatilidade_juros,permute,TRUE,37,109,1.6694053071726338,0.9133113042572458,4.33945334096197,-0.5234748619667291,0.40228555971238394,1.5584132379069915,3.918893942251737,0.055944055944055944,26.8173367032942,0.020333462293883168,0.3033932135728543,0.11593654654654754
full,8,5,7,ok,0.9770192401191725,2021-10-01,quebra_livre,rotate,TRUE,48,98,1.2311598197801872,0.7819552584402493,2.143751680921423,-0.7453499756485849,0.3939666789768798,2.427240976486958,3.034622770256398,0.028971028971028972,44.9654466982573,4.132364781120699e-5,0.007984031936127744,0.16845849044907588
full,8,5,8,ok,0.981143605907411,NA,calendario,permute,TRUE,96,49,0.659270585646053,0.5156855935747346,1.6611449742000644,-0.836537646168761,0.2754036194463926,1.5233477197355925,2.1623546317003055,0.5554445554445554,21.753228948444644,0.08382905954891037,0.3652694610778443,0.21741171588888145
full,8,5,8,ok,0.981143605907411,NA,episodio_s2,rotate,TRUE,69,76,1.1129280545571132,0.628569557917545,2.519100990831845,-0.7282077596198822,0.41560654925908647,2.1687820033136647,3.4211060640539546,9.99000999000999e-4,39.74336443234537,2.797192066621307e-4,0.031936127744510975,0.27616935041924123
full,8,5,8,ok,0.981143605907411,NA,intensidade_z,permute,FALSE,48,97,0.7508019493701985,0.5112540035741169,1.934330727728185,-1.0667732984683087,0.23524792074987708,1.3652963228579413,1.9893545839351596,0.5154845154845155,43.38441018591514,7.434785360080655e-5,0.005988023952095809,0.16072313884090325
full,8,5,8,ok,0.981143605907411,NA,volatilidade_juros,permute,TRUE,36,109,1.725982653169222,0.90637428438084,4.555985128289172,-0.46649037001319704,0.4345224471159016,1.842216305019648,4.006979966477805,0.05194805194805195,25.323316905791415,0.031506499738187074,0.29740518962075846,0.22402796010007378
full,8,5,8,ok,0.981143605907411,2022-10-01,quebra_livre,rotate,TRUE,36,109,1.247338098704996,0.695605243378342,2.294580802210532,-0.6412955644709228,0.42227014669601737,2.8291660655764312,2.7807726005770337,0.26673326673326675,30.629229631413924,0.00624498166316662,0.031936127744510975,0.21213330159744961
full,8,6,5,ok,0.9804083490210781,NA,calendario,permute,TRUE,98,50,0.56197089328282,0.5548320909996972,1.5640660700298286,-0.7385898420058268,0.22718070396847914,1.2418234390553244,1.8881553609060027,0.8811188811188811,20.281719210749248,0.4404354538558265,0.7684630738522954,0.12701237227172854
full,8,6,5,ok,0.9804083490210781,NA,episodio_s2,rotate,TRUE,69,79,1.278518786584226,0.94094088582433,2.6539333648428802,-0.575673301354267,0.36556001690844114,1.463363076394589,4.166259394588054,9.99000999000999e-4,53.88710519317639,6.01196049033231e-5,0.00998003992015968,0.11787823068957128
full,8,6,5,ok,0.9804083490210781,NA,intensidade_z,permute,FALSE,49,99,1.047267669159887,0.7281863380993163,2.2620456767242563,-0.9298596346443448,0.29046476001256694,1.5947297727261531,2.5933701286734445,0.36163836163836166,46.689677880507155,6.476366531008852e-4,0.029940119760479042,0.14932887732424446
full,8,6,5,ok,0.9804083490210781,NA,volatilidade_juros,permute,TRUE,37,111,1.848129200585762,0.8444527489415429,5.186311743849422,-0.6237831065262555,0.4077686102041751,2.075999021563705,4.41944497787037,0.01998001998001998,46.17862300330034,7.617450605065054e-4,0.13972055888223553,0.11886725242647198
full,8,6,5,ok,0.9804083490210781,2021-10-01,quebra_livre,rotate,TRUE,48,100,1.3812848171079755,0.8822686645518896,2.276183142369331,-0.8268685847059895,0.37902356856600966,3.6082229101430108,3.460201741240782,0.0989010989010989,60.246839373016996,6.521624977772051e-6,0.007984031936127744,0.2636549420824934
full,8,6,6,ok,0.9764370706395482,NA,calendario,permute,TRUE,98,49,0.7936968052703856,0.5617733269805789,1.752573644458907,-0.9533149737013898,0.27294690932828397,1.572015542974876,2.6680031248087723,0.4015984015984016,33.41424956641234,0.030371113508025523,0.3093812375249501,0.1462957443535114
full,8,6,6,ok,0.9764370706395482,NA,episodio_s2,rotate,TRUE,69,78,1.1221481495070136,0.8431631801321819,2.648331081626104,-0.8846911585360395,0.3068455397736964,1.3876093527271267,3.3905035213816097,9.99000999000999e-4,45.75952736032218,8.695564819914759e-4,0.0658682634730539,0.23000715718926776
full,8,6,6,ok,0.9764370706395482,NA,intensidade_z,permute,FALSE,49,98,1.0829728459311903,0.6765727545217439,2.559597096481516,-0.8894471361161949,0.29519364240416274,1.7666412262567908,2.67350687861187,0.37962037962037964,46.88454642660139,6.086258576690467e-4,0.0499001996007984,0.0293079146763342
full,8,6,6,ok,0.9764370706395482,NA,volatilidade_juros,permute,TRUE,37,110,1.8293328422953317,0.9527474673800458,4.735215936639815,-0.742052111774604,0.37175914414487354,1.5984324619622203,4.377478465464616,0.029970029970029972,46.85937950811078,6.1353345513738e-4,0.1437125748502994,0.2557535144648562
full,8,6,6,ok,0.9764370706395482,2021-11-01,quebra_livre,rotate,TRUE,47,100,1.3202089490818991,0.8649709005851487,2.250527892115361,-0.9275267854951793,0.36659939285085197,3.3981077620833857,3.246303378584306,0.0959040959040959,55.03883214976794,4.051635200583079e-5,0.011976047904191617,0.12966812464953242
full,8,6,7,ok,0.9770192401191725,NA,calendario,permute,TRUE,97,49,0.7641708821886453,0.5516025676661893,1.872539318881112,-0.9283213918226737,0.2765018486501902,2.0111950570912702,2.536310767954726,0.5384615384615384,27.66894063645004,0.1174707898077172,0.5269461077844312,0.07938819651940404
full,8,6,7,ok,0.9770192401191725,NA,episodio_s2,rotate,TRUE,69,77,1.0780050230288711,0.7365130183686233,2.5666271701222882,-0.9925758342151685,0.31218782936228295,1.4759544152070965,3.265607832041236,0.011988011988011988,50.80028140040851,1.6995738962575339e-4,0.06986027944111776,0.18445768449288028
full,8,6,7,ok,0.9770192401191725,NA,intensidade_z,permute,FALSE,49,97,1.1025636804118324,0.6992119050790737,2.9576036004424813,-0.9711710614067282,0.2815961069272255,1.5871064043150815,2.7256266070222526,0.3906093906093906,49.7832199796415,2.3786223501746912e-4,0.05788423153692615,0.061034257636942466
full,8,6,7,ok,0.9770192401191725,NA,volatilidade_juros,permute,TRUE,37,109,1.6915436996949265,0.9854397074842498,4.379479996589073,-0.8322570527405804,0.3437216253770734,1.2955141651294648,3.960298935614983,0.08291708291708291,45.42256894860396,9.667502442155671e-4,0.12574850299401197,0.21383891899893506
full,8,6,7,ok,0.9770192401191725,2021-10-01,quebra_livre,rotate,TRUE,48,98,1.2316377559319123,0.8468918991059344,2.1649939803624942,-0.8769347887784283,0.34390485744681815,2.1331968972799484,3.0359295150498165,0.1068931068931069,51.50628238730106,1.3433480010005975e-4,0.021956087824351298,0.2279387851870813
full,8,6,8,ok,0.981143605907411,NA,calendario,permute,TRUE,96,49,0.7498134693807944,0.5868795368275742,2.0073825136657932,-0.8883128608416149,0.27131355253474154,1.6483378603147323,2.474271526131003,0.5454545454545454,26.57298231354892,0.14771086138655995,0.5489021956087824,0.08289103052779197
full,8,6,8,ok,0.981143605907411,NA,episodio_s2,rotate,TRUE,69,76,1.1446716104047108,0.7010458166029534,2.5580550123365255,-0.9239176505798334,0.3643959093082482,1.9129014180567223,3.58633181837521,9.99000999000999e-4,50.77523771985053,1.71376597265369e-4,0.05389221556886228,0.18049858852431483
full,8,6,8,ok,0.981143605907411,NA,intensidade_z,permute,FALSE,48,97,1.1370927618919522,0.665888349429719,3.007054756903826,-1.067052992806763,0.3017011050263122,1.9220723558483233,2.807069735011876,0.33266733266733267,56.49462125174618,2.4480303722365654e-5,0.01996007984031936,0.198661533034723
full,8,6,8,ok,0.981143605907411,NA,volatilidade_juros,permute,TRUE,36,109,1.7266159387514264,1.0337508947723537,4.644837633176459,-0.6774728181318601,0.3740790825898092,1.5301312237680353,4.010799883831233,0.08191808191808192,35.480716148920294,0.01768847068806818,0.26147704590818366,0.11535273035490025
full,8,6,8,ok,0.981143605907411,2022-10-01,quebra_livre,rotate,TRUE,36,109,1.2501705083956738,0.8175836538864593,2.314169041048575,-0.6540192478788958,0.3729806155666224,2.2453478626946994,2.7873992452129492,0.2947052947052947,35.69170143331563,0.01671500403641773,0.1157684630738523,0.02684403799454924
full,8,7,5,ok,0.9804083490210781,NA,calendario,permute,TRUE,98,50,0.7648873291864948,0.6874750708114806,1.9509056099564792,-0.8659454881476881,0.24684242106975215,1.6105761200779807,2.538942502362102,0.6473526473526473,31.602916376568807,0.2471097534000152,0.7065868263473054,0.09031274467064171
full,8,7,5,ok,0.9804083490210781,NA,episodio_s2,rotate,TRUE,69,79,1.2884148375887732,0.9946091884111539,2.745221324270405,-0.8570797117708178,0.29620621621912785,1.3691624227262216,4.235118762430309,9.99000999000999e-4,67.12158366479157,2.8590622713666272e-5,0.033932135728542916,0.12148680229742546
full,8,7,5,ok,0.9804083490210781,NA,intensidade_z,permute,FALSE,49,99,1.133987873319552,0.7746264719108895,3.191184937788771,-0.9399170739056981,0.246149437414388,1.5229919595037578,2.790422441145383,0.4275724275724276,61.92141623940204,1.4688974907452616e-4,0.03992015968063872,0.07596327542783869
full,8,7,5,ok,0.9804083490210781,NA,volatilidade_juros,permute,TRUE,37,111,1.8710209802309725,1.076383540085518,5.433495970496275,-0.7337162424985249,0.35058817655478036,1.4651958958430504,4.486863084581028,0.03996003996003996,61.21436790635511,1.824372199280257e-4,0.12375249500998003,0.12766361867448153
full,8,7,5,ok,0.9804083490210781,2021-10-01,quebra_livre,rotate,TRUE,48,100,1.387699275067872,0.9352638530989545,2.3154674759167184,-0.8828783190678909,0.33522645062664175,3.0464888828136694,3.4816012134740264,0.15384615384615385,66.92750896804208,3.0430223267312602e-5,0.021956087824351298,0.1699161116895512
full,8,7,6,ok,0.9764370706395482,NA,calendario,permute,TRUE,98,49,0.7963118333392915,0.6731924958049396,1.8792557470801228,-0.9550460102497066,0.24464956251368392,1.5760410287336946,2.679395204525206,0.5634365634365635,36.38051362046396,0.10722375221884445,0.5329341317365269,0.027122237388472942
full,8,7,6,ok,0.9764370706395482,NA,episodio_s2,rotate,TRUE,69,78,1.154683989168225,0.9213187797585194,2.6900437684488363,-0.9136938694425563,0.2752680403604099,1.3016871635487406,3.5232950463796278,0.05094905094905095,58.62465868721322,3.9835222959736535e-4,0.08982035928143713,0.2057568956716117
full,8,7,6,ok,0.9764370706395482,NA,intensidade_z,permute,FALSE,49,98,1.1895742645417244,0.8093305046339655,3.1486477324589677,-0.9863120291625942,0.2573000557219086,1.3852123501131468,2.940243479480807,0.3516483516483517,64.53205034488586,6.518003747803059e-5,0.027944111776447105,0.2508583278630053
full,8,7,6,ok,0.9764370706395482,NA,volatilidade_juros,permute,TRUE,37,110,1.8296234411140355,1.0636212830891536,4.763759769589417,-0.7459996598374119,0.34704616140419314,1.505391477602317,4.37848163402693,0.057942057942057944,53.791975263963586,0.001613100654855989,0.21357285429141717,0.21179666431399768
full,8,7,6,ok,0.9764370706395482,2021-11-01,quebra_livre,rotate,TRUE,47,100,1.3233351655847474,0.903963248287248,2.293935966125045,-0.9341078089355372,0.3389312411342291,3.3277295897310615,3.2552522952552385,0.14585414585414586,59.390786123182394,3.1686261647096147e-4,0.05189620758483034,0.07396371632574242
full,8,7,7,ok,0.9770192401191725,NA,calendario,permute,TRUE,97,49,0.7679828166146789,0.6393855041897598,1.9517929075338534,-0.9392049461655756,0.24568451975909777,1.7577561593403728,2.5518070214120807,0.6323676323676324,31.29625119405603,0.259149520441395,0.6487025948103793,0.07077522304575702
full,8,7,7,ok,0.9770192401191725,NA,episodio_s2,rotate,TRUE,69,77,1.0952485084809929,0.8081727521526935,2.6090930837821724,-1.0136886046458065,0.2842872880523071,1.4662961320973742,3.335004998782572,0.06793206793206794,57.73345516280059,5.186381280187679e-4,0.12574850299401197,0.16035712288424528
full,8,7,7,ok,0.9770192401191725,NA,intensidade_z,permute,FALSE,49,97,1.1580789026168352,0.7804563560286121,3.12821687571379,-1.0897294974598903,0.2540116068374414,1.4597829780835856,2.867270390934467,0.3786213786213786,63.89706773448826,7.956091856961638e-5,0.03792415169660679,0.14450810803590516
full,8,7,7,ok,0.9770192401191725,NA,volatilidade_juros,permute,TRUE,37,109,1.6915468595780943,1.1092020790375778,4.441023405973555,-0.8322899404858031,0.31424505101882594,1.259035610183665,3.9603802951906597,0.10789210789210789,54.870648136444316,0.001188942748903658,0.11976047904191617,0.1455627371734379
full,8,7,7,ok,0.9770192401191725,2021-10-01,quebra_livre,rotate,TRUE,48,98,1.2376627812009513,0.8945053187314951,2.2159079628964404,-0.8787508533733852,0.3092538081854845,2.068771364134497,3.052580708120931,0.0969030969030969,55.829836513268404,9.032564075811757e-4,0.06187624750499002,0.06867735354023492
full,8,7,8,ok,0.981143605907411,NA,calendario,permute,TRUE,96,49,0.7814511857926482,0.6846385567281077,2.128444498319588,-0.889321699843058,0.251666086346233,1.523276892221776,2.601918017921246,0.6273726273726273,30.96731328656858,0.2724828354644739,0.6946107784431138,0.10453446370670341
full,8,7,8,ok,0.981143605907411,NA,episodio_s2,rotate,TRUE,69,76,1.197053904959646,0.7710232945339754,2.591929111013277,-0.9910875939772263,0.32041574086154295,1.8997209790899534,3.8602269699479566,9.99000999000999e-4,66.2063760622745,3.8332853640006926e-5,0.06387225548902195,0.15227534722544842
full,8,7,8,ok,0.981143605907411,NA,intensidade_z,permute,FALSE,48,97,1.2675564182080032,0.7539971645053505,3.4118690816204755,-1.1007592775454456,0.30102591613056695,1.6635757162086282,3.151015672512664,0.24175824175824176,66.55147460798021,3.432893843420516e-5,0.03792415169660679,0.18824158250018844
full,8,7,8,ok,0.981143605907411,NA,volatilidade_juros,permute,TRUE,36,109,1.727345903371441,1.1203236860346626,4.662080473852873,-0.6951351212933263,0.35090951540918325,1.4744118668168766,4.0123510674920535,0.12687312687312688,42.192452630191596,0.03150514948599718,0.2934131736526946,0.15613164808543462
full,8,7,8,ok,0.981143605907411,2022-10-01,quebra_livre,rotate,TRUE,36,109,1.2813790801317337,0.9202934244619947,2.4512765221749064,-0.6698033995229689,0.3348301252855278,2.300946886594073,2.852891540203315,0.3066933066933067,38.8998354393546,0.06469898949354937,0.2754491017964072,0.051171328708863394
full,8,8,5,ok,0.9804083490210781,NA,calendario,permute,TRUE,98,50,3.4237259989878,1.9572664177018901,9.17334981901299,-3.797698128971849,0.3118248483298584,2.995661072036124,1.7496679817338936,0.4305694305694306,43.6949340721606,0.14868172363549004,0.6846307385229541,0.026907294422965133
full,8,8,5,ok,0.9804083490210781,NA,episodio_s2,rotate,TRUE,69,79,3.7401616177285306,2.6464089802181157,11.177399294418993,-2.8768129318783022,0.2725392754633274,1.208449221958818,2.6677106520774605,0.43956043956043955,79.25163991823565,2.7985489448245832e-5,0.05588822355289421,0.11495236435286814
full,8,8,5,ok,0.9804083490210781,NA,intensidade_z,permute,FALSE,49,99,4.759452684531259,2.3939946932318596,11.506956111444435,-4.0536536741380855,0.3012555571758819,2.912169710084054,2.3236989719325725,0.4035964035964036,82.2825731645043,1.1161731079914687e-5,0.017964071856287425,0.1115099132179036
full,8,8,5,ok,0.9804083490210781,NA,volatilidade_juros,permute,TRUE,37,111,7.883729170744021,2.9709197569832493,24.5398080799204,-1.8108281277695515,0.4269984296400145,1.7385337307449205,3.308668160922763,0.10789210789210789,72.32030928900393,2.1037616837967332e-4,0.1596806387225549,0.1404802783144327
full,8,8,5,ok,0.9804083490210781,2019-01-01,quebra_livre,rotate,TRUE,81,67,3.916310137238877,2.5620762822249503,11.637812280425546,-2.7864656029567803,0.29814233266454293,1.374779301411753,2.476228978614169,0.43356643356643354,74.86081424303809,1.0190707288579367e-4,0.08183632734530938,0.12497744616611588
full,8,8,6,ok,0.9764370706395482,NA,calendario,permute,TRUE,98,49,3.725171708075406,1.9222500354905188,9.491789512240324,-3.7566979604056936,0.3357087960533009,3.3424232339328297,2.0004020628184294,0.2937062937062937,47.35420104984421,0.07936073929232476,0.5588822355289421,0.11089773300043758
full,8,8,6,ok,0.9764370706395482,NA,episodio_s2,rotate,TRUE,69,78,3.6101508551089885,2.278965420061087,11.172916712377623,-3.2502495811542134,0.2912457058638036,1.4247810140295076,2.438255573669398,0.42357642357642356,73.19638530794197,1.6417522427883603e-4,0.10179640718562874,0.06325085635591148
full,8,8,6,ok,0.9764370706395482,NA,intensidade_z,permute,FALSE,49,98,4.358392294643312,1.9645720550735386,10.254281996142613,-4.049328618050212,0.29414041875919283,2.5991701980174446,2.3860989979423666,0.3826173826173826,77.51399559340568,4.6941104629529226e-5,0.033932135728542916,0.06107265258637492
full,8,8,6,ok,0.9764370706395482,NA,volatilidade_juros,permute,TRUE,37,110,8.573496687593547,3.5092182186958505,23.37114031303942,-1.8103007464567815,0.45819432532950616,1.8383621612331051,3.2608877780961674,0.06293706293706294,61.3533472695636,0.0038421782808985747,0.29740518962075846,0.12290571841560144
full,8,8,6,ok,0.9764370706395482,2020-03-01,quebra_livre,rotate,TRUE,67,80,3.7092033711217267,2.3512158527595215,12.2171098011022,-3.0774182377874664,0.29763074484356367,1.4009528259214339,2.3931175560092193,0.4115884115884116,71.42039631497391,2.7079483220164373e-4,0.11776447105788423,0.055215123315837944
full,8,8,7,ok,0.9770192401191725,NA,calendario,permute,TRUE,97,49,3.331298887068559,1.6811753755105467,7.890756930246004,-3.5823802283353348,0.33344518401226264,3.349996571778789,1.939531269605299,0.32667332667332666,45.19338731966245,0.11607431719271719,0.5728542914171657,0.06309054636789166
full,8,8,7,ok,0.9770192401191725,NA,episodio_s2,rotate,TRUE,69,77,2.9598214947661696,1.86821401982554,9.898710387400946,-2.8989874921726733,0.2843659283106294,1.6261882502974796,2.5203470547050255,0.4825174825174825,76.59388858528854,6.154386751971017e-5,0.08383233532934131,0.092693303873662
full,8,8,7,ok,0.9770192401191725,NA,intensidade_z,permute,FALSE,49,97,4.115284504609059,1.8972645908787626,9.739223127068744,-4.060195641838929,0.3044838170600678,3.200065937030484,2.396243699634566,0.3646353646353646,77.89744324318208,4.190453855823783e-5,0.03592814371257485,0.10575266512730616
full,8,8,7,ok,0.9770192401191725,NA,volatilidade_juros,permute,TRUE,37,109,7.531208787872149,3.387919712222616,20.210570094094987,-1.625176682010865,0.42498463309811496,1.4835381754873562,2.98535863118918,0.08391608391608392,62.350052157561386,0.0030004608273111774,0.17764471057884232,0.21077310332531837
full,8,8,7,ok,0.9770192401191725,2022-10-01,quebra_livre,rotate,TRUE,36,110,3.568284003550485,2.090866749877474,7.2019695345621315,-3.689362542075056,0.31405532352429555,3.400979507511654,2.2785161397906872,0.37962037962037964,53.96277356902882,0.021253084388045598,0.25948103792415167,0.1441317614481363
full,8,8,8,ok,0.981143605907411,NA,calendario,permute,TRUE,96,49,3.127329457501984,1.6594634917338746,7.944134278839569,-3.0858505614841345,0.34508661414473396,2.856362813973042,1.9426204068398376,0.3246753246753247,40.90810032423344,0.22703304295209384,0.720558882235529,0.057814231747776536
full,8,8,8,ok,0.981143605907411,NA,episodio_s2,rotate,TRUE,69,76,3.1113003622633415,1.5686065597605112,8.99099302690912,-2.72411501064391,0.3282840282376655,1.9567330098188127,2.8530198284021435,0.36063936063936064,78.5902469106657,3.4103913833639655e-5,0.0658682634730539,0.163905554539966
full,8,8,8,ok,0.981143605907411,NA,intensidade_z,permute,FALSE,48,97,3.344896625258352,1.4074871566259037,9.09648219609662,-4.163237572497943,0.2866031100977158,2.8208241282266275,2.270875145742032,0.4075924075924076,77.27145494552124,5.0425509462537166e-05,0.05588822355289421,0.15204716277376057
full,8,8,8,ok,0.981143605907411,NA,volatilidade_juros,permute,TRUE,36,109,7.000652977405584,3.2470372097350184,19.288234090744623,-1.233805405588438,0.4633172154095626,1.8000828757531004,3.052937886631398,0.0899100899100899,52.59466336171801,0.02841920364103216,0.31137724550898205,0.157388993673995
full,8,8,8,ok,0.981143605907411,2022-10-01,quebra_livre,rotate,TRUE,36,109,3.2826695574904767,1.918558063261567,6.256761425938432,-3.042723255842782,0.3133509761515035,3.066757599733082,2.549753584223527,0.37162837162837165,51.53024912569923,0.035408517636816655,0.25748502994011974,0.06864431140414846
pre_covid,7,5,5,ok,1.0032498416662126,NA,calendario,permute,TRUE,52,27,0.8625860453313239,0.7470001793345035,2.054207911777943,-0.49101293722053463,0.3409985633962357,1.1326407692724336,2.954315665469858,0.46153846153846156,13.276692713215432,0.5048616361401199,0.626746506986028,0.15233166067874337
pre_covid,7,5,5,regime_unavailable,NA,NA,episodio_s2,NA,NA,NA,NA,NA,NA,NA,NA,NA,NA,NA,NA,NA,NA,NA,NA
pre_covid,7,5,5,ok,1.0032498416662126,NA,intensidade_z,permute,FALSE,26,53,1.5833167577860152,0.9555406033076757,3.9578102088778877,-0.7002610799755264,0.3590099833157287,1.3340766793239254,4.178237974531868,0.028971028971028972,29.33112623853665,0.009423265420741627,0.12974051896207583,0.2971624140956333
pre_covid,7,5,5,ok,1.0032498416662126,NA,volatilidade_juros,permute,TRUE,20,59,1.5611966887442363,0.9522835909050009,3.7398884217311203,-0.5308255550587513,0.4327781786591148,1.9147442190153026,3.563043074676568,0.14485514485514486,14.784276837441961,0.39305842812474484,0.6626746506986028,0.12801338952007596
pre_covid,7,5,5,ok,1.0032498416662126,2018-05-01,quebra_livre,rotate,TRUE,20,59,1.4261853354286285,0.2569076336143702,3.6658202954335772,-0.951170164757824,0.4467398966167662,44.881792373289,3.2319374241843435,0.4245754245754246,28.367652689212463,0.012710735229275646,0.10978043912175649,0.22824046876161833
pre_covid,7,5,6,ok,0.9961434692050952,NA,calendario,permute,TRUE,52,26,0.8120959385401579,0.6605349350151297,1.9618971120641016,-0.5336696816273325,0.3552914921312051,1.6786422867858888,2.736096003685652,0.5374625374625375,9.843346742193528,0.7735445614949055,0.8063872255489022,0.14248936588342878
pre_covid,7,5,6,regime_unavailable,NA,NA,episodio_s2,NA,NA,NA,NA,NA,NA,NA,NA,NA,NA,NA,NA,NA,NA,NA,NA
pre_covid,7,5,6,ok,0.9961434692050952,NA,intensidade_z,permute,FALSE,26,52,1.6195837338255967,0.8747361431195337,3.7212821823512563,-0.578673820491455,0.3924098850724292,1.3867376185879163,4.3887730582841895,0.017982017982017984,26.63603898248722,0.02146048936936206,0.18163672654690619,0.333610638279024
pre_covid,7,5,6,ok,0.9961434692050952,NA,volatilidade_juros,permute,TRUE,20,58,1.3302362698994756,0.6284684205410078,3.73758742286852,-0.6574608168917246,0.35195638596995,1.341201840118889,3.0344594707441823,0.2707292707292707,18.21494160322322,0.1971659141890485,0.5269461077844312,0.24254177787484454
pre_covid,7,5,6,ok,0.9961434692050952,2018-05-01,quebra_livre,rotate,TRUE,20,58,1.3413685321222508,0.6157207156499005,3.345560181326407,-0.7273363499785803,0.3683635029284887,2.0025675933573295,3.0605696190953453,0.3646353646353646,23.225153856935407,0.056703261316355565,0.18962075848303392,0.20279898493879123
pre_covid,7,5,7,ok,0.9889588658198609,NA,calendario,permute,TRUE,51,26,0.8153239960082009,0.6784985913386121,1.7716682005170263,-0.6637739218561233,0.28972906968921963,1.3044633566591926,2.747327856771582,0.45054945054945056,15.49455955167432,0.3452042299205459,0.4530938123752495,0.20863039449918921
pre_covid,7,5,7,regime_unavailable,NA,NA,episodio_s2,NA,NA,NA,NA,NA,NA,NA,NA,NA,NA,NA,NA,NA,NA,NA,NA
pre_covid,7,5,7,ok,0.9889588658198609,NA,intensidade_z,permute,FALSE,26,51,1.4552003983614217,0.9166900858034659,2.8830588238307215,-0.7880882391749275,0.4017574779804585,1.599241562949723,3.942822891111302,0.027972027972027972,27.97431480271894,0.01434000658482109,0.07984031936127745,0.38041459291710245
pre_covid,7,5,7,ok,0.9889588658198609,NA,volatilidade_juros,permute,TRUE,19,58,0.914965380491265,0.2764770156281333,2.7835293543549735,-0.8183121170067261,0.29498699595535244,1.525567493144916,2.174414712799429,0.5494505494505495,17.25477713277628,0.24285486197935416,0.4590818363273453,0.22150032287837612
pre_covid,7,5,7,ok,0.9889588658198609,2017-04-01,quebra_livre,rotate,TRUE,33,44,1.3962021166158811,0.9385953094950958,2.468290486579499,-0.7471202750050239,0.42016724452686455,2.862245473045544,4.366788910144393,0.012987012987012988,29.543034567304083,0.008816726291060192,0.03792415169660679,0.13795357561011368
pre_covid,7,5,8,ok,0.989499593504883,NA,calendario,permute,TRUE,50,26,0.7885112434557157,0.7101014110413197,1.6771413754752604,-0.37644985818745136,0.36667885091055785,1.7099707187246815,2.608876107105032,0.5514485514485514,8.079186326993874,0.8851598894341122,0.8702594810379242,0.027384869507935613
pre_covid,7,5,8,regime_unavailable,NA,NA,episodio_s2,NA,NA,NA,NA,NA,NA,NA,NA,NA,NA,NA,NA,NA,NA,NA,NA
pre_covid,7,5,8,ok,0.989499593504883,NA,intensidade_z,permute,FALSE,25,51,1.3103738365623232,0.6446381279617471,2.8445215560713653,-0.6871410269540724,0.41114303694761967,2.3601549479382076,3.3268872715615063,0.11988011988011989,20.143666216379337,0.12567663363161202,0.3253493013972056,0.205936830559746
pre_covid,7,5,8,ok,0.989499593504883,NA,volatilidade_juros,permute,TRUE,19,57,1.0096067071965653,0.46205136969571325,3.033878508117611,-0.7028000375385435,0.35800897088210265,1.697694325338701,2.314750092371311,0.5114885114885115,14.390445104152425,0.4210460732467565,0.5169660678642715,0.26415594682432697
pre_covid,7,5,8,ok,0.989499593504883,2017-05-01,quebra_livre,rotate,TRUE,32,44,1.4519516336098328,0.9966553849147516,2.6061384556849205,-0.6440063185792554,0.43284280898867716,1.8677734945396545,4.594309629201037,0.23576423576423577,29.119645920881247,0.010067644861172122,0.06387225548902195,0.3200375349190907
pre_covid,7,6,5,ok,1.0032498416662126,NA,calendario,permute,TRUE,52,27,0.8973112373020096,0.8096260693676871,2.2090923602867747,-0.5430568845140428,0.26365267322514657,1.1676601367544333,3.1476333345715064,0.5564435564435565,17.662713210182588,0.6096161549031809,0.7065868263473054,0.1719885793738016
pre_covid,7,6,5,regime_unavailable,NA,NA,episodio_s2,NA,NA,NA,NA,NA,NA,NA,NA,NA,NA,NA,NA,NA,NA,NA,NA
pre_covid,7,6,5,ok,1.0032498416662126,NA,intensidade_z,permute,FALSE,26,53,1.6246461794596154,1.1930479062592492,4.255819955641053,-0.7067530870371228,0.305913183393207,1.2887123836940115,4.3597590234152195,0.04095904095904096,33.416346144032,0.030354861154721167,0.26147704590818366,0.1711084888465286
pre_covid,7,6,5,ok,1.0032498416662126,NA,volatilidade_juros,permute,TRUE,20,59,1.5694368686008906,1.1134995056212336,4.622192564435373,-0.653277773828836,0.3170061798118202,1.3258760981136501,3.5704771049508857,0.2627372627372627,21.41787043446862,0.3729144174259689,0.7125748502994012,0.24686812293310637
pre_covid,7,6,5,ok,1.0032498416662126,2018-05-01,quebra_livre,rotate,TRUE,20,59,1.550729576614395,0.6427526542829483,4.195124826275843,-1.0566525051986044,0.3435553875521774,1.9342653350636079,3.5808515390610065,0.5174825174825175,40.54776485785293,0.004256206858073395,0.09580838323353294,0.3449469837799847
pre_covid,7,6,6,ok,0.9961434692050952,NA,calendario,permute,TRUE,52,26,0.8130734283341534,0.7820752642339872,2.01115213095787,-0.6559398051849986,0.29362187974145615,1.338258909891249,2.7429689835659166,0.7362637362637363,12.093763219897154,0.9128109013459353,0.9281437125748503,0.02645311328661205
pre_covid,7,6,6,regime_unavailable,NA,NA,episodio_s2,NA,NA,NA,NA,NA,NA,NA,NA,NA,NA,NA,NA,NA,NA,NA,NA
pre_covid,7,6,6,ok,0.9961434692050952,NA,intensidade_z,permute,FALSE,26,52,1.6725546262477873,1.2300071287151892,3.902000581041091,-0.5992273579019314,0.3237919424390317,1.3225049986937272,4.624444388126901,0.015984015984015984,32.50583578151246,0.0381977135899275,0.24550898203592814,0.16039430518240017
pre_covid,7,6,6,ok,0.9961434692050952,NA,volatilidade_juros,permute,TRUE,20,58,1.4002460078457863,0.8264039481953194,3.822791579700136,-0.7046888083456271,0.3045927747077425,1.2256412210980547,3.1393284137056643,0.3116883116883117,25.660057050663916,0.1773349258923594,0.5249500998003992,0.1664918533773226
pre_covid,7,6,6,ok,0.9961434692050952,2018-05-01,quebra_livre,rotate,TRUE,20,58,1.3909641779476447,0.7486554262529209,3.483194323101678,-0.7990216118414345,0.3471278162431347,1.768432158282661,3.1789747234279,0.3166833166833167,28.01952009818233,0.10893809292980094,0.281437125748503,0.18948615858890966
pre_covid,7,6,7,ok,0.9889588658198609,NA,calendario,permute,TRUE,51,26,0.8409008582837398,0.8165220856920105,1.8335735441771694,-0.7519731181960452,0.26193891239742667,1.1952479738194424,2.857455858848035,0.6303696303696303,18.932503469176876,0.5262171979179157,0.6487025948103793,0.19224308463626164
pre_covid,7,6,7,regime_unavailable,NA,NA,episodio_s2,NA,NA,NA,NA,NA,NA,NA,NA,NA,NA,NA,NA,NA,NA,NA,NA
pre_covid,7,6,7,ok,0.9889588658198609,NA,intensidade_z,permute,FALSE,26,51,1.5705976841195923,1.0561148762086108,2.9872453013647484,-0.8548523346900065,0.35338742007298696,1.726005221021331,4.319486255261139,0.03196803196803197,34.74571364998939,0.02150116809200702,0.1277445109780439,0.20567276227945333
pre_covid,7,6,7,ok,0.9889588658198609,NA,volatilidade_juros,permute,TRUE,19,58,1.0517310673674527,0.5731538842818935,3.1727807736113975,-0.820627548336351,0.26626728800133,1.1615713618698889,2.383293232190802,0.5944055944055944,23.994635138479808,0.24262658914858057,0.4471057884231537,0.09535023388383455
pre_covid,7,6,7,ok,0.9889588658198609,2017-04-01,quebra_livre,rotate,TRUE,33,44,1.4206729065398505,1.0594891309051937,2.547069605531891,-0.8142940518516022,0.3768347407693694,1.9379819447759354,4.511822840315225,9.99000999000999e-4,34.94234908662884,0.020413478995628672,0.08183632734530938,0.2801075400739723
pre_covid,7,6,8,ok,0.989499593504883,NA,calendario,permute,TRUE,50,26,1.0458129544386665,0.9614958204888548,1.8093758238781454,-1.2812654977735691,0.2695057762128257,1.4317640145133035,4.441332583731088,0.1958041958041958,30.45378760041011,0.06282681492279561,0.25149700598802394,0.16541220008388044
pre_covid,7,6,8,regime_unavailable,NA,NA,episodio_s2,NA,NA,NA,NA,NA,NA,NA,NA,NA,NA,NA,NA,NA,NA,NA,NA
pre_covid,7,6,8,ok,0.989499593504883,NA,intensidade_z,permute,FALSE,25,51,1.4881728272644477,1.0779951452820007,3.0963911040269227,-1.022278919933789,0.33487125765401266,1.7003499666477149,3.8720498138546664,0.08491508491508491,36.38212171494349,0.013864360359411012,0.12974051896207583,0.2238195241863919
pre_covid,7,6,8,ok,0.989499593504883,NA,volatilidade_juros,permute,TRUE,19,57,1.1720686384791654,0.6643247202490299,3.131209391306971,-0.987814442724324,0.31005994800785525,1.9104547286684908,2.609661943446611,0.5434565434565435,25.73401694537931,0.17477727697683373,0.3652694610778443,0.2772123759056135
pre_covid,7,6,8,ok,0.989499593504883,2017-05-01,quebra_livre,rotate,TRUE,32,44,1.4965165244337264,1.0847743182901093,2.7694937998790286,-0.6827812673138511,0.37001859874543475,1.8972217096749557,4.881893372661424,0.13286713286713286,37.097575501056276,0.011390708640957084,0.08782435129740519,0.07993212112646882
pre_covid,7,7,5,ok,1.0032498416662126,NA,calendario,permute,TRUE,52,27,4.751282159994528,2.058937315418193,10.367594690218656,-1.2340043976075372,0.49165114620199946,3.0436847688646997,2.6518987510861427,0.08091908091908091,25.00102649109217,0.5744044590952996,0.7465069860279441,0.1348380103525286
pre_covid,7,7,5,regime_unavailable,NA,NA,episodio_s2,NA,NA,NA,NA,NA,NA,NA,NA,NA,NA,NA,NA,NA,NA,NA,NA
pre_covid,7,7,5,ok,1.0032498416662126,NA,intensidade_z,permute,FALSE,26,53,8.06836749977344,2.908732663037087,19.476707705621834,-1.5366384387908871,0.5246345606081618,3.2206591885688614,3.5897325257199375,0.015984015984015984,42.36169345245793,0.03030993436937406,0.2654690618762475,0.17573716461883443
pre_covid,7,7,5,ok,1.0032498416662126,NA,volatilidade_juros,permute,TRUE,20,59,7.388360124813868,2.4435807618118126,17.959792211901753,-1.8488162730832702,0.5119857020608412,3.1560028781613836,2.8005584216606514,0.07992007992007992,32.59511752339607,0.2107604355858153,0.6506986027944112,0.14351020026199635
pre_covid,7,7,5,ok,1.0032498416662126,2018-05-01,quebra_livre,rotate,TRUE,20,59,6.054752976597856,1.1499288143498485,17.06132570358674,-3.0210347337597336,0.5021166225740938,6.69953956589511,2.862723931722932,0.14785214785214784,49.534019943241354,0.005148606978560091,0.16167664670658682,0.08854947251805087
pre_covid,7,7,6,ok,0.9961434692050952,NA,calendario,permute,TRUE,52,26,4.391373538598103,1.7978807366888079,9.336068282235665,-1.3983826559381,0.5532036452127965,4.228363181412518,2.7287905838007624,0.056943056943056944,27.58534698093318,0.4325822963704209,0.6926147704590818,0.09093048742258
pre_covid,7,7,6,regime_unavailable,NA,NA,episodio_s2,NA,NA,NA,NA,NA,NA,NA,NA,NA,NA,NA,NA,NA,NA,NA,NA
pre_covid,7,7,6,ok,0.9961434692050952,NA,intensidade_z,permute,FALSE,26,52,7.449327931357829,2.636480810321242,16.7647457394508,-1.8703572928705838,0.5659504458486923,4.64221453555198,3.781949269648642,0.01098901098901099,40.43735331171878,0.0466038851162354,0.31137724550898205,0.16100709586754772
pre_covid,7,7,6,ok,0.9961434692050952,NA,volatilidade_juros,permute,TRUE,20,58,5.739279314171779,1.5540667746952557,14.189321390817945,-2.036677223721327,0.4899420363670344,3.99340591113143,2.6051869492712156,0.15584415584415584,40.97994980731314,0.04136897804602312,0.31137724550898205,0.07560831473205422
pre_covid,7,7,6,ok,0.9961434692050952,2018-05-01,quebra_livre,rotate,TRUE,20,58,6.283641226021937,1.4461485996716714,15.951861422365603,-1.3673449536800166,0.5895113350066764,6.827912203378006,2.783927383660266,0.04595404595404595,36.01287570583336,0.11501784929519344,0.36127744510978044,0.03501397857785157
pre_covid,7,7,7,ok,0.9889588658198609,NA,calendario,permute,TRUE,51,26,3.6050960312478035,1.7683552537187985,7.284849203370004,-1.0399855588731286,0.5449476656484714,3.848504063941272,2.6887174963367655,0.02097902097902098,31.485107627903997,0.2516901684271336,0.5389221556886228,0.05962899603788621
pre_covid,7,7,7,regime_unavailable,NA,NA,episodio_s2,NA,NA,NA,NA,NA,NA,NA,NA,NA,NA,NA,NA,NA,NA,NA,NA
pre_covid,7,7,7,ok,0.9889588658198609,NA,intensidade_z,permute,FALSE,26,51,4.263576251302782,1.7097112801635017,9.332671019538648,-1.091508436856417,0.5280324005646749,2.9756468680223316,2.8386797601122926,0.04695304695304695,40.00135004059764,0.051221999278371545,0.2634730538922156,0.28582528255371364
pre_covid,7,7,7,ok,0.9889588658198609,NA,volatilidade_juros,permute,TRUE,19,58,3.8161699837155645,0.8991586645153531,10.295706191824706,-1.4511683615173214,0.49367470503699845,4.010515511075303,2.074427995868131,0.13286713286713286,34.0423170052262,0.16482068724284202,0.41317365269461076,0.19792346850299136
pre_covid,7,7,7,ok,0.9889588658198609,2018-05-01,quebra_livre,rotate,TRUE,20,57,4.933913567333088,1.0818744276416976,11.049129253760906,-1.7137494267166022,0.544873802955649,7.22628397317274,2.5461903493825857,0.015984015984015984,38.73951944769023,0.0668943821215472,0.3772455089820359,0.038168995169250416
pre_covid,7,7,8,ok,0.989499593504883,NA,calendario,permute,TRUE,50,26,2.563710644200392,1.480494641589619,5.058572422909151,-0.6645037647963743,0.49913922602335636,2.581553768399295,2.1397708547955268,0.08491508491508491,41.45994810308998,0.03717740903626689,0.3013972055888224,0.09834366465327718
pre_covid,7,7,8,regime_unavailable,NA,NA,episodio_s2,NA,NA,NA,NA,NA,NA,NA,NA,NA,NA,NA,NA,NA,NA,NA,NA
pre_covid,7,7,8,ok,0.989499593504883,NA,intensidade_z,permute,FALSE,25,51,2.2206163621737076,0.9143203087961381,5.739845276397299,-1.1130457065794765,0.42684778907372795,2.754211111936392,2.1926749019199168,0.22477522477522477,45.0001281514229,0.01626004671347911,0.18363273453093812,0.17127134093021712
pre_covid,7,7,8,ok,0.989499593504883,NA,volatilidade_juros,permute,TRUE,19,57,2.4902316131893762,0.6653678246770973,6.819405089400388,-1.07170425733784,0.4785663369874131,2.7713416977453353,1.7080179599399252,0.21078921078921078,36.29948576444114,0.10890363212867446,0.32934131736526945,0.09970787094658408
pre_covid,7,7,8,ok,0.989499593504883,2015-05-01,quebra_livre,rotate,TRUE,56,20,3.507652586295201,2.1420937048434405,5.58244712111504,-0.9795532453663612,0.6171009973705981,5.380692410369469,4.052490902470766,0.012987012987012988,57.03033519357325,6.374978208079635e-4,0.18962075848303392,0.052594934506522674
pre_covid,8,5,5,ok,1.0012398235443114,NA,calendario,permute,TRUE,52,27,0.853181803280071,0.7644428030634431,1.978456941553869,-1.0998387784446546,0.27317918678256575,1.3259172566364374,2.9063329221996668,0.5104895104895105,18.24026554189994,0.19605599198599155,0.47105788423153694,0.2487038899937587
pre_covid,8,5,5,regime_unavailable,NA,NA,episodio_s2,NA,NA,NA,NA,NA,NA,NA,NA,NA,NA,NA,NA,NA,NA,NA,NA
pre_covid,8,5,5,ok,1.0012398235443114,NA,intensidade_z,permute,FALSE,26,53,1.5847130752257415,0.9933306691227058,3.856040780682682,-0.5170280253531878,0.41283199493630784,1.2786651978872456,4.179965904106382,0.03896103896103896,22.917612748955154,0.06162359454394329,0.2834331337325349,0.2737452756985578
pre_covid,8,5,5,ok,1.0012398235443114,NA,volatilidade_juros,permute,TRUE,20,59,1.794976743375798,0.7051168611112523,4.714649582788294,-0.7112434987129332,0.44175334690252227,1.7872635885003745,4.149098842666517,0.06793206793206794,26.611526132084286,0.02161723292585976,0.2894211576846307,0.311853551122144
pre_covid,8,5,5,ok,1.0012398235443114,2018-05-01,quebra_livre,rotate,TRUE,20,59,1.254091870955769,0.2390770538215819,3.3223227632747125,-1.1252129808517222,0.3371031679182183,7.892735616087075,2.839835962495768,0.5944055944055944,37.7088548809694,5.756902777479112e-4,0.021956087824351298,0.4334430423210604
pre_covid,8,5,6,ok,1.0004213610615593,NA,calendario,permute,TRUE,52,26,0.8674293354931346,0.7152890145753558,1.706858130848621,-1.2050203638813808,0.28844486754495424,1.4022917359252431,3.100350018325925,0.42857142857142855,20.293041044874208,0.1211699120650341,0.3073852295409182,0.16502524779523506
pre_covid,8,5,6,regime_unavailable,NA,NA,episodio_s2,NA,NA,NA,NA,NA,NA,NA,NA,NA,NA,NA,NA,NA,NA,NA,NA
pre_covid,8,5,6,ok,1.0004213610615593,NA,intensidade_z,permute,FALSE,26,52,1.402993013241925,0.9574953846192304,3.1291761973032592,-0.6793903610042271,0.404663998408482,1.6923806166940432,3.5489099686510537,0.0989010989010989,18.774692015444757,0.17373824999522644,0.39520958083832336,0.21293358762108922
pre_covid,8,5,6,ok,1.0004213610615593,NA,volatilidade_juros,permute,TRUE,20,58,1.016253226842026,0.5196120737978087,3.190847677812726,-0.897376427372963,0.3218672276374986,1.3694098950078488,2.3546535300098728,0.5544455544455544,19.058177166300457,0.16273816145436198,0.45109780439121755,0.19279685475757669
pre_covid,8,5,6,ok,1.0004213610615593,2018-04-01,quebra_livre,rotate,TRUE,21,57,1.1714441582217232,0.5718781073256685,2.947514308835487,-0.937238483852816,0.3313183562817898,1.3958847722297159,2.7162089641045992,0.3026973026973027,24.737073196682058,0.037253549780702076,0.17165668662674652,0.23312872764648548
pre_covid,8,5,7,ok,0.9967900156784064,NA,calendario,permute,TRUE,51,26,0.6434057896321271,0.6206133514414796,1.6613990907138714,-1.1569077756782558,0.21216207347205002,1.1445603218811977,2.1037977544167275,0.7392607392607392,16.08358807775016,0.30829634143238044,0.3393213572854291,0.08962436642052987
pre_covid,8,5,7,regime_unavailable,NA,NA,episodio_s2,NA,NA,NA,NA,NA,NA,NA,NA,NA,NA,NA,NA,NA,NA,NA,NA
pre_covid,8,5,7,ok,0.9967900156784064,NA,intensidade_z,permute,FALSE,26,51,1.250043148810334,0.754579895795331,2.404377322476004,-0.5979438696302055,0.4813951902491859,2.920521447882111,3.186146820839911,0.08191808191808192,17.018674073471303,0.2551840810187291,0.3812375249500998,0.25450738564112246
pre_covid,8,5,7,ok,0.9967900156784064,NA,volatilidade_juros,permute,TRUE,19,58,0.5011008628035578,0.26024320683220337,1.9631067079937206,-0.7408205191272013,0.23277027252315263,2.018843087002813,1.5611792653629508,0.913086913086913,9.50505147689452,0.7974015219859105,0.8043912175648703,0.19273094368285906
pre_covid,8,5,7,ok,0.9967900156784064,2017-10-01,quebra_livre,rotate,TRUE,27,50,1.1274003491625246,0.7863439491118754,2.3251467443906293,-0.5652191330414169,0.40442269345032344,1.5202939952030208,2.8382715792892106,0.08591408591408592,15.24654497617362,0.36151159016327583,0.5049900199600799,0.29691141510726754
pre_covid,8,5,8,ok,1.0105249196033776,NA,calendario,permute,TRUE,50,26,0.8358563798522909,0.7132458201902041,1.6423067550050567,-0.9811916865073397,0.2616639006473605,1.3759349443482285,2.831180157684985,0.3546453546453546,18.600172526841614,0.1807962730473477,0.2375249500998004,0.20486000258824308
pre_covid,8,5,8,regime_unavailable,NA,NA,episodio_s2,NA,NA,NA,NA,NA,NA,NA,NA,NA,NA,NA,NA,NA,NA,NA,NA
pre_covid,8,5,8,ok,1.0105249196033776,NA,intensidade_z,permute,FALSE,25,51,1.1788628483991204,0.8321679404809307,2.647088525277935,-0.5242724422535763,0.371052377021763,1.2777184437560543,2.8921840439757758,0.13886113886113885,14.75341067637879,0.395216198029065,0.48502994011976047,0.2067903999912797
pre_covid,8,5,8,ok,1.0105249196033776,NA,volatilidade_juros,permute,TRUE,19,57,0.49254237933213424,0.2674029235998515,1.625647530476502,-1.0242302850564386,0.19707350725231548,2.432268858544001,1.5511235765688711,0.922077922077922,17.061018450153636,0.2529407583333257,0.32934131736526945,0.21991152811119744
pre_covid,8,5,8,ok,1.0105249196033776,2016-12-01,quebra_livre,rotate,TRUE,37,39,1.0761892087094427,0.8727467558509233,2.1469041580575414,0.003436536193271998,0.45572397873734605,1.4545834936363904,3.1977966826228004,9.99000999000999e-4,8.630277544692074,0.8539811555365397,0.844311377245509,0.1350072127575138
pre_covid,8,6,5,ok,1.0012398235443114,NA,calendario,permute,TRUE,52,27,0.9338540649367515,0.869205340065518,2.094300100258157,-1.178433918947856,0.2596286757142184,1.3407811925702202,3.3825484596739472,0.5404595404595405,23.41693082632037,0.26878893634524914,0.624750499001996,0.07939043649249161
pre_covid,8,6,5,regime_unavailable,NA,NA,episodio_s2,NA,NA,NA,NA,NA,NA,NA,NA,NA,NA,NA,NA,NA,NA,NA,NA
pre_covid,8,6,5,ok,1.0012398235443114,NA,intensidade_z,permute,FALSE,26,53,1.585185000039269,1.1893253933981118,3.982745469241991,-0.5298884012243674,0.33806220009835636,1.18231971726184,4.181997092076415,0.0939060939060939,24.70289535153114,0.2130347776086309,0.5489021956087824,0.2045651901753798
pre_covid,8,6,5,ok,1.0012398235443114,NA,volatilidade_juros,permute,TRUE,20,59,1.8164907102243197,0.8147561113514423,4.810682508296294,-0.8538018334234432,0.41522822943810206,1.7997586146005877,4.221292157485912,0.1068931068931069,32.62745969476417,0.03705439594603736,0.37524950099800397,0.1828983316858543
pre_covid,8,6,5,ok,1.0012398235443114,2018-04-01,quebra_livre,rotate,TRUE,21,58,1.3454668895617268,0.73135091276583,3.7332631011284154,-1.2229258185169092,0.24913768386922952,1.1295438802092905,3.039754851507519,0.5524475524475524,55.77174867018158,3.146058641240043e-5,0.017964071856287425,0.09128195952433092
pre_covid,8,6,6,ok,1.0004213610615593,NA,calendario,permute,TRUE,52,26,1.1414860094632977,0.8769556315893338,1.9469712549340663,-1.428131330223449,0.2796395812699138,1.8231260141776389,5.627853264353635,0.05194805194805195,39.89367497546822,0.005152297829529629,0.10379241516966067,0.011435395864215967
pre_covid,8,6,6,regime_unavailable,NA,NA,episodio_s2,NA,NA,NA,NA,NA,NA,NA,NA,NA,NA,NA,NA,NA,NA,NA,NA
pre_covid,8,6,6,ok,1.0004213610615593,NA,intensidade_z,permute,FALSE,26,52,1.4585508123681081,1.066337990260704,3.34733936687235,-0.6794006089835096,0.34595925329315674,1.4136963300618244,3.7626592711163087,0.12687312687312688,24.420294568716777,0.22451475682954206,0.4750499001996008,0.3076281295760668
pre_covid,8,6,6,ok,1.0004213610615593,NA,volatilidade_juros,permute,TRUE,20,58,1.1108185080100346,0.6654478140852886,3.629698387447772,-0.9341174469695106,0.29491077922050923,1.1309678978329905,2.531660383807891,0.5974025974025974,24.017084264462923,0.24164668043501486,0.5069860279441117,0.098682708015368
pre_covid,8,6,6,ok,1.0004213610615593,2018-04-01,quebra_livre,rotate,TRUE,21,57,1.213869365955256,0.6807760176574524,3.008275399609599,-0.9799586504985658,0.30964488505470644,1.4063922989086735,2.811154064932924,0.5484515484515484,28.87703052890317,0.09020903754836157,0.36127744510978044,0.13001012067585999
pre_covid,8,6,7,ok,0.9967900156784064,NA,calendario,permute,TRUE,51,26,0.8778623071739469,0.7509251463858294,1.8629298662596394,-1.1602952509949116,0.21283346468337908,1.3825588608649448,3.081792132563679,0.5004995004995005,28.714104370541545,0.09354324209956373,0.19161676646706588,0.07827799052415509
pre_covid,8,6,7,regime_unavailable,NA,NA,episodio_s2,NA,NA,NA,NA,NA,NA,NA,NA,NA,NA,NA,NA,NA,NA,NA,NA
pre_covid,8,6,7,ok,0.9967900156784064,NA,intensidade_z,permute,FALSE,26,51,1.2665485792572544,0.9067620290949729,2.9170968193843274,-0.7908914306327695,0.36072567220835156,1.6451317879798686,3.2537674938520618,0.1958041958041958,23.836324748089606,0.24961498749807118,0.4411177644710579,0.21743454501655116
pre_covid,8,6,7,ok,0.9967900156784064,NA,volatilidade_juros,permute,TRUE,19,58,0.7512783858040104,0.48553422244075023,2.1913524074924,-0.8306729105458431,0.2708848537169115,2.3884287144910283,1.9173761990704514,0.8691308691308691,14.63313463661557,0.797000804822422,0.7844311377245509,0.24690002493800395
pre_covid,8,6,7,ok,0.9967900156784064,2018-01-01,quebra_livre,rotate,TRUE,24,53,1.1563099293310248,0.8337016111273967,3.009029370718837,-0.966957150876107,0.28322414312009864,1.2831661127584248,2.757717953094851,0.3966033966033966,28.305275718595656,0.10236752679383744,0.3812375249500998,0.19264000500595876
pre_covid,8,6,8,ok,1.0105249196033776,NA,calendario,permute,TRUE,50,26,1.0415151076048497,0.9328772865059338,1.8915974189884925,-1.0083542793487985,0.2268820923270267,1.2460470567571986,4.220364838302229,0.15184815184815184,33.697461562158274,0.028245577711999516,0.15169660678642716,0.14555442164472787
pre_covid,8,6,8,regime_unavailable,NA,NA,episodio_s2,NA,NA,NA,NA,NA,NA,NA,NA,NA,NA,NA,NA,NA,NA,NA,NA
pre_covid,8,6,8,ok,1.0105249196033776,NA,intensidade_z,permute,FALSE,25,51,1.2312276983476715,0.9456971305622124,2.7423643427896973,-0.5275090682340926,0.3421031864791646,1.3162483781432064,3.0103537827641462,0.2077922077922078,18.871447278734532,0.5301956853375049,0.5948103792415169,0.10303179284938399
pre_covid,8,6,8,ok,1.0105249196033776,NA,volatilidade_juros,permute,TRUE,19,57,0.8233128971547281,0.41158568869209267,2.1718546186097587,-1.027177254756435,0.22074617182732287,2.464851359718208,2.01252327120118,0.8351648351648352,27.885600375899244,0.11213522880007584,0.2315369261477046,0.16562589950627077
pre_covid,8,6,8,ok,1.0105249196033776,2018-02-01,quebra_livre,rotate,TRUE,23,53,1.3719130889609357,0.93573182536944155,2.7046976914922354,-0.5460715996320117,0.44809962297622147,2.3945939328095145,3.273742402470155,0.23476523476523475,19.746774854350544,0.4738670538131718,0.6307385229540918,0.11926430539808407
pre_covid,8,7,5,ok,1.0012398235443114,NA,calendario,permute,TRUE,52,27,1.0320811904131988,1.025028477599923,2.2504755330861617,-1.215323460779951,0.23811281775254461,1.4169612711602335,4.150366533944432,0.4595404595404595,30.225370324663714,0.30412306909683606,0.6866267465069861,0.12343299888749108
pre_covid,8,7,5,regime_unavailable,NA,NA,episodio_s2,NA,NA,NA,NA,NA,NA,NA,NA,NA,NA,NA,NA,NA,NA,NA,NA
pre_covid,8,7,5,ok,1.0012398235443114,NA,intensidade_z,permute,FALSE,26,53,1.586167185086018,1.3070546261228015,4.374101343068256,-0.65562073061456,0.2966720067079076,1.1162052626290915,4.187613261746309,0.14985014985014986,30.99950548302215,0.2711589054032673,0.6027944111776448,0.1359996372085439
pre_covid,8,7,5,ok,1.0012398235443114,NA,volatilidade_juros,permute,TRUE,20,59,1.8258950779642291,1.0747428259282743,5.2686448374341825,-0.8704980109804425,0.34741931055562514,1.3525331476363913,4.253983736425059,0.1918081918081918,39.055852078661445,0.0626220006943288,0.47904191616766467,0.1354458374064988
pre_covid,8,7,5,ok,1.0012398235443114,2018-04-01,quebra_livre,rotate,TRUE,21,58,1.362957636854194,0.8619006686885586,3.7476285321384255,-1.2334728027254824,0.22692054723628974,1.125944173319218,3.0822256057313124,0.6473526473526473,63.463862245504124,9.109541170769346e-5,0.04590818363273453,0.09640531905442089
pre_covid,8,7,6,ok,1.0004213610615593,NA,calendario,permute,TRUE,52,26,1.148209548521906,0.9901652117576412,2.0073552397288026,-1.4718259939862735,0.248390644495852,1.723777728586861,5.734579590291217,0.12387612387612387,43.03614300250406,0.02594008551974832,0.2654690618762475,0.0806387922467587
pre_covid,8,7,6,regime_unavailable,NA,NA,episodio_s2,NA,NA,NA,NA,NA,NA,NA,NA,NA,NA,NA,NA,NA,NA,NA,NA
pre_covid,8,7,6,ok,1.0004213610615593,NA,intensidade_z,permute,FALSE,26,52,1.4981120616839199,1.210576392302521,3.5135110866824113,-0.9364850898115487,0.2886231155754631,1.3707906465286825,3.8966488261182946,0.17582417582417584,34.692695693917784,0.1468224567797217,0.4231536926147705,0.1802557752263005
pre_covid,8,7,6,ok,1.0004213610615593,NA,volatilidade_juros,permute,TRUE,20,58,1.263110706580494,0.8408141980308141,3.633514080525357,-0.9363303686609439,0.2703892880602936,1.280362265814765,2.812801164433546,0.5964035964035964,29.38819453108647,0.3423315778695317,0.6167664670658682,0.1835092639007104
pre_covid,8,7,6,ok,1.0004213610615593,2018-04-01,quebra_livre,rotate,TRUE,21,57,1.2390106725441679,0.8057451812895728,3.2907718526637595,-1.0151712014044838,0.25348104710341884,1.3647005341529026,2.8511846222647295,0.5734265734265734,37.59162159499913,0.08454326889695722,0.3972055888223553,0.17709743776395867
pre_covid,8,7,7,ok,0.9967900156784064,NA,calendario,permute,TRUE,51,26,0.968601170979468,0.9387006904514741,1.9012140929670671,-1.168283428082117,0.20242037951642497,1.2635544909594918,3.6415261505808045,0.4865134865134865,35.23870123214181,0.1329217982040008,0.3013972055888224,0.24615550997134594
pre_covid,8,7,7,regime_unavailable,NA,NA,episodio_s2,NA,NA,NA,NA,NA,NA,NA,NA,NA,NA,NA,NA,NA,NA,NA,NA
pre_covid,8,7,7,ok,0.9967900156784064,NA,intensidade_z,permute,FALSE,26,51,1.2778276101985722,0.9954298773679646,3.0117032085661632,-0.8926873852450945,0.32147406772670756,1.546392120696747,3.2676448434422958,0.3096903096903097,29.50981760138766,0.3366222164822591,0.5409181636726547,0.10790958085541208
pre_covid,8,7,7,ok,0.9967900156784064,NA,volatilidade_juros,permute,TRUE,19,58,1.0949448129049903,0.7077779229892867,2.6323040277185834,-0.8339708689806681,0.26780704565482044,2.6755699516549405,2.4759120021125565,0.7482517482517482,23.165278485071138,0.676101915242134,0.7664670658682635,0.09856135744106935
pre_covid,8,7,7,ok,0.9967900156784064,2018-02-01,quebra_livre,rotate,TRUE,23,54,1.728958494765616,1.1305974724199612,3.7396323029995253,-1.1408973841182564,0.321348158313824,1.671863399913353,4.4188081090201505,9.99000999000999e-4,49.83883991478754,0.0047497646901305856,0.13972055888223553,0.05354772905747308
pre_covid,8,7,8,ok,1.0105249196033776,NA,calendario,permute,TRUE,50,26,1.1983777162163567,1.0169979163442462,2.1134746668693953,-1.0598953065870873,0.23270925430360198,1.3060256052224892,6.447535019633154,0.03696303696303696,52.83679449344285,0.0021058443366949093,0.10379241516966067,0.15784474829135456
pre_covid,8,7,8,regime_unavailable,NA,NA,episodio_s2,NA,NA,NA,NA,NA,NA,NA,NA,NA,NA,NA,NA,NA,NA,NA,NA
pre_covid,8,7,8,ok,1.0105249196033776,NA,intensidade_z,permute,FALSE,25,51,1.2371698459355711,1.033631139760339,2.8862456540773223,-0.6165832624734935,0.2987409804868379,1.2799644885561445,3.022922915786454,0.34565434565434566,21.71238755809737,0.7518451559821508,0.7964071856287425,0.12218466729505023
pre_covid,8,7,8,ok,1.0105249196033776,NA,volatilidade_juros,permute,TRUE,19,57,1.00105247592358,0.6475399197299979,2.508030361085609,-1.1855879775393827,0.23243838109455625,2.226777445105351,2.3009461240537874,0.7832167832167832,41.373946214112564,0.037899553050915476,0.18762475049900199,0.21255018408614032
pre_covid,8,7,8,ok,1.0105249196033776,2018-02-01,quebra_livre,rotate,TRUE,23,53,1.4618363140124488,1.0755518555053403,2.928717699542764,-0.6767744588335239,0.3765443222550087,2.0668268191676793,3.532313195049047,0.24875124875124874,25.87388004964152,0.525608374505122,0.7045908183632734,0.1773847363055455
pre_covid,8,8,5,ok,1.0012398235443114,NA,calendario,permute,TRUE,52,27,3.4154250532883195,1.744821346432774,8.033493449679344,-2.326378076677021,0.38459478283565807,2.5673015946346105,2.078071683148893,0.23076923076923078,32.26383588054963,0.6008895248206036,0.8303393213572854,0.048800579056242924
pre_covid,8,8,5,regime_unavailable,NA,NA,episodio_s2,NA,NA,NA,NA,NA,NA,NA,NA,NA,NA,NA,NA,NA,NA,NA,NA
pre_covid,8,8,5,ok,1.0012398235443114,NA,intensidade_z,permute,FALSE,26,53,7.230173823017018,2.6891111961356167,16.029060748611013,-1.6332380471960934,0.5251134684337819,2.631649225541781,3.559332967458993,0.008991008991008992,43.22821131530008,0.1601522846973653,0.5329341317365269,0.13552221049737892
pre_covid,8,8,5,ok,1.0012398235443114,NA,volatilidade_juros,permute,TRUE,20,59,6.829407750128031,2.3154929139756844,16.206047561223937,-2.2413937783813025,0.5231231884433707,2.7249439889928135,2.9439489338410034,0.054945054945054944,46.66319478578675,0.08988192687150004,0.5848303393213573,0.19045914948540366
pre_covid,8,8,5,ok,1.0012398235443114,2015-06-01,quebra_livre,rotate,TRUE,55,24,5.36959025464036,3.4094868649308645,9.17863078240661,-3.132380778202741,0.45425582945398846,5.3714278550914445,4.308938441302832,9.99000999000999e-4,67.20171650893222,8.566060277648797e-4,0.24550898203592814,0.1475191224043467
pre_covid,8,8,6,ok,1.0004213610615593,NA,calendario,permute,TRUE,52,26,2.1966191362852063,1.3513352824564313,4.904265563799704,-1.771898606028584,0.3441177132333295,1.7750262043541662,2.270521492997459,0.2817182817182817,49.0019704453668,0.05835357153860345,0.4491017964071856,0.026965831931623607
pre_covid,8,8,6,regime_unavailable,NA,NA,episodio_s2,NA,NA,NA,NA,NA,NA,NA,NA,NA,NA,NA,NA,NA,NA,NA,NA
pre_covid,8,8,6,ok,1.0004213610615593,NA,intensidade_z,permute,FALSE,26,52,3.1172045062289206,1.7375750099845964,7.479949950342455,-1.5592768734938716,0.41317366103439324,2.3817334371711105,2.9109215412951674,0.13286713286713286,42.130130796078234,0.1897283355285585,0.5209580838323353,0.07235057733174506
pre_covid,8,8,6,ok,1.0004213610615593,NA,volatilidade_juros,permute,TRUE,20,58,2.9818925544162678,1.0262067173117582,7.961257928324727,-1.4090161144202926,0.41676125167205963,2.4358759172058004,2.1010843599518885,0.26173826173826176,36.58595300081196,0.39501889044529753,0.6726546906187625,0.11017284712681584
pre_covid,8,8,6,ok,1.0004213610615593,2018-04-01,quebra_livre,rotate,TRUE,21,57,3.624053151643661,1.0261638081900402,8.401381579648486,-1.1394681150883679,0.4869914083746214,4.1314249942502,2.3830743232894136,0.07992007992007992,42.465616195955135,0.1803009204367976,0.6007984031936128,0.07954636707875921
pre_covid,8,8,7,ok,0.9967900156784064,NA,calendario,permute,TRUE,51,26,1.5611810983708043,0.9164028110142329,3.551363632757967,-1.294638438904499,0.34150820775347507,2.183643758139768,2.0274994343166033,0.20279720279720279,45.65550784409141,0.10725151867072134,0.34930139720558884,0.0740735352031013
pre_covid,8,8,7,regime_unavailable,NA,NA,episodio_s2,NA,NA,NA,NA,NA,NA,NA,NA,NA,NA,NA,NA,NA,NA,NA,NA
pre_covid,8,8,7,ok,0.9967900156784064,NA,intensidade_z,permute,FALSE,26,51,1.7622143969207442,0.9600077264671268,3.624174484828642,-1.2576488981401939,0.42344517108995133,3.0980263749499266,2.480755117057603,0.20679320679320679,33.62194442299016,0.5346127392763141,0.7225548902195609,0.11737584039374312
pre_covid,8,8,7,ok,0.9967900156784064,NA,volatilidade_juros,permute,TRUE,19,58,0.8765479245771175,0.43445266488909023,3.6533214003081182,-0.9422529849494599,0.2557126484874093,2.401153889773083,1.4841120711965214,0.7722277722277723,37.09732879263405,0.3724997579763491,0.6187624750499002,0.11038821601064974
pre_covid,8,8,7,ok,0.9967900156784064,2015-07-01,quebra_livre,rotate,TRUE,54,23,2.2886862879161987,1.3922027644970223,3.80621749730794,-0.8792681277062666,0.46939520386316436,2.414343583818623,2.858521479120534,0.016983016983016984,46.50346577305528,0.09247059376623827,0.49500998003992014,0.2117662328997212
pre_covid,8,8,8,ok,1.0105249196033776,NA,calendario,permute,TRUE,50,26,0.9403604263174106,0.5624534170250244,2.1031768724786324,-1.2176956655858897,0.31088181668349085,2.237178829770891,2.0281590588610086,0.2777222777222777,65.2658523876508,0.0014261546201212527,0.1536926147704591,0.22647610130729395
pre_covid,8,8,8,regime_unavailable,NA,NA,episodio_s2,NA,NA,NA,NA,NA,NA,NA,NA,NA,NA,NA,NA,NA,NA,NA,NA
pre_covid,8,8,8,ok,1.0105249196033776,NA,intensidade_z,permute,FALSE,25,51,0.9089563909708641,0.47370208459662805,2.1293551207991803,-0.6560433782877932,0.39507508150783494,3.1340313146552248,2.1333919017805982,0.34765234765234765,37.49379323327876,0.35546960519637194,0.5708582834331337,0.06659124667673401
pre_covid,8,8,8,ok,1.0105249196033776,NA,volatilidade_juros,permute,TRUE,19,57,0.5497331717668179,0.20305204537210458,1.9962444205916903,-1.0352057750182855,0.24968912191614817,4.6506331884261956,1.3735306425884946,0.7512487512487512,46.81793761861425,0.08743113724892942,0.3712574850299401,0.18428457439911755
pre_covid,8,8,8,ok,1.0105249196033776,2015-06-01,quebra_livre,rotate,TRUE,55,21,1.569775076927706,0.9033602308792485,2.5699778048315407,-0.27496499053928175,0.6510628298094938,5.193913760533783,2.500875551086981,0.028971028971028972,42.52060867469789,0.17878867874571897,0.5568862275449101,0.18439451302493598
